Date,Category,Rejected Cat 1,Rejected Cat 2,Puzzle,Letters,Prize,Win?,Notes,Season
"September 3, 2001",On the Map,NA,NA,URUGUAY,H C M I,"$25,000",No,NA,19
"September 4, 2001",Phrase,NA,NA,I FIBBED,C D M A,Chevrolet Tahoe,No,NA,19
"September 5, 2001",Phrase,NA,NA,TUCK IT AWAY,K M D A,"$25,000",Yes,NA,19
"September 6, 2001",Title,NA,NA,JAWS,F C M I,"$25,000",Yes,NA,19
"September 7, 2001",Around the House,NA,NA,DIXIE CUPS,B H K A,"$25,000",No,NA,19
"September 10, 2001",Living Thing,NA,NA,JAYBIRD,C H M A,"$25,000",No,NA,19
"September 11, 2001",Phrase,NA,NA,I BRANCHED OUT,B G F A,"$25,000",No,NA,19
"September 12, 2001",Phrase,NA,NA,GIVE ME A HUG,G M C A,"$25,000",Yes,NA,19
"September 13, 2001",Around the House,NA,NA,MUFFIN PAN,H P C A,Toyota MR2 Spyder,No,NA,19
"September 14, 2001",Rhyme Time,NA,NA,GOOF-PROOF,P M A B,Toyota MR2 Spyder,No,NA,19
"September 17, 2001",Event,NA,NA,POKER NIGHT,C D M O,Toyota 4Runner,Yes,NA,19
"September 18, 2001",Thing,NA,NA,THAI FOOD,H M D I,Toyota 4Runner,Yes,NA,19
"September 19, 2001",Around the House,NA,NA,PIGGY BANK,M P D A,Toyota 4Runner,No,NA,19
"September 20, 2001",Proper Name,NA,NA,GARTH BROOKS,H B K A,Volkswagen New Beetle,Yes,NA,19
"September 21, 2001",Around the House,NA,NA,WINDEX,C D K O,"$25,000",No,NA,19
"September 24, 2001",Around the House,NA,NA,MOUTHWASH,C H A D,Ford Mustang convertible,No,NA,19
"September 25, 2001",On the Map,NA,NA,KODIAK ALASKA,P C D I,Ford Mustang convertible,No,NA,19
"September 26, 2001",Phrase,NA,NA,DON'T PUT IT OFF,C D W A,Ford Mustang convertible,No,NA,19
"September 27, 2001",On the Map,NA,NA,PHOENIX,P H B O,Jeep Wrangler,Yes,NA,19
"September 28, 2001",Living Thing,NA,NA,A FAWN,D M C A,"$25,000",No,NA,19
"October 1, 2001",Phrase,NA,NA,HOOK IT UP,W P C A,Volvo convertible,No,NA,19
"October 2, 2001",Living Thing,NA,NA,BABOON,D M P O,Ford Escape,No,NA,19
"October 3, 2001",Person,NA,NA,PLAINTIFF,B C D A,Acura CL,No,NA,19
"October 4, 2001",Phrase,NA,NA,IT'S SHOCKING,G P H I,Ford Escape,Yes,NA,19
"October 5, 2001",People,NA,NA,GUYS,B W P A,Volvo convertible,No,NA,19
"October 8, 2001",Place,NA,NA,PRAIRIE,B H C I,"$25,000",Yes,NA,19
"October 9, 2001",Thing,NA,NA,VINEGAR,D G C A,Land Rover,Yes,NA,19
"October 10, 2001",Event,NA,NA,A LUCKY BREAK,G D P A,Land Rover,Yes,NA,19
"October 11, 2001",Event,NA,NA,FLY-FISHING,G I P C,"$25,000",Yes,NA,19
"October 12, 2001",Around the House,NA,NA,POTPOURRI,C P G O,Land Rover,Yes,NA,19
"October 15, 2001",Occupation,NA,NA,BAILIFF,M D P A,Saab Convertible,No,NA,19
"October 16, 2001",Event,NA,NA,PAY HIKE,B D M O,Audi A4,No,NA,19
"October 17, 2001",Things,NA,NA,BABY BACK RIBS,D M P O,"$25,000",No,NA,19
"October 18, 2001",Phrase,NA,NA,I'M SO GIDDY,H P M I,Toyota 4Runner,Yes,NA,19
"October 19, 2001",On the Map,NA,NA,BRASILIA,P B C I,"$25,000",Yes,NA,19
"October 22, 2001",On the Map,NA,NA,QUEBEC,D G H I,Honda Accord,No,NA,19
"October 23, 2001",Thing,NA,NA,THIGHBONE,B D M I,"$25,000",No,NA,19
"October 24, 2001",Place,NA,NA,THE FAIRWAY,M B D O,"$25,000",No,NA,19
"October 25, 2001",Thing,NA,NA,DOORJAMB,F Y B A,"$25,000",No,NA,19
"October 26, 2001",Living Thing,NA,NA,PENGUIN,C M P A,Honda Accord,Yes,NA,19
"October 29, 2001",On the Map,NA,NA,JUNEAU,M H C O,Volkswagen Jetta,No,NA,19
"October 30, 2001",Phrase,NA,NA,OUT OF WHACK,M A C D,"$25,000",No,NA,19
"October 31, 2001",Fictional Character,NA,NA,HOBGOBLIN,C M P I,Volkswagen Jetta,No,NA,19
"November 1, 2001",Person,NA,NA,PSYCHIC,D C M A,"$25,000",No,NA,19
"November 2, 2001",Phrase,NA,NA,IN A JIFFY,C M P A,"$25,000",No,NA,19
"November 5, 2001",Thing,NA,NA,PAY PHONE,C D P A,Chrysler Sebring,No,NA,19
"November 6, 2001",Things,NA,NA,CHICKEN WINGS,C H W I,"$25,000",Yes,NA,19
"November 7, 2001",Event,NA,NA,YACHTING,M K P A,BMW Z3,No,NA,19
"November 8, 2001",Thing,NA,NA,VIOLIN,C D P A,"$25,000",No,NA,19
"November 9, 2001",Thing,NA,NA,CLIPBOARD,C M P A,"$25,000",No,NA,19
"November 12, 2001",Thing,NA,NA,GIFT BOX,H C P I,"$25,000",No,NA,19
"November 13, 2001",Phrase,NA,NA,I'M JOKING,M G C I,Ford Explorer,Yes,NA,19
"November 14, 2001",Living Thing,NA,NA,LADYBUG,F D M O,Ford Explorer,No,NA,19
"November 15, 2001",Phrase,NA,NA,HIGH IN FIBER,C D K I,"$25,000",No,NA,19
"November 16, 2001",Person,NA,NA,MOVIE BUFF,D M P I,"$25,000",No,NA,19
"November 19, 2001",Things,NA,NA,HOBBIES,F H P O,"$25,000",Yes,NA,19
"November 20, 2001",Person,NA,NA,BLABBERMOUTH,C Y B A,Pair of Volkswagen Cabrios,Yes,NA,19
"November 21, 2001",Place,NA,NA,BANK VAULT,C D B A,"$25,000",Yes,NA,19
"November 22, 2001",Around the House,NA,NA,WAX PAPER,C M D A,Pair of Jeep Libertys,Yes,NA,19
"November 23, 2001",Thing,NA,NA,BABY FACE,C M B A,Pair of Volkswagen Cabrios,Yes,NA,19
"November 26, 2001",Phrase,NA,NA,TIGHT-LIPPED,C M H A,Nissan Pathfinder,Yes,NA,19
"November 27, 2001",Phrase,NA,NA,I'M BUSHED,M F P I,"$25,000",No,NA,19
"November 28, 2001",Around the House,NA,NA,CHEX MIX,O D C M,"$25,000",No,NA,19
"November 29, 2001",Phrase,NA,NA,ARE YOU AWAKE?,P C M A,"$25,000",No,NA,19
"November 30, 2001",Phrase,NA,NA,DON'T FIDGET,Y D C O,Audi A6,Yes,NA,19
"December 3, 2001",On the Map,NA,NA,BALI,D C M O,"$25,000",Yes,NA,19
"December 4, 2001",Thing,NA,NA,JUNK FOOD,K B H A,"$25,000",Yes,NA,19
"December 5, 2001",Thing,NA,NA,A RIPE MANGO,D C K A,"$25,000",No,NA,19
"December 6, 2001",Person,NA,NA,A VIRGO,G M D A,Porsche Boxster,No,NA,19
"December 7, 2001",Occupation,NA,NA,BUSBOY,D H C I,"$25,000",No,NA,19
"December 10, 2001",Phrase,NA,NA,FINISH UP,B H P I,"$25,000",Yes,NA,19
"December 11, 2001",Around the House,NA,NA,FUSE BOX,H C M A,Mercedes SLK,No,NA,19
"December 12, 2001",Show Biz,NA,NA,A SIGHT GAG,P D M I,Jaguar X-Type,No,NA,19
"December 13, 2001",Thing,NA,NA,TAKE-HOME PAY,P C M A,"$25,000",No,NA,19
"December 14, 2001",Proper Name,NA,NA,NAOMI JUDD,M C D A,"$25,000",Yes,NA,19
"December 17, 2001",Phrase,NA,NA,IT'S PUZZLING,C D M O,"$25,000",No,NA,19
"December 18, 2001",Thing,NA,NA,FRIZZY HAIR,D M P A,"$25,000",No,NA,19
"December 19, 2001",Thing,NA,NA,A HAPPY MEAL,P M H A,"$100,000",Yes,NA,19
"December 20, 2001",Around the House,NA,NA,BATHTUB,C D P A,"$25,000",No,NA,19
"December 21, 2001",Thing,NA,NA,WORKBOOK,P D M A,"$25,000",No,NA,19
"December 24, 2001",Phrase,NA,NA,HOUR BY HOUR,C D P O,"$25,000",No,NA,19
"December 25, 2001",Thing,NA,NA,RICE PILAF,C D B A,Chevrolet Camaro,Yes,NA,19
"December 26, 2001",Thing,NA,NA,GLAZED HAM,P M D A,"$25,000",No,NA,19
"December 27, 2001",Around the House,NA,NA,GAS LOG,B C D I,Chevrolet Avalanche,No,NA,19
"December 28, 2001",Phrase,NA,NA,I'M BLUFFING,C D M I,"$25,000",No,NA,19
"December 31, 2001",Phrase,NA,NA,FIX IT,M C B A,Audi TT,No,NA,19
"January 1, 2002",Things,NA,NA,PAIL & SHOVEL,C P G O,"$25,000",Yes,NA,19
"January 2, 2002",Person,NA,NA,IRISHMAN,P C D O,"$25,000",No,NA,19
"January 3, 2002",Thing,NA,NA,A BEIGE COAT,D M C O,Audi TT,No,NA,19
"January 4, 2002",Person,NA,NA,A BUSYBODY,C P H A,"$25,000",No,NA,19
"January 7, 2002",Phrase,NA,NA,DON'T BE PUSHY,D W C O,"$25,000",No,NA,19
"January 8, 2002",Thing,NA,NA,A PAGER,B P C A,Chevrolet Tahoe,Yes,NA,19
"January 9, 2002",Thing,NA,NA,A FIRM GRIP,C D M A,"$25,000",Yes,NA,19
"January 10, 2002",Phrase,NA,NA,HAVE FUN,W G H I,"$25,000",Yes,NA,19
"January 11, 2002",Fictional Characters,NA,NA,DOC & BASHFUL,H M B A,Chevrolet Blazer,Yes,NA,19
"January 14, 2002",Place,NA,NA,FISHPOND,M P H A,"$100,000",No,NA,19
"January 15, 2002",Phrase,NA,NA,YOU WIN,C D M A,"$25,000",No,NA,19
"January 16, 2002",Event,NA,NA,JOB-HUNTING,D P M O,"$25,000",No,NA,19
"January 17, 2002",Thing,NA,NA,CRUMB CAKE,C B D A,Jeep Wrangler,Yes,NA,19
"January 18, 2002",Thing,NA,NA,SOUP BOWL,P K H I,"$25,000",No,NA,19
"January 21, 2002",Thing,NA,NA,A WINK,C D H I,"$100,000",No,NA,19
"January 22, 2002",Phrase,NA,NA,NOT TOO SHABBY,C P D O,"$25,000",No,NA,19
"January 23, 2002",Event,NA,NA,A GUSTY DAY,A Y C D,"$25,000",Yes,NA,19
"January 24, 2002",Phrase,NA,NA,I'LL FAKE IT,M K P I,"$25,000",Yes,NA,19
"January 25, 2002",Living Thing,NA,NA,BOBCAT,H G D O,"$25,000",No,NA,19
"January 28, 2002",On the Map,NA,NA,YOUNGSTOWN,C M H O,"$25,000",No,NA,19
"January 29, 2002",Thing,NA,NA,A TEACUP,M P H A,"$25,000",Yes,NA,19
"January 30, 2002",Things,NA,NA,TIDBITS,C H M A,"$25,000",No,NA,19
"January 31, 2002",Living Things,NA,NA,PUPPIES,G M D I,"$25,000",No,NA,19
"February 1, 2002",Fictional Character,NA,NA,THE JOKER,J K H O,"$25,000",Yes,NA,19
"February 4, 2002",On the Map,NA,NA,TRIPOLI,M I B D,"$25,000",Yes,NA,19
"February 5, 2002",Person,NA,NA,A DUKE,P H M I,"$25,000",No,NA,19
"February 6, 2002",Phrase,NA,NA,HIP HIP HOORAY,C M P O,"$25,000",Yes,NA,19
"February 7, 2002",Phrase,NA,NA,DON'T BRAG,C D F U,"$25,000",No,NA,19
"February 8, 2002",Thing,NA,NA,A BIRDHOUSE,D P M I,"$25,000",Yes,NA,19
"February 11, 2002",Event,NA,NA,A BAKE-OFF,C D M I,"$25,000",No,NA,19
"February 12, 2002",Phrase,NA,NA,INCH BY INCH,F G C O,"$25,000",Yes,NA,19
"February 13, 2002",Place,NA,NA,KARAOKE BAR,F M D O,"$25,000",No,NA,19
"February 14, 2002",Phrase,NA,NA,I FIGURED,C M G A,"$25,000",Yes,NA,19
"February 15, 2002",Thing,NA,NA,A DAIQUIRI,C M D I,"$25,000",Yes,NA,19
"February 18, 2002",Things,NA,NA,PEAK HOURS,M P C A,Chrysler PT Cruiser,No,NA,19
"February 19, 2002",Phrase,NA,NA,I JUST MIGHT,P F C A,"$30,000",No,NA,19
"February 20, 2002",Phrase,NA,NA,I GOT A JOB,G D M A,"$25,000",No,NA,19
"February 21, 2002",Thing,NA,NA,A HOUSE KEY,M C D A,Chrysler PT Cruiser,No,NA,19
"February 22, 2002",Event,NA,NA,A BIG WIN,P C M I,"$25,000",No,NA,19
"February 25, 2002",Phrase,NA,NA,I'M BLUSHING,F I G C,"$25,000",Yes,NA,19
"February 26, 2002",Living Thing,NA,NA,A CUDDLY DOG,P C H O,Pair of Ford Explorers,No,NA,19
"February 27, 2002",Phrase,NA,NA,YOU MAY BEGIN,M D P A,Pair of Jaguar X-Types,No,NA,19
"February 28, 2002",Thing,NA,NA,A PUZZLE,M D P A,Pair of Chrysler PT Cruisers,Yes,NA,19
"March 1, 2002",Phrase,NA,NA,I CAN'T KNOCK IT,D K C O,"$25,000",Yes,NA,19
"March 4, 2002",Living Thing,NA,NA,A GREYHOUND,C H M A,Dodge Durango,No,NA,19
"March 5, 2002",On the Map,NA,NA,PRAGUE,G H M I,"$25,000",No,NA,19
"March 6, 2002",Person,NA,NA,THE SKIPPER,H C D A,Mazda Miata,No,NA,19
"March 7, 2002",Things,NA,NA,HABITS,C D M I,"$25,000",No,NA,19
"March 8, 2002",Thing,NA,NA,A TOPAZ RING,C K M I,"$25,000",No,NA,19
"March 11, 2002",Phrase,NA,NA,IT WON'T BUG ME,M D C I,"$25,000",No,NA,19
"March 12, 2002",Phrase,NA,NA,I'M ANXIOUS,M G C I,"$25,000",No,NA,19
"March 13, 2002",Phrase,NA,NA,HOW LUCKY,M C H A,"$25,000",No,NA,19
"March 14, 2002",Proper Name,NA,NA,KOBE BRYANT,D G B O,Lexus convertible,Yes,NA,19
"March 15, 2002",Things,NA,NA,SPARK PLUGS,D M P A,"$25,000",Yes,NA,19
"March 18, 2002",Rhyme Time,NA,NA,NAMBY-PAMBY,C D Y A,"$25,000",Yes,NA,19
"March 19, 2002",Proper Name,NA,NA,JIM BELUSHI,M D C O,BMW Z3,No,NA,19
"March 20, 2002",Thing,NA,NA,AN ARTICHOKE,H P C I,"$25,000",No,NA,19
"March 21, 2002",Thing,NA,NA,A PIPE,D M H A,"$25,000",No,NA,19
"March 22, 2002",Event,NA,NA,YAWNING,D C M A,Toyota MR2 Spyder,No,NA,19
"March 25, 2002",People,NA,NA,THE WHOLE GANG,C D M A,Saab convertible,No,NA,19
"March 26, 2002",Phrase,NA,NA,WHAT A BARGAIN,C D Y A,"$25,000",No,NA,19
"March 27, 2002",On the Map,NA,NA,IOWA CITY,D C H A,"$25,000",No,NA,19
"March 28, 2002",Phrase,NA,NA,SOAK IT UP,P Z M I,Volvo convertible,Yes,NA,19
"March 29, 2002",Things,NA,NA,PEACH & PLUM,C F B A,"$25,000",No,NA,19
"April 1, 2002",Phrase,NA,NA,DON'T GOOF OFF,D M P O,"$25,000",No,NA,19
"April 2, 2002",Living Things,NA,NA,MAGNOLIAS,Y M H A,Ford Explorer,No,NA,19
"April 3, 2002",Around the House,NA,NA,A FRUIT JAR,D C M A,"$25,000",No,NA,19
"April 4, 2002",Phrase,NA,NA,I'LL PROVE IT,B C G I,Ford Explorer,Yes,NA,19
"April 5, 2002",On the Map,NA,NA,BAVARIA,G M D A,Ford Mustang,No,NA,19
"April 8, 2002",Phrase,NA,NA,YOU'RE WITTY,B Y P O,"$25,000",No,NA,19
"April 9, 2002",Phrase,NA,NA,HAVE FAITH,F C D A,Jaguar X-Type,Yes,NA,19
"April 10, 2002",On the Map,NA,NA,KEY BISCAYNE,C D H A,"$25,000",Yes,NA,19
"April 11, 2002",Proper Name,NA,NA,JON VOIGHT,D C M A,"$25,000",No,NA,19
"April 12, 2002",Things,NA,NA,SOAP BUBBLES,M P D I,Porche Boxster,No,NA,19
"April 15, 2002",Thing,NA,NA,PLYWOOD,C M P O,"$25,000",Yes,NA,19
"April 16, 2002",Place,NA,NA,A GULF,A B C D,"$25,000",No,NA,19
"April 17, 2002",Thing,NA,NA,A GRAB BAG,F M D A,"$25,000",Yes,NA,19
"April 18, 2002",Thing,NA,NA,A TROPHY,D M P U,"$25,000",No,NA,19
"April 19, 2002",Living Thing,NA,NA,A PONY,B C D A,"$25,000",Yes,NA,19
"April 22, 2002",Things,NA,NA,VIVID COLORS,C D M A,Chevrolet Corvette convertible,Yes,NA,19
"April 23, 2002",Thing,NA,NA,A GOOD LAUGH,C P D A,"$25,000",No,NA,19
"April 24, 2002",Thing,NA,NA,A BIRDBATH,P G H A,"$25,000",No,NA,19
"April 25, 2002",People,NA,NA,HOCKEY FANS,C D M A,"$25,000",No,NA,19
"April 26, 2002",Title,NA,NA,FAMILY FEUD,M D Y A,Lifetime supply of 76 gasoline,Yes,NA,19
"April 29, 2002",Phrase,NA,NA,I'M TICKLISH,M C P A,Pair of Volkswagen New Beetles,Yes,NA,19
"April 30, 2002",Phrase,NA,NA,VERY FUNNY,M C B A,Pair of Jeep Libertys,No,NA,19
"May 1, 2002",Proper Name,NA,NA,JON BON JOVI,C D M A,"$25,000",No,NA,19
"May 2, 2002",Proper Name,NA,NA,ELIJAH WOOD,H D M O,"$25,000",Yes,NA,19
"May 3, 2002",Thing,NA,NA,A MOPED,C M D A,"$25,000",No,NA,19
"May 6, 2002",Thing,NA,NA,A GIFT CARD,W M K A,"$25,000",No,NA,19
"May 7, 2002",Phrase,NA,NA,I'M HOPEFUL,D C M O,"$25,000",Yes,NA,19
"May 8, 2002",Around the House,NA,NA,BABY SHAMPOO,H D C A,"$25,000",No,NA,19
"May 9, 2002",Thing,NA,NA,BREAD DOUGH,M P G A,Toyota Sequoia,No,NA,19
"May 10, 2002",Things,NA,NA,WIND CHIMES,C D M I,"$25,000",Yes,NA,19
"May 13, 2002",Thing,NA,NA,JUICY FRUIT,M C A P,"$25,000",No,NA,19
"May 14, 2002",Phrase,NA,NA,I'M CURIOUS,M C D U,"$25,000",Yes,NA,19
"May 15, 2002",Phrase,NA,NA,HANG TOUGH,H K M O,"$25,000",No,NA,19
"May 16, 2002",Phrase,NA,NA,HAPPY TO HELP,H P D O,Land Rover Freelander,Yes,NA,19
"May 17, 2002",Person,NA,NA,PARTYGOER,C M P I,Land Rover Freelander,No,NA,19
"May 20, 2002",Place,NA,NA,DUGOUT,C H M A,"$100,000",No,NA,19
"May 21, 2002",Thing,NA,NA,GUACAMOLE DIP,G H B O,Chevrolet Blazer,No,NA,19
"May 22, 2002",Thing,NA,NA,A GOLF BAG,C D P A,"$25,000",Yes,NA,19
"May 23, 2002",Place,NA,NA,THE BANK,H C D I,"$25,000",No,NA,19
"May 24, 2002",Thing,NA,NA,HUMIDITY,C D M I,Chevrolet Corvette,No,NA,19
"May 27, 2002",Thing,NA,NA,A HYPHEN,D M C A,"$25,000",No,NA,19
"May 28, 2002",Event,NA,NA,FLAG DAY,C W D I,"$25,000",No,NA,19
"May 29, 2002",Thing,NA,NA,A FISH BOWL,P H M A,Land Rover Discovery Series II,Yes,NA,19
"May 30, 2002",Phrase,NA,NA,JUST FOR KICKS,J F K I,"$25,000",Yes,NA,19
"May 31, 2002",Thing,NA,NA,SHAVED ICE,P C M I,"$25,000",Yes,NA,19
"September 2, 2002",Thing,NA,NA,SHAVING KIT,D G H O,"$25,000",No,NA,20
"September 3, 2002",Living Thing,NA,NA,A PIGEON,D C A M,"$35,000",No,NA,20
"September 4, 2002",Phrase,NA,NA,VACUUM-PACKED,P C M A,"$25,000",No,NA,20
"September 5, 2002",Event,NA,NA,A JOY RIDE,B C D A,"$25,000",No,NA,20
"September 6, 2002",Phrase,NA,NA,I'M KEEPING IT,M D G I,Ford Thunderbird,No,NA,20
"September 9, 2002",Occupation,NA,NA,SAFARI GUIDE,M C H A,"$100,000",No,NA,20
"September 10, 2002",Phrase,NA,NA,PROFITS ARE UP,C D M A,"$25,000",No,NA,20
"September 11, 2002",Living Things,NA,NA,HAWKS,F G K O,"$25,000",No,NA,20
"September 12, 2002",Event,NA,NA,NODDING OFF,C D G A,"$25,000",No,NA,20
"September 13, 2002",Person,NA,NA,A SPOKESMAN,M B A C,"$25,000",No,NA,20
"September 16, 2002",Event,NA,NA,HAPPY HOUR,C D M A,Ford Explorer,No,NA,20
"September 17, 2002",Things,NA,NA,CHIVES,C D M A,"$25,000",No,NA,20
"September 18, 2002",Thing,NA,NA,BRICK WALL,B M G A,"$25,000",No,NA,20
"September 19, 2002",Thing,NA,NA,POGO STICK,M D P O,"$50,000",Yes,NA,20
"September 20, 2002",Fictional Character,NA,NA,ALI BABA,D M P O,"$25,000",No,NA,20
"September 23, 2002",Phrase,NA,NA,THINK AGAIN,H C M I,"$25,000",No,NA,20
"September 24, 2002",Living Thing,NA,NA,IGUANA,D G P I,"$45,000",Yes,NA,20
"September 25, 2002",Thing,NA,NA,A VISOR,M C J A,"$25,000",No,NA,20
"September 26, 2002",Things,NA,NA,PAPAYAS,C D M A,"$25,000",No,NA,20
"September 27, 2002",Rhyme Time,NA,NA,FINE WINE,F W C I,"$25,000",Yes,NA,20
"September 30, 2002",On the Map,NA,NA,YUGOSLAVIA,C M D A,"$40,000",Yes,NA,20
"October 1, 2002",Phrase,NA,NA,NOW HIRING,W C J O,"$40,000",No,NA,20
"October 2, 2002",Event,NA,NA,SKIPPING,C H M O,Jeep Liberty,No,NA,20
"October 3, 2002",Thing,NA,NA,PACIFIER,C M D A,Lexus convertible,No,NA,20
"October 4, 2002",Phrase,NA,NA,GOOD GRIEF,D M P A,Jeep Liberty,No,NA,20
"October 7, 2002",Thing,NA,NA,PUNCH BOWL,G D C A,"$100,000",No,NA,20
"October 8, 2002",Thing,NA,NA,PAYCHECK,D B M A,"$30,000",No,NA,20
"October 9, 2002",Phrase,NA,NA,I'M HUNGRY,M H G I,"$35,000",Yes,NA,20
"October 10, 2002",Things,NA,NA,BOOK PAGES,C M D A,"$25,000",No,NA,20
"October 11, 2002",Person,NA,NA,NEIGHBOR,W C M O,Volvo S40,No,NA,20
"October 14, 2002",Thing,NA,NA,MINIVAN,D P M O,"$25,000",No,NA,20
"October 15, 2002",Living Things,NA,NA,GUPPIES,P M C I,Saturn Vue,Yes,NA,20
"October 16, 2002",Living Things,NA,NA,FAWNS,B C M O,"$50,000",No,NA,20
"October 17, 2002",Around the House,NA,NA,COAT HOOK,D M W A,"$45,000",No,NA,20
"October 18, 2002",Event,NA,NA,HAVING A BABY,C M D O,Chrysler PT Cruiser,No,NA,20
"October 21, 2002",Living Thing,NA,NA,A DAISY,P C H O,Land Rover,No,NA,20
"October 22, 2002",Person,NA,NA,OLYMPIAN,P C G A,"$25,000",No,NA,20
"October 23, 2002",Place,NA,NA,SUBURB,C P H A,"$25,000",No,NA,20
"October 24, 2002",Thing,NA,NA,EXHIBIT,V D F A,Audi TT,No,NA,20
"October 25, 2002",Thing,NA,NA,A WISH,F A C K,"$25,000",No,NA,20
"October 28, 2002",Event,NA,NA,OCEAN VOYAGE,G B C A,"$35,000",No,NA,20
"October 29, 2002",People,NA,NA,COWBOYS,B P D A,Toyota MR2 Spyder,No,NA,20
"October 30, 2002",Thing,NA,NA,SHINY HAIR,D H M O,"$25,000",Yes,NA,20
"October 31, 2002",Thing,NA,NA,A RHYME,C G M O,"$25,000",Yes,NA,20
"November 1, 2002",On the Map,NA,NA,HUNGARY,D G P I,"$25,000",Yes,NA,20
"November 4, 2002",Living Things,NA,NA,HUSKIES,K B P O,Mercedes C230,Yes,NA,20
"November 5, 2002",On the Map,NA,NA,BOLIVIA,B D F A,"$25,000",Yes,NA,20
"November 6, 2002",Thing,NA,NA,SKI JUMP,C G B I,"$25,000",Yes,NA,20
"November 7, 2002",Phrase,NA,NA,ROUGHING IT,M D C O,"$25,000",No,NA,20
"November 8, 2002",Thing,NA,NA,A BRIDGE,C D M A,"$25,000",No,NA,20
"November 11, 2002",Place,NA,NA,THRIFT SHOP,C D H A,"$25,000",Yes,NA,20
"November 12, 2002",Phrase,NA,NA,WAKE UP,M P D I,Nissan Xterra,Yes,NA,20
"November 13, 2002",Thing,NA,NA,CORKBOARD,C M P O,"$25,000",No,NA,20
"November 14, 2002",Things,NA,NA,CHICKEN FAJITAS,C M H O,"$25,000",No,NA,20
"November 15, 2002",Things,NA,NA,AUDIO & VIDEO,C P H A,"$25,000",No,NA,20
"November 18, 2002",Thing,NA,NA,MAILBOX,C P B A,"$25,000",No,NA,20
"November 19, 2002",Phrase,NA,NA,SHRUG IT OFF,P D A M,Pair of Buick Rendezvous,No,NA,20
"November 20, 2002",People,NA,NA,HOMEBUYERS,C M D A,"$35,000",No,NA,20
"November 21, 2002",Things,NA,NA,THIGHS,C D M A,"$25,000",No,NA,20
"November 22, 2002",Event,NA,NA,SCRUBBING,P G B I,"$25,000",Yes,NA,20
"November 25, 2002",Thing,NA,NA,A BIKINI,G K C I,"$25,000",Yes,NA,20
"November 26, 2002",Thing,NA,NA,CUP OF FLOUR,F J M O,Saab convertible,Yes,NA,20
"November 27, 2002",Thing,NA,NA,A GAG GIFT,C D P O,Ford Thunderbird,No,NA,20
"November 28, 2002",Phrase,NA,NA,A FAIR SHAKE,C M P O,"$25,000",No,NA,20
"November 29, 2002",Thing,NA,NA,BEAR HUG,D G C O,"$25,000",No,NA,20
"December 2, 2002",Things,NA,NA,HOURLY WAGES,C F M A,"$35,000",No,NA,20
"December 3, 2002",Around the House,NA,NA,WORKBENCH,D M C O,"$25,000",Yes,NA,20
"December 4, 2002",Place,NA,NA,CAMPGROUND,D M C A,"$100,000",Yes,NA,20
"December 5, 2002",On the Map,NA,NA,PARAGUAY,M C D O,"$25,000",No,NA,20
"December 6, 2002",Person,NA,NA,SHIPMATE,C G P A,"$40,000",Yes,NA,20
"December 9, 2002",Event,NA,NA,FROWNING,G B P A,"$25,000",No,NA,20
"December 10, 2002",Thing,NA,NA,CHEWING GUM,D M C A,Audi TT,Yes,NA,20
"December 11, 2002",Living Thing,NA,NA,GIRAFFE,C K M O,"$50,000",No,NA,20
"December 12, 2002",Phrase,NA,NA,WAIT IT OUT,A B C D,"$100,000",No,NA,20
"December 13, 2002",Occupation,NA,NA,BOOKKEEPER,C P M O,Audi TT,Yes,NA,20
"December 16, 2002",Thing,NA,NA,BOOK REVIEW,P G M A,"$25,000",No,NA,20
"December 17, 2002",Things,NA,NA,RUBIES,C D M A,"$25,000",No,NA,20
"December 18, 2002",On the Map,NA,NA,FLAGSTAFF,C D M A,"$25,000",Yes,NA,20
"December 19, 2002",Phrase,NA,NA,PLUG IT IN,C G B I,"$25,000",Yes,NA,20
"December 20, 2002",Person,NA,NA,BOYFRIEND,C H M I,Mitsubishi Eclipse Spyder,No,NA,20
"December 23, 2002",Living Thing,NA,NA,MOCKINGBIRD,M C G I,Mazda Miata,Yes,NA,20
"December 24, 2002",Event,NA,NA,GIFT EXCHANGE,C D G O,"$25,000",No,NA,20
"December 25, 2002",Person,NA,NA,CHILD PRODIGY,H B F O,Mazda Miata,No,NA,20
"December 26, 2002",Place,NA,NA,OFFSTAGE,P C M O,Mazda Miata,No,NA,20
"December 27, 2002",Things,NA,NA,HIGH HOPES,C D M A,"$35,000",No,NA,20
"December 30, 2002",Living Thing,NA,NA,PEACOCK,D M W A,"$100,000",No,NA,20
"December 31, 2002",Thing,NA,NA,THICK FOG,C D M A,"$25,000",No,NA,20
"January 1, 2003",Things,NA,NA,HEIGHT & WEIGHT,D M C A,Cadillac CTS,No,NA,20
"January 2, 2003",Phrase,NA,NA,YOU'VE GOT SPUNK,W H P O,"$40,000",No,NA,20
"January 3, 2003",On the Map,NA,NA,SHANGHAI,H P M I,"$25,000",Yes,NA,20
"January 6, 2003",Thing,NA,NA,THE GOODYEAR BLIMP,C D M A,"$25,000",Yes,NA,20
"January 7, 2003",Phrase,NA,NA,STAMP OF APPROVAL,M P F O,"$25,000",Yes,NA,20
"January 8, 2003",On the Map,NA,NA,LUBBOCK,A D G P,"$30,000",No,NA,20
"January 9, 2003",People,NA,NA,CHAMPIONS,D P M I,Saab 9-3,Yes,NA,20
"January 10, 2003",Thing,NA,NA,PLAYBOOK,M D B I,Saab 9-3,No,NA,20
"January 13, 2003",On the Map,NA,NA,WICHITA,M C D A,Lincoln Navigator,Yes,NA,20
"January 14, 2003",Living Thing,NA,NA,DRAGONFLY,C Y M A,"$100,000",No,NA,20
"January 15, 2003",Phrase,NA,NA,I'M NOT BUDGING,C D G I,Lincoln Navigator,Yes,NA,20
"January 16, 2003",Things,NA,NA,BANKING HOURS,D M C A,Lincoln Navigator,No,NA,20
"January 17, 2003",Thing,NA,NA,SKETCHPAD,P B M O,"$35,000",No,NA,20
"January 20, 2003",Person,NA,NA,BODYGUARD,K D Y O,Acura MDX,Yes,NA,20
"January 21, 2003",On the Map,NA,NA,WINNIPEG,C P H I,"$50,000",No,NA,20
"January 22, 2003",Things,NA,NA,PLAID PAJAMAS,G K B O,Nissan 350Z,No,NA,20
"January 23, 2003",Living Thing,NA,NA,BLACKBIRD,B D H I,"$25,000",Yes,NA,20
"January 24, 2003",Phrase,NA,NA,IT WAS A FLUKE,K B M O,"$25,000",No,NA,20
"January 27, 2003",Thing,NA,NA,CURFEW,C H M A,"$25,000",No,NA,20
"January 28, 2003",Thing,NA,NA,HOMEWORK,C H I M,"$25,000",No,NA,20
"January 29, 2003",Phrase,NA,NA,ABOVE AND BEYOND,D M C A,"$25,000",No,NA,20
"January 30, 2003",Thing,NA,NA,YEARBOOK,P M D A,"$25,000",No,NA,20
"January 31, 2003",Around the House,NA,NA,BATHROBE,C F B A,"$35,000",Yes,NA,20
"February 3, 2003",Thing,NA,NA,SNOWPLOW,P M W O,Chevy Impala,Yes,NA,20
"February 4, 2003",Living Things,NA,NA,WOODCHUCKS,M H D O,Chevrolet Avalanche,Yes,NA,20
"February 5, 2003",Phrase,NA,NA,HOLD THE MAYO,M D H A,"$25,000",Yes,NA,20
"February 6, 2003",Things,NA,NA,FORK & KNIFE,F P M I,Chevy Impala,Yes,NA,20
"February 7, 2003",Thing,NA,NA,FOGHORN,B G H O,"$25,000",Yes,NA,20
"February 10, 2003",Thing,NA,NA,SOUP MUG,H D P O,"$30,000",Yes,NA,20
"February 11, 2003",Phrase,NA,NA,WE HIT IT OFF,B H D A,"$25,000",No,NA,20
"February 12, 2003",Phrase,NA,NA,PUPPY LOVE,A C D M,"$25,000",No,NA,20
"February 13, 2003",Living Things,NA,NA,SHRUBS,C B H U,Mercedes SLK,Yes,NA,20
"February 14, 2003",Thing,NA,NA,WIDOW'S PEAK,C D H A,"$25,000",No,NA,20
"February 17, 2003",Person,NA,NA,BOOKWORM,M F C A,"$25,000",Yes,NA,20
"February 18, 2003",Phrase,NA,NA,TWO OF A KIND,H P G O,"$25,000",Yes,NA,20
"February 19, 2003",Thing,NA,NA,DRAWBRIDGE,C M D O,"$35,000",No,NA,20
"February 20, 2003",Things,NA,NA,PARKA & GLOVES,C D M O,"$25,000",No,NA,20
"February 21, 2003",Fictional Characters,NA,NA,PLUTO & GOOFY,A C H P,"$100,000",No,NA,20
"February 24, 2003",Phrase,NA,NA,TAKE A BOW,C D M A,"$25,000",No,NA,20
"February 25, 2003",Event,NA,NA,WALKING THE DOG,P C H I,"$35,000",No,NA,20
"February 26, 2003",Thing,NA,NA,CROWBAR,G H C A,"$35,000",Yes,NA,20
"February 27, 2003",Phrase,NA,NA,MAKING WAVES,M F C A,"$35,000",Yes,NA,20
"February 28, 2003",Things,NA,NA,PIANO KEYS,B M F A,"$25,000",No,NA,20
"March 3, 2003",Occupation,NA,NA,BROKER,D B P I,"$40,000",Yes,NA,20
"March 4, 2003",Things,NA,NA,CHUBBY CHEEKS,C H M A,"$25,000",Yes,NA,20
"March 5, 2003",Around the House,NA,NA,DOORKNOB,D C B A,Pair of Infiniti G35s,Yes,NA,20
"March 6, 2003",Thing,NA,NA,CHURCH HYMN,B C G A,"$30,000",No,NA,20
"March 7, 2003",On the Map,NA,NA,FAIRBANKS,C M D O,"$50,000",No,NA,20
"March 10, 2003",Phrase,NA,NA,FULL OF MISCHIEF,H P G O,Lexus RX300,No,NA,20
"March 11, 2003",Thing,NA,NA,BEAUTY MARK,P H D A,"$50,000",No,NA,20
"March 12, 2003",Phrase,NA,NA,SHRINK-WRAPPED,P G D I,"$50,000",No,NA,20
"March 13, 2003",Thing,NA,NA,TAPIOCA PUDDING,C D P A,"$30,000",Yes,NA,20
"March 14, 2003",Place,NA,NA,BABY'S ROOM,C D P A,"$30,000",No,NA,20
"March 17, 2003",Fictional Characters,NA,NA,GUMBY & POKEY,D G M A,"$25,000",Yes,NA,20
"March 18, 2003",Thing,NA,NA,KEYBOARD,D C M A,"$25,000",No,NA,20
"March 19, 2003",Things,NA,NA,HUBCAPS,B G P A,"$40,000",Yes,NA,20
"March 20, 2003",On the Map,NA,NA,HAMBURG,C M D I,"$25,000",Yes,NA,20
"March 21, 2003",Phrase,NA,NA,PIPING HOT,G P C I,"$25,000",Yes,NA,20
"March 24, 2003",Place,NA,NA,JUNKYARD,D C M I,Chevrolet Corvette convertible,No,NA,20
"March 25, 2003",Things,NA,NA,TWIGS,D G P I,"$30,000",Yes,NA,20
"March 26, 2003",Phrase,NA,NA,GIVE ME FIVE,B M P I,"$25,000",No,NA,20
"March 27, 2003",Things,NA,NA,FAVORS,B C D A,"$100,000",No,NA,20
"March 28, 2003",Phrase,NA,NA,HEAVY-DUTY,H D F I,Volkswagen New Beetle convertible,Yes,NA,20
"March 31, 2003",Phrase,NA,NA,POINT OF VIEW,F C M A,"$100,000",No,NA,20
"April 1, 2003",Phrase,NA,NA,SHOW ME HOW,H D M A,"$40,000",No,NA,20
"April 2, 2003",Living Thing,NA,NA,COUGAR,M D B I,"$25,000",No,NA,20
"April 3, 2003",Things,NA,NA,HIKING BOOTS,P C D I,Acura MDX,No,NA,20
"April 4, 2003",Things,NA,NA,HIGH PRICES,B P M A,"$25,000",No,NA,20
"April 7, 2003",On the Map,NA,NA,BANGKOK,P D C A,Dodge Intrepid,Yes,NA,20
"April 8, 2003",Phrase,NA,NA,LOOK SHARP,A K M C,"$25,000",Yes,NA,20
"April 9, 2003",Living Thing,NA,NA,FLYING FISH,K M H A,Dodge Intrepid,No,NA,20
"April 10, 2003",Event,NA,NA,VICTORY LAP,G D P O,"$25,000",Yes,NA,20
"April 11, 2003",Around the House,NA,NA,SCRAPBOOK,C P M A,"$25,000",Yes,NA,20
"April 14, 2003",On the Map,NA,NA,CAMBRIDGE,C M G I,Lincoln Navigator,Yes,NA,20
"April 15, 2003",People,NA,NA,GOLF BUDDIES,D P H O,"$25,000",No,NA,20
"April 16, 2003",Around the House,NA,NA,HUMIDIFIER,M P D O,"$25,000",No,NA,20
"April 17, 2003",Phrase,NA,NA,ALL CHOKED UP,D B C A,Lincoln Navigator,No,NA,20
"April 18, 2003",Thing,NA,NA,PAPRIKA,D H C A,"$25,000",No,NA,20
"April 21, 2003",Phrase,NA,NA,PLAYING A HUNCH,C H G A,"$25,000",Yes,NA,20
"April 22, 2003",Event,NA,NA,HAILING A TAXI,C D M I,Lincoln Town Car,No,NA,20
"April 23, 2003",Thing,NA,NA,COUGH SYRUP,P C M A,"$25,000",No,NA,20
"April 24, 2003",Occupation,NA,NA,JOCKEY,M H D O,"$100,000",Yes,NA,20
"April 25, 2003",Proper Name,NA,NA,KEVIN SPACEY,P M C I,Lincoln Town Car,Yes,NA,20
"April 28, 2003",Occupation,NA,NA,BIOGRAPHER,C D M I,"$25,000",No,NA,20
"April 29, 2003",Thing,NA,NA,HOT APPETIZER,C D H A,Mercury Grand Marquis,No,NA,20
"April 30, 2003",Around the House,NA,NA,MAHOGANY DESK,C H M A,"$100,000",No,NA,20
"May 1, 2003",Phrase,NA,NA,LIVING PROOF,G P M O,"$35,000",No,NA,20
"May 2, 2003",Living Things,NA,NA,GOLDEN POPPIES,H G P O,Lincoln Navigator,Yes,NA,20
"May 5, 2003",Person,NA,NA,CIVILIAN,P M B O,"$25,000",No,NA,20
"May 6, 2003",Place,NA,NA,PHARMACY,C P M A,Mercury Marauder,Yes,NA,20
"May 7, 2003",Thing,NA,NA,RIPE SQUASH,K Y C O,Mercury Grand Marquis,No,NA,20
"May 8, 2003",Thing,NA,NA,SHINY BUGLE,B D J O,Mercury Grand Marquis,No,NA,20
"May 9, 2003",Thing,NA,NA,RAINBOW,P D M I,"$35,000",No,NA,20
"May 12, 2003",Thing,NA,NA,CASHEW,B P M A,Lincoln Aviator,No,NA,20
"May 13, 2003",Things,NA,NA,BICEPS,C D H A,Mercury Marauder,No,NA,20
"May 14, 2003",Phrase,NA,NA,GO FIGURE,C H M A,"$25,000",No,NA,20
"May 15, 2003",Phrase,NA,NA,ENJOY THE SHOW,W H C O,"$25,000",No,NA,20
"May 16, 2003",Phrase,NA,NA,CAMERA SHY,M P H U,"$45,000",No,NA,20
"May 19, 2003",On the Map,NA,NA,WYOMING,D C K A,"$30,000",No,NA,20
"May 20, 2003",Phrase,NA,NA,LAUGH IT UP,B C V I,Mercury Mountaineer,No,NA,20
"May 21, 2003",Things,NA,NA,POWER WINDOWS,G W D O,"$100,000",Yes,NA,20
"May 22, 2003",Place,NA,NA,CABBAGE PATCH,D C M A,Lincoln LS,No,NA,20
"May 23, 2003",Thing,NA,NA,DOOR HINGE,D M C A,"$25,000",No,NA,20
"May 26, 2003",On the Map,NA,NA,OSHKOSH,D M P A,Audi A4 convertible,No,NA,20
"May 27, 2003",Thing,NA,NA,DASHBOARD,M C K A,"$30,000",No,NA,20
"May 28, 2003",Thing,NA,NA,TAFFY,C P M A,"$25,000",No,NA,20
"May 29, 2003",Things,NA,NA,FOOD CRAVINGS,D G M A,"$25,000",No,NA,20
"May 30, 2003",Phrase,NA,NA,I'M IN A FIX,M D P O,"$45,000",No,NA,20
"September 8, 2003",Things,NA,NA,HELPFUL HINTS,M D C I,Infiniti FX35,No,NA,21
"September 9, 2003",Person,NA,NA,CHATTERBOX,F C D I,Infiniti FX36,No,NA,21
"September 10, 2003",Phrase,NA,NA,PICK UP THE PACE,H M D O,"$25,000",No,NA,21
"September 11, 2003",Around the House,NA,NA,PIZZA PAN,B F G A,"$25,000",No,NA,21
"September 12, 2003",Phrase,NA,NA,LOOK BOTH WAYS,H D C A,Nissan 350Z,No,NA,21
"September 15, 2003",Things,NA,NA,PARTY FAVORS,C D P A,Nissan Murano,Yes,NA,21
"September 16, 2003",On the Map,NA,NA,TOKYO,C K D O,"$25,000",Yes,NA,21
"September 17, 2003",Occupation,NA,NA,COURT BAILIFF,C D P O,Volkswagen New Beetle,No,NA,21
"September 18, 2003",Phrase,NA,NA,BUYING IN BULK,D C H O,Nissan Murano,No,NA,21
"September 19, 2003",Phrase,NA,NA,I GOT PAID,H D F A,Nissan Murano,No,NA,21
"September 22, 2003",Phrase,NA,NA,A PASSING FANCY,G C P A,Honda S-2000,Yes,NA,21
"September 23, 2003",On the Map,NA,NA,ALBANY,G C P I,"$25,000",No,NA,21
"September 24, 2003",Phrase,NA,NA,I'M BUSY,B P M I,"$25,000",No,NA,21
"September 25, 2003",Phrase,NA,NA,QUICK AS A WINK,C D M I,Honda S-2000,No,NA,21
"September 26, 2003",Thing,NA,NA,PATIO AWNING,G D H O,Volvo XC90,No,NA,21
"September 29, 2003",Things,NA,NA,GIMMICKS,D M B A,"$25,000",No,NA,21
"September 30, 2003",Event,NA,NA,BARGAIN SHOPPING,G H M I,"$25,000",Yes,NA,21
"October 1, 2003",Phrase,NA,NA,BREAK THE BANK,H D M A,"$25,000",Yes,NA,21
"October 2, 2003",Phrase,NA,NA,IT'S PAYDAY,C M P A,Chrysler Pacifica,No,NA,21
"October 3, 2003",Around the House,NA,NA,HIDEAWAY BED,D C B O,"$25,000",Yes,NA,21
"October 6, 2003",Thing,NA,NA,YARDSTICK,P C D O,"$25,000",No,NA,21
"October 7, 2003",Event,NA,NA,CHOPPING WOOD,G P B I,"$25,000",No,NA,21
"October 8, 2003",Thing,NA,NA,GLOBE,C K P A,Cadillac CTS,No,NA,21
"October 9, 2003",Phrase,NA,NA,MAKE A CHOICE,A M D H,"$25,000",No,NA,21
"October 10, 2003",Around the House,NA,NA,BABY WIPES,C D M A,"$35,000",No,NA,21
"October 13, 2003",Phrase,NA,NA,IT'S UP TO YOU,H C M O,"$25,000",No,NA,21
"October 14, 2003",Thing,NA,NA,KICKSTAND,G C P A,"$35,000",No,NA,21
"October 15, 2003",Event,NA,NA,A GAME OF BINGO,C D G A,"$40,000",Yes,NA,21
"October 16, 2003",Things,NA,NA,CLIFFS,C P M I,"$40,000",Yes,NA,21
"October 17, 2003",Phrase,NA,NA,IT'S BAFFLING,G D P O,Ford Expedition,No,NA,21
"October 20, 2003",Event,NA,NA,PAYING BILLS,C P D I,"$45,000",Yes,NA,21
"October 21, 2003",Things,NA,NA,HICCUPS,M P F O,BMW X5,Yes,NA,21
"October 22, 2003",Thing,NA,NA,SCOURING PAD,D M G A,"$50,000",No,NA,21
"October 23, 2003",Person,NA,NA,BICYCLIST,M C D O,"$35,000",Yes,NA,21
"October 24, 2003",Thing,NA,NA,CLOUDY DAY,F P G O,"$25,000",No,NA,21
"October 27, 2003",Event,NA,NA,PLAYING A PRANK,P D G A,"$25,000",Yes,NA,21
"October 28, 2003",Phrase,NA,NA,HOPPING MAD,C B A M,"$30,000",No,NA,21
"October 29, 2003",Things,NA,NA,COBWEBS,P D C I,"$45,000",No,NA,21
"October 30, 2003",Thing,NA,NA,PITCHFORK,C M D A,"$25,000",No,NA,21
"October 31, 2003",Things,NA,NA,HOME MOVIES,C D M A,"$25,000",Yes,NA,21
"November 3, 2003",Event,NA,NA,BAKING A CAKE,M D C A,"$25,000",No,NA,21
"November 4, 2003",Phrase,NA,NA,DEAR DIARY,D M F A,Ford Expedition,Yes,NA,21
"November 5, 2003",Phrase,NA,NA,LOADS OF FUN,M B F A,Ford Expedition,Yes,NA,21
"November 6, 2003",Thing,NA,NA,CAB FARE,M D F A,Mercedes-Benz C230,No,NA,21
"November 7, 2003",Thing,NA,NA,CHILI SAUCE,M H D I,"$25,000",Yes,NA,21
"November 11, 2003",Things,NA,NA,GARBANZO BEANS,C F J A,"$25,000",No,NA,21
"November 12, 2003",Phrase,NA,NA,HIGH-AND-MIGHTY,D C M A,Pair of Ford Thunderbirds,No,NA,21
"November 13, 2003",Fictional Character,NA,NA,PAPA SMURF,P M D A,"$25,000",Yes,NA,21
"November 14, 2003",Phrase,NA,NA,PIECE OF MIND,D C H O,Pair of Lexus RX 330s,Yes,NA,21
"November 17, 2003",Thing,NA,NA,SCOREBOARD,P C B A,"$25,000",Yes,NA,21
"November 18, 2003",Phrase,NA,NA,GOING BY THE BOOK,G C H I,"$25,000",No,NA,21
"November 19, 2003",Phrase,NA,NA,AS I WAS SAYING,Y W G A,"$25,000",Yes,NA,21
"November 20, 2003",Things,NA,NA,LUGGAGE TAGS,C P M A,"$25,000",Yes,NA,21
"November 21, 2003",Around the House,NA,NA,SHOWER THONGS,M H P O,"$25,000",Yes,NA,21
"November 24, 2003",Around the House,NA,NA,PLAYPEN,C M H A,"$25,000",No,NA,21
"November 25, 2003",Thing,NA,NA,FLAGPOLE,D G P I,"$25,000",No,NA,21
"November 26, 2003",Phrase,NA,NA,COME WHAT MAY,C D M O,"$100,000",No,NA,21
"November 27, 2003",Place,NA,NA,BOAT DOCK,M C D A,Jeep Wrangler,No,NA,21
"November 28, 2003",Phrase,NA,NA,A WAY WITH WORDS,W H C I,"$25,000",No,NA,21
"December 1, 2003",Fictional Character,NA,NA,GOLDILOCKS,P H J A,"$25,000",No,NA,21
"December 2, 2003",Living Thing,NA,NA,FRISKY CAT,C P G I,"$25,000",No,NA,21
"December 3, 2003",Living Thing,NA,NA,THE FAMILY DOG,H P C O,"$25,000",Yes,NA,21
"December 4, 2003",Things,NA,NA,ADJECTIVES,H P C I,Honda S-2000,No,NA,21
"December 5, 2003",Person,NA,NA,PUBLIC SPEAKER,C D M A,"$35,000",Yes,NA,21
"December 8, 2003",Things,NA,NA,BREAD CRUMBS,P G C A,"$450,000",No,NA,21
"December 9, 2003",Phrase,NA,NA,HOW IRONIC,H B G A,Mercedes SLK,No,NA,21
"December 10, 2003",On the Map,NA,NA,KITTY HAWK,C M D I,Mercedes SLK,No,NA,21
"December 11, 2003",Phrase,NA,NA,EBB AND FLOW,D P F A,"$25,000",Yes,NA,21
"December 12, 2003",Phrase,NA,NA,FORGING AHEAD,C M D O,Mercedes SLK,No,NA,21
"December 15, 2003",Person,NA,NA,FOREIGN DIGNITARY,C D H O,"$25,000",No,NA,21
"December 16, 2003",Around the House,NA,NA,MIXING BOWL,G C M O,"$25,000",Yes,NA,21
"December 17, 2003",Event,NA,NA,SINGING OFF-KEY,C D P O,Audi A4,No,NA,21
"December 18, 2003",Place,NA,NA,ORANGE GROVE,C D M A,Nissan Pathfinder,No,NA,21
"December 19, 2003",Around the House,NA,NA,FROZEN FOOD,C D M A,Nissan Pathfinder,No,NA,21
"December 22, 2003",Thing,NA,NA,WINDOW DISPLAY,C D K A,Land Rover Freelander,No,NA,21
"December 23, 2003",Phrase,NA,NA,GOOD-HUMORED,D C P A,"$100,000",No,NA,21
"December 24, 2003",Thing,NA,NA,TOBOGGAN,C G W O,"$25,000",Yes,NA,21
"December 25, 2003",On the Map,NA,NA,ROANOKE,C D P A,"$40,000",No,NA,21
"December 26, 2003",Things,NA,NA,CANDIED YAMS,P H G I,Land Rover Freelander,No,NA,21
"December 29, 2003",Phrase,NA,NA,PAYING YOUR DUES,G P W O,"$25,000",Yes,NA,21
"December 30, 2003",Event,NA,NA,DRIVING TO WORK,Y G C I,"$35,000",No,NA,21
"December 31, 2003",Fictional Character,NA,NA,MAID MARIAN,B P M A,"$45,000",No,NA,21
"January 1, 2004",Phrase,NA,NA,KICK THE HABIT,H D C A,"$45,000",Yes,NA,21
"January 2, 2004",Proper Name,NA,NA,GOLDIE HAWN,C D I B,"$30,000",Yes,NA,21
"January 5, 2004",Thing,NA,NA,HIGHWAY SIGN,P C H O,"$45,000",Yes,NA,21
"January 6, 2004",Fictional Characters,NA,NA,BAMBI & THUMPER,C D M O,"$25,000",Yes,NA,21
"January 7, 2004",Thing,NA,NA,BOWLING PIN,G P M A,"$25,000",Yes,NA,21
"January 8, 2004",Around the House,NA,NA,BUG SPRAY,C D M A,"$25,000",Yes,NA,21
"January 9, 2004",Phrase,NA,NA,GO FOR BROKE,D P F O,Chevrolet Tahoe,No,NA,21
"January 12, 2004",Fictional Character,NA,NA,RAGGEDY ANDY,C P M O,"$25,000",No,NA,21
"January 13, 2004",Thing,NA,NA,GRACE PERIOD,G C D O,Volkswagen Passat,Yes,NA,21
"January 14, 2004",Phrase,NA,NA,UP FOR GRABS,G C D O,"$25,000",Yes,NA,21
"January 15, 2004",People,NA,NA,BOBSLED TEAM,M C D A,"$25,000",Yes,NA,21
"January 16, 2004",On the Map,NA,NA,NOVA SCOTIA,C H D A,"$25,000",Yes,NA,21
"January 19, 2004",On the Map,NA,NA,WAIKIKI BEACH,C G P I,"$25,000",No,NA,21
"January 20, 2004",Thing,NA,NA,PASSAGEWAY,M P K A,"$25,000",No,NA,21
"January 21, 2004",Thing,NA,NA,BOOKMARK,H C P O,Jeep Liberty,No,NA,21
"January 22, 2004",Classic TV,NA,NA,FONZIE,H M O C,"$25,000",Yes,NA,21
"January 23, 2004",Landmark,NA,NA,PIKES PEAK,M P C O,"$30,000",Yes,NA,21
"January 26, 2004",Phrase,NA,NA,MIX AND MATCH,C D M A,"$35,000",Yes,NA,21
"January 27, 2004",Phrase,NA,NA,MACHINE WASHABLE,C P M I,"$25,000",No,NA,21
"January 28, 2004",Phrase,NA,NA,BACK TO BASICS,C P M A,"$25,000",No,NA,21
"January 29, 2004",Thing,NA,NA,HARMONICA,M P C A,Chevrolet Trailblazer,No,NA,21
"January 30, 2004",Thing,NA,NA,AIR PURIFIER,C D M I,"$40,000",No,NA,21
"February 2, 2004",Thing,NA,NA,CUBBYHOLE,P D M O,"$40,000",No,NA,21
"February 3, 2004",Thing,NA,NA,PAPERWORK,C M P I,"$25,000",Yes,NA,21
"February 4, 2004",Living Things,NA,NA,FOXES,C D B O,"$25,000",Yes,NA,21
"February 5, 2004",People,NA,NA,ROWDY CROWD,M D P O,Chevrolet Corvette,Yes,NA,21
"February 6, 2004",Thing,NA,NA,A NEW JOB,G D C A,"$25,000",No,NA,21
"February 9, 2004",Thing,NA,NA,AN OCEAN VIEW,C P G A,"$100,000",No,NA,21
"February 10, 2004",Phrase,NA,NA,MAYBE SOMEDAY,C D M A,"$45,000",No,NA,21
"February 11, 2004",People,NA,NA,HUBBIES,M G C O,"$30,000",No,NA,21
"February 12, 2004",Person,NA,NA,AN OLD SOFTY,P D C O,"$35,000",Yes,NA,21
"February 13, 2004",Thing,NA,NA,A CLEAN SHAVE,C H V A,"$25,000",Yes,NA,21
"February 16, 2004",People,NA,NA,VIRGOS,C D M I,"$25,000",No,NA,21
"February 17, 2004",Thing,NA,NA,HIPBONE,C H M A,"$45,000",No,NA,21
"February 18, 2004",Event,NA,NA,DAYBREAK,K W D O,"$30,000",No,NA,21
"February 19, 2004",Phrase,NA,NA,MAKING HEADWAY,M G D I,"$25,000",No,NA,21
"February 20, 2004",Things,NA,NA,ROUGH ROADS,M G D A,"$25,000",Yes,NA,21
"February 23, 2004",Thing,NA,NA,CARGO SHIP,D M H A,"$25,000",No,NA,21
"February 24, 2004",Thing,NA,NA,HONEY,M C P O,Pair of Saturn Ions,No,NA,21
"February 25, 2004",Person,NA,NA,HOCKEY GOALIE,D C H A,"$25,000",Yes,NA,21
"February 26, 2004",Phrase,NA,NA,I GOOFED,C B H I,Pair of Saturn Ions,No,NA,21
"February 27, 2004",Thing,NA,NA,CHEWY CANDY,D B H A,Pair of Jeep Wranglers,No,NA,21
"March 1, 2004",Thing,NA,NA,A NIFTY IDEA,H C M O,"$45,000",No,NA,21
"March 2, 2004",Person,NA,NA,HIKER,P M W O,"$25,000",No,NA,21
"March 3, 2004",Things,NA,NA,HIGHWAYS,P F C A,Audi TT,No,NA,21
"March 4, 2004",Phrase,NA,NA,A GUTSY MOVE,D G P A,"$40,000",Yes,NA,21
"March 5, 2004",Place,NA,NA,BOROUGH,P M C A,"$40,000",No,NA,21
"March 8, 2004",Things,NA,NA,FUJI APPLES,C M D A,Winnebago,No,NA,21
"March 9, 2004",Person,NA,NA,A HEAVY HITTER,C D P A,"$30,000",No,NA,21
"March 10, 2004",Phrase,NA,NA,RICH IN FLAVOR,H C D O,"$25,000",Yes,NA,21
"March 11, 2004",Phrase,NA,NA,ALL PAID UP,P K D A,"$35,000",Yes,NA,21
"March 12, 2004",On the Menu,NA,NA,CHUNKY SOUP,C H G A,"$25,000",No,NA,21
"March 15, 2004",Event,NA,NA,A GROUP HUG,D M P A,"$25,000",No,NA,21
"March 16, 2004",Phrase,NA,NA,A SHOW OF HANDS,C M H A,"$25,000",Yes,NA,21
"March 17, 2004",Thing,NA,NA,GROCERY BAG,C P Y O,Chrysler PT Cruiser,Yes,NA,21
"March 18, 2004",Person,NA,NA,BANJO PLAYER,C P H A,"$50,000",No,NA,21
"March 19, 2004",Living Thing,NA,NA,JAGUAR,G C M O,"$25,000",Yes,NA,21
"March 22, 2004",Phrase,NA,NA,A WORK OF GENIUS,C D B A,"$25,000",No,NA,21
"March 23, 2004",Thing,NA,NA,VEHICLE,H D G A,"$40,000",No,NA,21
"March 24, 2004",Things,NA,NA,GUAVAS,G P D A,Buick Rendezvous,Yes,NA,21
"March 25, 2004",Phrase,NA,NA,SHAKE IT OFF,C D G A,"$100,000",No,NA,21
"March 26, 2004",Thing,NA,NA,WIND-UP TOY,P D K A,"$40,000",Yes,NA,21
"March 29, 2004",Thing,NA,NA,A GOOD VALUE,A C D M,"$50,000",No,NA,21
"March 30, 2004",Event,NA,NA,DAILY WORKOUT,D C B A,"$25,000",No,NA,21
"March 31, 2004",Living Thing,NA,NA,VIPER,B C D O,"$30,000",No,NA,21
"April 1, 2004",Event,NA,NA,JOB FAIR,H C M U,"$25,000",No,NA,21
"April 2, 2004",Event,NA,NA,SQUEAKING BY,P M G I,"$25,000",No,NA,21
"April 5, 2004",Fictional Character,NA,NA,MARY POPPINS,C M D I,"$25,000",No,NA,21
"April 6, 2004",Person,NA,NA,TROPHY MAKER,C B M A,"$35,000",No,NA,21
"April 7, 2004",Phrase,NA,NA,YOU HAVE TO FOCUS,H C G A,"$30,000",No,NA,21
"April 8, 2004",Event,NA,NA,GAME OF CROQUET,F M P O,Chevrolet Corvette,Yes,NA,21
"April 9, 2004",Things,NA,NA,MYTHS,B H M A,Mazda Miata,Yes,NA,21
"April 12, 2004",Title,NA,NA,VOGUE,C D P A,Mini Cooper,No,NA,21
"April 13, 2004",Phrase,NA,NA,BUYING POWER,G D H A,Mini Cooper,No,NA,21
"April 14, 2004",Thing,NA,NA,HANDBOOK,F P M I,Mini Cooper,No,NA,21
"April 15, 2004",Place,NA,NA,JURY BOX,P D G I,"$30,000",No,NA,21
"April 16, 2004",Thing,NA,NA,A GOOD LAUGH,M F K A,Volkswagen Touareg,No,NA,21
"April 19, 2004",Phrase,NA,NA,COMFY AND COZY,D P Y A,BMW Z4,No,NA,21
"April 20, 2004",Thing,NA,NA,FIBER,M P G I,BMW Z4,No,NA,21
"April 21, 2004",Thing,NA,NA,BRONZE BUST,B F M O,"$25,000",Yes,NA,21
"April 22, 2004",Phrase,NA,NA,PRY IT OPEN,C M G A,"$25,000",No,NA,21
"April 23, 2004",On the Map,NA,NA,GLASGOW,D C B A,"$25,000",No,NA,21
"April 26, 2004",Phrase,NA,NA,A FRIENDLY WAGER,C M P A,"$25,000",No,NA,21
"April 27, 2004",Event,NA,NA,A BAD HAIR DAY,D G P A,"$30,000",Yes,NA,21
"April 28, 2004",Phrase,NA,NA,PROOF POSITIVE,F P G O,"$25,000",No,NA,21
"April 29, 2004",On the Map,NA,NA,BULGARIA,P C D A,Toyota Spyder,Yes,NA,21
"April 30, 2004",Phrase,NA,NA,STAYING POWER,D P Y O,"$25,000",Yes,NA,21
"May 3, 2004",Phrase,NA,NA,JOG MY MEMORY,H M C I,"$25,000",Yes,NA,21
"May 4, 2004",Classic TV,NA,NA,MORK FROM ORK,C M G A,Pair of Mazda RX8s,Yes,NA,21
"May 5, 2004",Phrase,NA,NA,I'M PROUD OF YOU,M D F O,"$25,000",Yes,NA,21
"May 6, 2004",Around the House,NA,NA,CHAFING DISH,G M D I,Pair of Toyota 4Runners,No,NA,21
"May 7, 2004",Thing,NA,NA,A HAPPY FACE,C D M A,"$25,000",No,NA,21
"May 10, 2004",Thing,NA,NA,OFFICE GOSSIP,K M C A,"$25,000",No,NA,21
"May 11, 2004",Phrase,NA,NA,A MIGHTY GOOD TIME,M D C A,"$30,000",No,NA,21
"May 12, 2004",Phrase,NA,NA,I'M WIPED OUT,D G C U,"$25,000",No,NA,21
"May 13, 2004",Living Thing,NA,NA,BABOON,P C F O,Saab convertible,Yes,NA,21
"May 14, 2004",Thing,NA,NA,VOCABULARY,D M H I,"$25,000",No,NA,21
"May 17, 2004",Living Thing,NA,NA,WILD BOAR,D B M I,Nissan 350Z,Yes,NA,21
"May 18, 2004",Phrase,NA,NA,MY GIFT TO YOU,O P D H,Nissan 350Z,Yes,NA,21
"May 19, 2004",Thing,NA,NA,DIALOGUE,D C P O,"$25,000",Yes,NA,21
"May 20, 2004",Thing,NA,NA,PAJAMA TOP,D G M O,"$40,000",No,NA,21
"May 21, 2004",Thing,NA,NA,A FIRM GRASP,M D H I,"$40,000",No,NA,21
"May 24, 2004",On the Menu,NA,NA,CHOP SUEY,D B C I,Infiniti,No,NA,21
"May 25, 2004",Living Thing,NA,NA,KODIAK BEAR,H C D A,"$25,000",No,NA,21
"May 26, 2004",Things,NA,NA,BOX TOPS,M P F A,"$30,000",Yes,NA,21
"May 27, 2004",Show Biz,NA,NA,MOVIE PREVIEW,B C H A,"$25,000",No,NA,21
"May 28, 2004",Thing,NA,NA,FLAKY CRUST,C B F I,"$25,000",No,NA,21
"May 31, 2004",Around the House,NA,NA,WHISK BROOM,C P D O,"$25,000",Yes,NA,21
"June 1, 2004",Person,NA,NA,HISTORY BUFF,M Y C A,Ford Mustang,Yes,NA,21
"June 2, 2004",Phrase,NA,NA,IN A FOG,D P M I,Chrysler PT Cruiser,No,NA,21
"June 3, 2004",Phrase,NA,NA,BOILING POINT,G D F I,"$25,000",No,NA,21
"June 4, 2004",Phrase,NA,NA,IT'S NO JOKE,P M C O,"$45,000",Yes,NA,21
"September 6, 2004",Thing,NA,NA,BOOK JACKET,C D G A,Chevrolet Trailblazer,No,NA,22
"September 7, 2004",Things,NA,NA,RADIO WAVES,H O D P,"$25,000",No,NA,22
"September 8, 2004",Phrase,NA,NA,GO HOG WILD,F D C O,Chevrolet Trailblazer,No,NA,22
"September 9, 2004",On the Menu,NA,NA,FIREHOUSE CHILI,B C H A,"$25,000",Yes,NA,22
"September 10, 2004",Thing,NA,NA,GUITAR PICK,B D W A,"$25,000",Yes,NA,22
"September 13, 2004",Thing,NA,NA,GUESSWORK,C H D I,Volkswagen Jetta,No,NA,22
"September 14, 2004",Phrase,NA,NA,LOOKING SPIFFY,D M B U,"$25,000",No,NA,22
"September 15, 2004",Thing,NA,NA,WAX FRUIT,C M P A,"$25,000",No,NA,22
"September 16, 2004",Person,NA,NA,BIG TIPPER,D G W O,BMW X3,No,NA,22
"September 17, 2004",Around the House,NA,NA,COUGH DROPS,P G C O,"$25,000",Yes,NA,22
"September 20, 2004",Person,NA,NA,MATH WHIZ,B M K O,"$25,000",Yes,NA,22
"September 21, 2004",Phrase,NA,NA,BY THE WAY,B Y W A,Ford Thunderbird,Yes,NA,22
"September 22, 2004",Thing,NA,NA,GOLF CAP,G B M A,"$45,000",Yes,NA,22
"September 23, 2004",Phrase,NA,NA,FEVER PITCH,C G M A,Chevrolet S-10 Blazer,No,NA,22
"September 24, 2004",People,NA,NA,A YOUTH GROUP,C D M A,"$25,000",No,NA,22
"September 27, 2004",On the Map,NA,NA,BEIJING,W M D O,"$30,000",No,NA,22
"September 28, 2004",Place,NA,NA,WEIGH STATION,M D H A,"$25,000",Yes,NA,22
"September 29, 2004",Phrase,NA,NA,PICKING UP THE CHECK,G P F I,"$40,000",No,NA,22
"September 30, 2004",Around the House,NA,NA,BROWNIE MIX,C G I J,Lexus RX 330,No,NA,22
"October 1, 2004",Thing,NA,NA,PLAID KILT,C M D A,Lexus RX 330,No,NA,22
"October 4, 2004",Things,NA,NA,FOGGY DAYS,D C M A,"$25,000",No,NA,22
"October 5, 2004",Thing,NA,NA,GLACIER,C D P A,"$45,000",Yes,NA,22
"October 6, 2004",Fun & Games,NA,NA,KING ME,D M P O,"$25,000",Yes,NA,22
"October 7, 2004",Phrase,NA,NA,WALKING A TIGHTROPE,G P C A,Chevrolet Avalanche,No,NA,22
"October 8, 2004",Person,NA,NA,BODYBUILDER,D C M A,"$45,000",No,NA,22
"October 11, 2004",Place,NA,NA,A WINDY BLUFF,D C P A,"$25,000",No,NA,22
"October 12, 2004",Phrase,NA,NA,WISHY-WASHY,M D C I,"$25,000",Yes,NA,22
"October 13, 2004",Around the House,NA,NA,VIDEO GAMES,M P D O,"$25,000",Yes,NA,22
"October 14, 2004",Thing,NA,NA,BATH FAUCET,B C K A,Saab 9-3 convertible,Yes,NA,22
"October 15, 2004",Phrase,NA,NA,THINK OUTSIDE THE BOX,C D M I,"$40,000",Yes,NA,22
"October 18, 2004",Living Thing,NA,NA,KING COBRA,P M D A,"$25,000",No,NA,22
"October 19, 2004",Phrase,NA,NA,LUCKY STIFF,C D P A,"$25,000",No,NA,22
"October 20, 2004",Thing,NA,NA,TAX BREAK,M D P O,"$25,000",No,NA,22
"October 21, 2004",Fun & Games,NA,NA,LEAPFROG,C H M A,Jeep Liberty,Yes,NA,22
"October 22, 2004",Around the House,NA,NA,COOKIE DOUGH,M D G A,"$25,000",No,NA,22
"October 25, 2004",Around the House,NA,NA,CARVING KNIFE,D M P I,"$100,000",No,NA,22
"October 26, 2004",Thing,NA,NA,HAYSTACK,C B H A,"$25,000",Yes,NA,22
"October 27, 2004",Place,NA,NA,EGYPTIAN TOMB,M D P O,"$40,000",Yes,NA,22
"October 28, 2004",Fictional Character,NA,NA,WIZARD,C M D A,"$35,000",No,NA,22
"October 29, 2004",Around the House,NA,NA,ALMOND JOY,G C B A,"$25,000",No,NA,22
"November 1, 2004",On the Map,NA,NA,PROVO UTAH,B C W O,Ford Mustang,Yes,NA,22
"November 2, 2004",Phrase,NA,NA,UPSY-DAISY,C D H A,"$25,000",No,NA,22
"November 3, 2004",Phrase,NA,NA,HIGH VOLTAGE,C D P I,Ford Thunderbird,No,NA,22
"November 4, 2004",Phrase,NA,NA,QUITE A SHOCK,M K H A,"$25,000",No,NA,22
"November 5, 2004",On the Menu,NA,NA,WHOPPER,C D P A,"$25,000",Yes,NA,22
"November 8, 2004",Phrase,NA,NA,THINK BACK,C M G A,"$45,000",No,NA,22
"November 9, 2004",Thing,NA,NA,A JAR OF BABY FOOD,C D M O,"$25,000",No,NA,22
"November 10, 2004",Place,NA,NA,WHARF,B D G A,Ford Explorer,No,NA,22
"November 11, 2004",Place,NA,NA,HOBBY SHOP,C H P A,Ford Explorer,No,NA,22
"November 12, 2004",Phrase,NA,NA,REMAIN CALM,D M B A,Chevrolet SSR,Yes,NA,22
"November 15, 2004",Fictional Character,NA,NA,ROCKY BALBOA,B P D O,"$35,000",No,NA,22
"November 16, 2004",Title,NA,NA,THE VIEW,G H C I,"$25,000",No,NA,22
"November 17, 2004",Song Lyrics,NA,NA,WHEN THE BOUGH BREAKS,H C W I,"$25,000",No,NA,22
"November 18, 2004",Thing,NA,NA,VISA CARD,H D B A,Pair of Ford Escapes,Yes,NA,22
"November 19, 2004",Phrase,NA,NA,IN A JIFFY,C H A M,"$25,000",No,NA,22
"November 22, 2004",Thing,NA,NA,JACKKNIFE,C A H M,"$25,000",No,NA,22
"November 23, 2004",Landmark,NA,NA,FENWAY PARK,A D C P,Nissan 350Z,No,NA,22
"November 24, 2004",Fun & Games,NA,NA,HOPSCOTCH,H P D O,"$25,000",Yes,NA,22
"November 25, 2004",Phrase,NA,NA,UP IN SMOKE,D M C A,"$25,000",No,NA,22
"November 26, 2004",Phrase,NA,NA,BY AND LARGE,D M P I,Saturn Vue,No,NA,22
"November 29, 2004",Phrase,NA,NA,ON A WHIM,C H M I,Mazda,Yes,NA,22
"November 30, 2004",Person,NA,NA,FOLK HERO,C D P I,"$35,000",No,NA,22
"December 1, 2004",Place,NA,NA,A BUSY THOROUGHFARE,F G K A,"$25,000",No,NA,22
"December 2, 2004",Thing,NA,NA,BASKET WEAVING,C D M A,Jeep Wrangler,No,NA,22
"December 3, 2004",Thing,NA,NA,COLORING BOOK,G D M I,"$25,000",Yes,NA,22
"December 6, 2004",Phrase,NA,NA,OFF WE GO,B D P A,"$40,000",No,NA,22
"December 7, 2004",Phrase,NA,NA,WISHFUL THINKING,M G C A,"$25,000",No,NA,22
"December 8, 2004",Living Thing,NA,NA,CARIBOU,H K W O,"$25,000",No,NA,22
"December 9, 2004",Occupation,NA,NA,CHIMNEY SWEEP,C D M I,"$25,000",Yes,NA,22
"December 10, 2004",Event,NA,NA,BLIZZARD,C H M A,"$25,000",No,NA,22
"December 13, 2004",Proper Name,NA,NA,TOBEY MAGUIRE,P D M A,"$30,000",No,NA,22
"December 14, 2004",Thing,NA,NA,KEEPSAKE,P K M A,"$25,000",Yes,NA,22
"December 15, 2004",Phrase,NA,NA,A HAPPY MEDIUM,P M C A,"$30,000",Yes,NA,22
"December 16, 2004",Phrase,NA,NA,PIPE DOWN,C M P A,"$30,000",Yes,NA,22
"December 17, 2004",Phrase,NA,NA,HEALTH KICK,C M P O,"$30,000",No,NA,22
"December 20, 2004",People,NA,NA,THE FOLKS BACK HOME,C H M A,"$35,000",Yes,NA,22
"December 21, 2004",Thing,NA,NA,YULE LOG,G C M I,Land Rover Freelander,No,NA,22
"December 22, 2004",People,NA,NA,CHOIRBOYS,C F P A,Audi TT,No,NA,22
"December 23, 2004",Thing,NA,NA,FRUITCAKE,C D H I,"$25,000",No,NA,22
"December 24, 2004",Thing,NA,NA,SKI PARKA,Y C M O,"$25,000",No,NA,22
"December 27, 2004",Thing,NA,NA,DOOR PRIZE,C D M A,"$25,000",Yes,NA,22
"December 28, 2004",Thing,NA,NA,GOODIE BAG,C M P A,"$25,000",No,NA,22
"December 29, 2004",On the Map,NA,NA,SHANGHAI,C M P A,"$25,000",No,NA,22
"December 30, 2004",Phrase,NA,NA,MAKE A WISH,C H D O,"$45,000",Yes,NA,22
"December 31, 2004",Thing,NA,NA,HIGH SCHOOL DIPLOMA,M K B A,"$25,000",Yes,NA,22
"January 3, 2005",Phrase,NA,NA,OUT OF BOUNDS,D G M O,"$40,000",Yes,NA,22
"January 4, 2005",Phrase,NA,NA,WALK IT OFF,C D M O,"$25,000",Yes,NA,22
"January 5, 2005",Thing,NA,NA,BLITZ,B F C I,"$45,000",Yes,NA,22
"January 6, 2005",Thing,NA,NA,GRIDIRON,C M B A,Cadillac CTS,No,NA,22
"January 7, 2005",Thing,NA,NA,MOUTHGUARD,D W C A,"$25,000",No,NA,22
"January 10, 2005",Phrase,NA,NA,UP UP AND AWAY,C D M A,"$25,000",Yes,NA,22
"January 11, 2005",Event,NA,NA,VOYAGE,M P D A,"$25,000",No,NA,22
"January 12, 2005",Phrase,NA,NA,IN FINE FORM,F M C I,"$25,000",Yes,NA,22
"January 13, 2005",Phrase,NA,NA,OFF-ROAD,M D H I,"$25,000",No,NA,22
"January 14, 2005",Phrase,NA,NA,THINK BIG,C H P I,"$25,000",Yes,NA,22
"January 17, 2005",Phrase,NA,NA,COOKING WITH GAS,H C P I,"$100,000",No,NA,22
"January 18, 2005",Fun & Games,NA,NA,BINGO CARD,D M A H,Mercedes,No,NA,22
"January 19, 2005",Phrase,NA,NA,PRIDE & JOY,C M H O,"$25,000",No,NA,22
"January 20, 2005",Thing,NA,NA,PASSWORD,U M P C,"$100,000",No,NA,22
"January 21, 2005",Thing,NA,NA,HOMESPUN WISDOM,C M D I,"$25,000",No,NA,22
"January 24, 2005",Place,NA,NA,HOCKEY RINK,G C M I,Saab,No,NA,22
"January 25, 2005",Phrase,NA,NA,AW SHUCKS,M C D I,"$25,000",No,NA,22
"January 26, 2005",Place,NA,NA,BOX OFFICE,P C D O,"$25,000",Yes,NA,22
"January 27, 2005",Thing,NA,NA,EXHIBIT A,C D F I,Jeep Wrangler,Yes,NA,22
"January 28, 2005",Title,NA,NA,SEABISCUIT,C H P A,"$25,000",Yes,NA,22
"January 31, 2005",Place,NA,NA,MILKY WAY GALAXY,Y P D A,"$40,000",Yes,NA,22
"February 1, 2005",Thing,NA,NA,YEARBOOK PHOTO,C M B A,Pair of Mazda Miatas,No,NA,22
"February 2, 2005",Thing,NA,NA,BIKE RACK,D F H I,"$25,000",No,NA,22
"February 3, 2005",Around the House,NA,NA,FLIP-FLOPS,C G P O,"$100,000",Yes,NA,22
"February 4, 2005",Thing,NA,NA,FAX NUMBER,H C D A,Pair of Volvos,No,NA,22
"February 7, 2005",Thing,NA,NA,COURTSHIP,D G H A,"$25,000",No,NA,22
"February 8, 2005",Phrase,NA,NA,BOY-CRAZY,C M P A,Chrysler PT Cruiser,No,NA,22
"February 9, 2005",Phrase,NA,NA,HOT & HEAVY,D C M A,"$25,000",No,NA,22
"February 10, 2005",Person,NA,NA,A REAL HUNK,A G K H,"$50,000",Yes,NA,22
"February 11, 2005",Title,NA,NA,I GOT YOU BABE,H M D A,"$30,000",No,NA,22
"February 14, 2005",Proper Name,NA,NA,GEORGE LOPEZ,D M P I,"$25,000",Yes,NA,22
"February 15, 2005",Thing,NA,NA,TUXEDO JACKET,C D M A,"$35,000",No,NA,22
"February 16, 2005",Person,NA,NA,LUCKY DOG,C M P A,"$25,000",No,NA,22
"February 17, 2005",Things,NA,NA,CORNY JOKES,C D M A,BMW Z4,Yes,NA,22
"February 18, 2005",Phrase,NA,NA,QUALITY TIME,D M G I,"$100,000",No,NA,22
"February 21, 2005",Thing,NA,NA,JUMBO JET,C D M A,"$25,000",No,NA,22
"February 22, 2005",Thing,NA,NA,CABBAGE,C M P A,"$25,000",No,NA,22
"February 23, 2005",Around the House,NA,NA,PIGGY BANK,D C M I,"$25,000",No,NA,22
"February 24, 2005",Phrase,NA,NA,HOG HEAVEN,D M P A,"$25,000",No,NA,22
"February 25, 2005",Phrase,NA,NA,IN THE BLACK,H C P O,Audi TT,No,NA,22
"February 28, 2005",Around the House,NA,NA,VINEGAR,M D P O,"$25,000",No,NA,22
"March 1, 2005",Phrase,NA,NA,FOOD FOR THOUGHT,F H G O,"$25,000",Yes,NA,22
"March 2, 2005",Thing,NA,NA,PROVERB,C G F I,"$25,000",No,NA,22
"March 3, 2005",On the Map,NA,NA,HALIFAX,M C D A,"$25,000",No,NA,22
"March 4, 2005",Living Thing,NA,NA,GIRAFFE,M C D O,"$25,000",No,NA,22
"March 7, 2005",Around the House,NA,NA,GRAVY BOAT,F P D I,"$25,000",Yes,NA,22
"March 8, 2005",Thing,NA,NA,VIOLIN,D M H O,"$40,000",Yes,NA,22
"March 9, 2005",Phrase,NA,NA,FOGGED IN,D H P I,"$25,000",No,NA,22
"March 10, 2005",Event,NA,NA,KAYAKING,B M G I,Ford Thunderbird,Yes,NA,22
"March 11, 2005",Phrase,NA,NA,WIDE LOAD,M C D O,"$25,000",Yes,NA,22
"March 14, 2005",Thing,NA,NA,COURAGE,C D M O,"$40,000",Yes,NA,22
"March 15, 2005",Title,NA,NA,JUDGE JUDY,C D G A,"$35,000",No,NA,22
"March 16, 2005",Things,NA,NA,RUBIES,D C P I,Toyota 4Runner,No,NA,22
"March 17, 2005",Things,NA,NA,TWIGS,P D M O,Volvo,No,NA,22
"March 18, 2005",Phrase,NA,NA,VIM AND VIGOR,C P H I,"$50,000",No,NA,22
"March 21, 2005",Thing,NA,NA,HONEYCOMB,M C H A,Land Rover Freelander,Yes,NA,22
"March 22, 2005",Thing,NA,NA,BLIMP,C P D O,Lexus IS 300,No,NA,22
"March 23, 2005",Place,NA,NA,SUBWAY,M P D A,"$25,000",Yes,NA,22
"March 24, 2005",Person,NA,NA,A TOUGH COOKIE,M C D I,"$25,000",No,NA,22
"March 25, 2005",Thing,NA,NA,JUICY GOSSIP,P D H I,Lexus IS 300,No,NA,22
"March 28, 2005",Event,NA,NA,WIPEOUT,C P M O,"$50,000",No,NA,22
"March 29, 2005",On the Menu,NA,NA,MUFFIN,C W M I,"$25,000",No,NA,22
"March 30, 2005",People,NA,NA,BEACH BUMS,C H M A,Winnebago,Yes,NA,22
"March 31, 2005",On the Map,NA,NA,TAIWAN,C M A P,"$25,000",Yes,NA,22
"April 1, 2005",Fun & Games,NA,NA,GO FISH,K H D I,"$25,000",Yes,NA,22
"April 4, 2005",Around the House,NA,NA,FUSE BOX,C M P A,"$100,000",No,NA,22
"April 5, 2005",Place,NA,NA,LOBBY BAR,B G D O,"$25,000",Yes,NA,22
"April 6, 2005",Show Biz,NA,NA,THE BEACH BOYS,H D M O,"$25,000",No,NA,22
"April 7, 2005",Phrase,NA,NA,TOUCH AND GO,D B H U,"$40,000",No,NA,22
"April 8, 2005",Thing,NA,NA,WINDBREAKER,D M C O,"$40,000",No,NA,22
"April 11, 2005",Fun & Games,NA,NA,JUNGLE GYM,M D C I,"$25,000",Yes,NA,22
"April 12, 2005",Thing,NA,NA,WISHBONE,H B D I,Audi TT,Yes,NA,22
"April 13, 2005",Thing,NA,NA,TAFFY,M C D A,"$40,000",No,NA,22
"April 14, 2005",Place,NA,NA,PIZZA JOINT,C D G O,Audi TT,No,NA,22
"April 15, 2005",Event,NA,NA,BAKE-OFF,H C P A,"$25,000",Yes,NA,22
"April 18, 2005",Fictional Character,NA,NA,BAZOOKA JOE,P H D A,"$25,000",No,NA,22
"April 19, 2005",Phrase,NA,NA,FORTY WINKS,H M B O,"$25,000",Yes,NA,22
"April 20, 2005",Thing,NA,NA,AIR GAUGE,F K P O,Honda Pilot,No,NA,22
"April 21, 2005",Phrase,NA,NA,IN GOOD FAITH,H M D O,Toyota Prius,No,NA,22
"April 22, 2005",On the Map,NA,NA,LUBBOCK,G H P I,"$25,000",No,NA,22
"April 25, 2005",Around the House,NA,NA,HEINZ KETCHUP,G H P A,Chevrolet Trailblazer,Yes,NA,22
"April 26, 2005",Thing,NA,NA,PRIVACY,C K G A,Chevrolet Trailblazer,No,NA,22
"April 27, 2005",Event,NA,NA,GIVING BIRTH,A Y P D,Mazda RX8,No,NA,22
"April 28, 2005",Phrase,NA,NA,TAKE FIVE,C M P A,"$25,000",Yes,NA,22
"April 29, 2005",Thing,NA,NA,A BIG FAVOR,C D M O,"$25,000",No,NA,22
"May 2, 2005",Thing,NA,NA,TUGBOAT,M D P O,"$25,000",No,NA,22
"May 3, 2005",Living Thing,NA,NA,GRIZZLY CUB,C M P O,"$25,000",No,NA,22
"May 4, 2005",On the Map,NA,NA,GARY INDIANA,M P C A,"$25,000",No,NA,22
"May 5, 2005",Around the House,NA,NA,WORKBENCH,F C P U,"$45,000",Yes,NA,22
"May 6, 2005",Phrase,NA,NA,KID STUFF,C D M A,"$25,000",No,NA,22
"May 9, 2005",Event,NA,NA,BOOK FAIR,C M Y A,"$30,000",No,NA,22
"May 10, 2005",Title,NA,NA,TV GUIDE,D B H A,"$40,000",No,NA,22
"May 11, 2005",Thing,NA,NA,A GOOD OMEN,B D M A,"$25,000",Yes,NA,22
"May 12, 2005",Phrase,NA,NA,HEAVY-DUTY,H M D A,"$25,000",No,NA,22
"May 13, 2005",Event,NA,NA,WILD GOOSE CHASE,H C D O,"$25,000",Yes,NA,22
"May 16, 2005",Thing,NA,NA,GRAVITY,C M H A,Chrysler Crossfire,No,NA,22
"May 17, 2005",Things,NA,NA,HIKING BOOTS,G D P I,"$25,000",No,NA,22
"May 18, 2005",Thing,NA,NA,KEYBOARD,C D M A,"$25,000",No,NA,22
"May 19, 2005",People,NA,NA,HAWAIIANS,C M P A,"$45,000",No,NA,22
"May 20, 2005",Living Thing,NA,NA,DAFFODIL,M P D O,"$40,000",Yes,NA,22
"May 23, 2005",Fictional Character,NA,NA,HEIDI,M P H A,"$35,000",No,NA,22
"May 24, 2005",Place,NA,NA,BIKE PATH,D M C A,"$25,000",No,NA,22
"May 25, 2005",Phrase,NA,NA,KEEPING BUSY,P M C I,"$25,000",Yes,NA,22
"May 26, 2005",Phrase,NA,NA,A BLAZE OF GLORY,B O P C,"$25,000",Yes,NA,22
"May 27, 2005",Living Thing,NA,NA,FAWN,B C D A,"$25,000",Yes,NA,22
"May 30, 2005",Proper Name,NA,NA,JEFF BRIDGES,B M D A,"$100,000",No,NA,22
"May 31, 2005",Place,NA,NA,FRAME SHOP,C P F O,"$35,000",Yes,NA,22
"June 1, 2005",Things,NA,NA,CUFF LINKS,G P D O,"$25,000",No,NA,22
"June 2, 2005",Thing,NA,NA,WAGON,C H K I,"$40,000",No,NA,22
"June 3, 2005",Phrase,NA,NA,GONE HAYWIRE,F C H I,Volvo,No,NA,22
"September 12, 2005",Thing,NA,NA,WOOD GLUE,G M C O,Chevrolet Trailblazer,No,NA,23
"September 13, 2005",Thing,NA,NA,BALL GOWN,C D M O,"$30,000",No,NA,23
"September 14, 2005",Phrase,NA,NA,YAKETY-YAK,C B M A,Z4 Convertible,No,NA,23
"September 15, 2005",Things,NA,NA,DIGITS,C M D A,Chevrolet Trailblazer,No,NA,23
"September 16, 2005",Thing,NA,NA,FORKLIFT,D W C A,"$40,000",No,NA,23
"September 19, 2005",Phrase,NA,NA,HALF-BAKED,C H P O,Honda Element,No,NA,23
"September 20, 2005",Thing,NA,NA,IVORY SOAP,K M W O,"$35,000",No,NA,23
"September 21, 2005",Thing,NA,NA,WEB BROWSER,C M B O,"$25,000",Yes,NA,23
"September 22, 2005",Thing,NA,NA,BALE OF HAY,H M P A,"$25,000",Yes,NA,23
"September 23, 2005",Thing,NA,NA,MUGGY WEATHER,C M P A,Honda Element,No,NA,23
"September 26, 2005",Thing,NA,NA,A GULF,C M D A,"$25,000",No,NA,23
"September 27, 2005",Thing,NA,NA,BRAVERY,B C D A,"$25,000",No,NA,23
"September 28, 2005",Fun & Games,NA,NA,KICKBOXING,W P G I,Audi TT,Yes,NA,23
"September 29, 2005",Thing,NA,NA,TEXTBOOK,C H P I,Toyota 4Runner,No,NA,23
"September 30, 2005",Phrase,NA,NA,HUNKY-DORY,D M P I,"$25,000",No,NA,23
"October 3, 2005",Thing,NA,NA,TAXI FARE,M D I P,"$50,000",No,NA,23
"October 4, 2005",Phrase,NA,NA,FORGIVE ME,B C M A,Jeep Wrangler,No,NA,23
"October 5, 2005",Phrase,NA,NA,HIGH IN FIBER,M D P O,"$25,000",No,NA,23
"October 6, 2005",Thing,NA,NA,MOVING VAN,D B G A,Jeep Wrangler,No,NA,23
"October 7, 2005",Phrase,NA,NA,WIDE-AWAKE,G M B A,"$30,000",No,NA,23
"October 10, 2005",Phrase,NA,NA,MAKE-BELIEVE,B M C A,"$40,000",Yes,NA,23
"October 11, 2005",Person,NA,NA,BUSYBODY,C M P O,Mini Cooper,No,NA,23
"October 12, 2005",Thing,NA,NA,CORKBOARD,D C B O,"$30,000",Yes,NA,23
"October 13, 2005",Fun & Games,NA,NA,CRAZY EIGHTS,C D M A,BMW X3,No,NA,23
"October 14, 2005",Thing,NA,NA,GOOD JUDGMENT,C D G A,BMW X3,Yes,NA,23
"October 17, 2005",Person,NA,NA,MOVIE BUFF,H M F I,Chevrolet Trailblazer,Yes,NA,23
"October 18, 2005",Phrase,NA,NA,THE GLOVES ARE OFF,F C D A,"$25,000",No,NA,23
"October 19, 2005",Event,NA,NA,JOB-HUNTING,H D G O,"$35,000",No,NA,23
"October 20, 2005",Living Things,NA,NA,BEGONIAS,C D B O,Land Rover,Yes,NA,23
"October 21, 2005",Living Thing,NA,NA,SKUNK,B P G O,Toyota 4Runner,Yes,NA,23
"October 24, 2005",Phrase,NA,NA,ROOM & BOARD,P G C A,Ford Fusion,No,NA,23
"October 25, 2005",On the Menu,NA,NA,BIG GULP,C D M O,"$25,000",No,NA,23
"October 26, 2005",Thing,NA,NA,FALL FOLIAGE,C M P O,"$50,000",No,NA,23
"October 27, 2005",Thing,NA,NA,PHILOSOPHY,P H G A,Ford Explorer,Yes,NA,23
"October 28, 2005",Thing,NA,NA,BIKE LOCK,B D G O,Ford Fusion,Yes,NA,23
"October 31, 2005",Person,NA,NA,UNSUNG HERO,C D A P,"$25,000",Yes,NA,23
"November 1, 2005",Phrase,NA,NA,FOUL TROUBLE,D C M I,"$45,000",Yes,NA,23
"November 2, 2005",Things,NA,NA,GYM SOCKS,C M P A,Toyota Sequoia,Yes,NA,23
"November 3, 2005",Phrase,NA,NA,HOT HAND,G B D O,"$25,000",No,NA,23
"November 4, 2005",Things,NA,NA,JUMPING JACKS,D M H O,Toyota Sequoia,No,NA,23
"November 7, 2005",Thing,NA,NA,PIZZA OVEN,D H P O,Nissan 350 Z,No,NA,23
"November 8, 2005",Living Thing,NA,NA,HALIBUT,M D P A,"$25,000",No,NA,23
"November 9, 2005",On the Menu,NA,NA,CHOW MEIN,D H B A,"$25,000",Yes,NA,23
"November 10, 2005",Phrase,NA,NA,FULL-FLAVORED,C D G A,"$25,000",No,NA,23
"November 11, 2005",Things,NA,NA,HUNGER PANGS,C D M I,"$25,000",No,NA,23
"November 14, 2005",Event,NA,NA,BIG BASH,H P D I,"$100,000",Yes,NA,23
"November 15, 2005",Thing,NA,NA,HUMIDITY,M D B O,"$25,000",No,NA,23
"November 16, 2005",On the Menu,NA,NA,PEACH DAIQUIRI,C M H A,Chrysler Crossfire,No,NA,23
"November 17, 2005",Phrase,NA,NA,A LAUGH RIOT,C D P A,"$25,000",No,NA,23
"November 18, 2005",Event,NA,NA,TAKING A WEEK OFF,G D P A,"$50,000",No,NA,23
"November 21, 2005",Fictional Character,NA,NA,BUZZ LIGHTYEAR,P A M D,"$100,000",Yes,NA,23
"November 22, 2005",Thing,NA,NA,KEY CHAIN,P M D A,"$35,000",No,NA,23
"November 23, 2005",Thing,NA,NA,GOLDFISH BOWL,A D M P,Scion xB,No,NA,23
"November 24, 2005",Phrase,NA,NA,GROW UP,M P D O,Scion xB,Yes,NA,23
"November 25, 2005",Thing,NA,NA,BIOLOGY,C G A P,Scion xB,No,NA,23
"November 28, 2005",Thing,NA,NA,FOLK TALE,C D H I,"$40,000",Yes,NA,23
"November 29, 2005",Phrase,NA,NA,I'M DRAWING A BLANK,D C H O,"$25,000",No,NA,23
"November 30, 2005",Around the House,NA,NA,MAKEUP BRUSH,H M F O,"$30,000",No,NA,23
"December 1, 2005",Thing,NA,NA,PLYWOOD,H C G A,Chrysler 300,No,NA,23
"December 2, 2005",Best Seller,NA,NA,JOY OF COOKING,D H M I,Nissan Murano,No,NA,23
"December 5, 2005",Thing,NA,NA,HORIZON,F H P O,Volvo XC90,No,NA,23
"December 6, 2005",Living Thing,NA,NA,WATCHDOG,D C M O,Nissan 350Z,Yes,NA,23
"December 7, 2005",Title,NA,NA,VANITY FAIR,H Y C A,"$100,000",No,NA,23
"December 8, 2005",On the Map,NA,NA,BURBANK,D P F I,"$25,000",No,NA,23
"December 9, 2005",Show Biz,NA,NA,JUGGLER,D C G U,"$25,000",Yes,NA,23
"December 12, 2005",Phrase,NA,NA,ZOOM IN,I C P M,"$40,000",No,NA,23
"December 13, 2005",Phrase,NA,NA,HANG BACK,K D P I,"$30,000",No,NA,23
"December 14, 2005",Around the House,NA,NA,OAK BUREAU,C D G A,Jaguar X-Type,No,NA,23
"December 15, 2005",Things,NA,NA,SKI GOGGLES,K C G I,"$30,000",Yes,NA,23
"December 16, 2005",Phrase,NA,NA,THINK FAST,H K F A,Jaguar X-Type,Yes,NA,23
"December 19, 2005",Phrase,NA,NA,HUNKER DOWN,B G M A,"$25,000",No,NA,23
"December 20, 2005",Phrase,NA,NA,IN FULL SWING,C M P I,BMW 325i,Yes,NA,23
"December 21, 2005",Phrase,NA,NA,POINT OF VIEW,M H P A,BMW 325i,No,NA,23
"December 22, 2005",Place,NA,NA,BOUTIQUE,M D P I,"$30,000",No,NA,23
"December 23, 2005",Rhyme Time,NA,NA,HODGEPODGE,C M P A,Infiniti FX35,No,NA,23
"December 26, 2005",Place,NA,NA,BUNGALOW,D P M A,Chevrolet HHR,No,NA,23
"December 27, 2005",Phrase,NA,NA,WAVE THE FLAG,H M B A,"$40,000",No,NA,23
"December 28, 2005",Living Thing,NA,NA,BABY'S BREATH,G D M A,Chevrolet HHR,No,NA,23
"December 29, 2005",Phrase,NA,NA,GIVE ME A HINT,M C P A,Chevrolet HHR,No,NA,23
"December 30, 2005",Person,NA,NA,HOMEBODY,C M P A,Chevrolet HHR,Yes,NA,23
"January 2, 2006",Phrase,NA,NA,A GREAT BUY,G C M A,Hummer H3,No,NA,23
"January 3, 2006",Phrase,NA,NA,WEARING TWO HATS,D G P O,Pontiac Solstice,No,NA,23
"January 4, 2006",Living Thing,NA,NA,HEIFER,B C D A,"$25,000",Yes,NA,23
"January 5, 2006",Thing,NA,NA,PAY STUB,M D B A,Hummer H3,No,NA,23
"January 6, 2006",Phrase,NA,NA,AHEAD OF THE CURVE,D M B A,Hummer H3,No,NA,23
"January 9, 2006",On the Menu,NA,NA,RHUBARB PIE,P G M I,"$35,000",No,NA,23
"January 10, 2006",Phrase,NA,NA,I’VE GOT A HUNCH,G M C O,Nissan Pathfinder,No,NA,23
"January 11, 2006",Phrase,NA,NA,WORTH THE RISK,P H Y U,Nissan Pathfinder,Yes,NA,23
"January 12, 2006",Occupation,NA,NA,FRY COOK,P C W I,Nissan Pathfinder,No,NA,23
"January 13, 2006",Thing,NA,NA,CURFEW,C D M A,"$40,000",No,NA,23
"January 16, 2006",Thing,NA,NA,A GUST OF WIND,B G H A,"$45,000",Yes,NA,23
"January 17, 2006",People,NA,NA,PEP SQUAD,D C B I,"$25,000",Yes,NA,23
"January 18, 2006",Thing,NA,NA,BEAR HUG,G F C A,"$25,000",Yes,NA,23
"January 19, 2006",Around the House,NA,NA,PHOTO ALBUM,H P C O,Chevrolet HHR,Yes,NA,23
"January 20, 2006",Living Thing,NA,NA,HOUSEFLY,C D G A,Audi A4,Yes,NA,23
"January 23, 2006",Phrase,NA,NA,FLAG ON THE PLAY,H C P A,Chevrolet SSR,Yes,NA,23
"January 24, 2006",Things,NA,NA,BRAINS AND BRAWN,B C P A,"$100,000",Yes,NA,23
"January 25, 2006",Thing,NA,NA,OLD RIVALRY,D V M O,Cadillac CTS,Yes,NA,23
"January 26, 2006",Phrase,NA,NA,SQUARING OFF,G K C A,"$25,000",No,NA,23
"January 27, 2006",Things,NA,NA,BANDAGES,P C D A,Cadillac CTS,Yes,NA,23
"January 30, 2006",In the Kitchen,NA,NA,HAND MIXER,C D P I,"$25,000",No,NA,23
"January 31, 2006",Phrase,NA,NA,I’M FLEXIBLE,M P D I,"$25,000",No,NA,23
"February 1, 2006",Phrase,NA,NA,JUST WING IT,G P D O,"$25,000",Yes,NA,23
"February 2, 2006",Thing,NA,NA,KNOWLEDGE,P V C I,Jeep Commander,No,NA,23
"February 3, 2006",Phrase,NA,NA,A BRIGHT FUTURE,M D P O,"$40,000",Yes,NA,23
"February 6, 2006",Thing,NA,NA,RISKY MOVE,D M H A,"$100,000",Yes,NA,23
"February 7, 2006",Phrase,NA,NA,BUNDLE OF JOY,C M D O,"$50,000",Yes,NA,23
"February 8, 2006",Phrase,NA,NA,LAUGH IT OFF,M H D A,"$25,000",No,NA,23
"February 9, 2006",Phrase,NA,NA,I APOLOGIZE,C D H A,"$25,000",No,NA,23
"February 10, 2006",Fun & Games,NA,NA,MIXED DOUBLES,D F M A,"$25,000",No,NA,23
"February 13, 2006",Thing,NA,NA,PATIO COVER,M C H A,Mercedes,No,NA,23
"February 14, 2006",Phrase,NA,NA,A HEALTHY GLOW,M P Y O,"$30,000",No,NA,23
"February 15, 2006",Living Thing,NA,NA,FLAMINGO,D C H A,"$30,000",No,NA,23
"February 16, 2006",In the Kitchen,NA,NA,JUICE BOX,H C M O,"$100,000",No,NA,23
"February 17, 2006",Thing,NA,NA,A SKIMPY BIKINI,D G M I,"$30,000",Yes,NA,23
"February 20, 2006",Person,NA,NA,BIRTHDAY BOY,B G M O,"$25,000",Yes,NA,23
"February 21, 2006",Classic TV,NA,NA,MIAMI VICE,I C P D,"$25,000",Yes,NA,23
"February 22, 2006",Phrase,NA,NA,WALK THE PLANK,H D G O,"$30,000",No,NA,23
"February 23, 2006",Phrase,NA,NA,A FAIR SHAKE,F G C A,"$25,000",Yes,NA,23
"February 24, 2006",Things,NA,NA,HOURLY WAGES,G C M O,"$30,000",No,NA,23
"February 27, 2006",Thing,NA,NA,GROUP HUG,C P G A,Land Rover,Yes,NA,23
"February 28, 2006",Thing,NA,NA,KNOW-HOW,D M P O,"$100,000",Yes,NA,23
"March 1, 2006",Thing,NA,NA,MOVIE TRIVIA,H D M A,Porsche,Yes,NA,23
"March 2, 2006",On the Map,NA,NA,DUBUQUE IOWA,P M C A,Land Rover,No,NA,23
"March 3, 2006",Phrase,NA,NA,I MISJUDGED YOU,D B M A,Land Rover,No,NA,23
"March 6, 2006",Phrase,NA,NA,MAKING A FUSS,P M K A,"$30,000",Yes,NA,23
"March 7, 2006",Person,NA,NA,SIBLING,C D M O,"$40,000",No,NA,23
"March 8, 2006",On the Map,NA,NA,TAHITI,M B D A,"$45,000",Yes,NA,23
"March 9, 2006",Thing,NA,NA,COPYRIGHT,D C P A,Mini Cooper,No,NA,23
"March 10, 2006",Phrase,NA,NA,FORCE OF HABIT,C H D A,"$35,000",Yes,NA,23
"March 13, 2006",Phrase,NA,NA,MAKING WAVES,G D C I,Jeep Wrangler,No,NA,23
"March 14, 2006",Phrase,NA,NA,ON MY BEHALF,M D C I,"$100,000",No,NA,23
"March 15, 2006",Phrase,NA,NA,PAVING THE WAY,M K D I,Saab 9-3 Convertible,Yes,NA,23
"March 16, 2006",Thing,NA,NA,SYMPHONY,C D K I,"$50,000",No,NA,23
"March 17, 2006",Things,NA,NA,GOLD COINS,B D M O,Jeep Wrangler,Yes,NA,23
"March 20, 2006",On the Map,NA,NA,PUEBLO,D B M O,Lexus,Yes,NA,23
"March 21, 2006",Phrase,NA,NA,GOING DUTCH,D M C A,Lexus,Yes,NA,23
"March 22, 2006",Phrase,NA,NA,IN THE GROOVE,H C G I,Lexus,Yes,NA,23
"March 23, 2006",Rhyme Time,NA,NA,SKY-HIGH,B D M A,"$25,000",No,NA,23
"March 24, 2006",Event,NA,NA,MATH QUIZ,H M G O,"$25,000",Yes,NA,23
"March 27, 2006",Phrase,NA,NA,FLUFF AND FOLD,D C B A,"$25,000",No,NA,23
"March 28, 2006",Event,NA,NA,GIVING BLOOD,K Y C O,Volvo,No,NA,23
"March 29, 2006",Things,NA,NA,HOUSEHOLD CHORES,H C D O,"$25,000",Yes,NA,23
"March 30, 2006",On the Map,NA,NA,KUWAIT,D C M I,Volvo,No,NA,23
"March 31, 2006",Thing,NA,NA,YOUNG LOVE,C K M A,Nissan Infinity,No,NA,23
"April 3, 2006",Phrase,NA,NA,JUST FOCUS,M P C U,Chevrolet HHR,Yes,NA,23
"April 4, 2006",Event,NA,NA,BLOWING A FUSE,H G I C,"$50,000",No,NA,23
"April 5, 2006",Phrase,NA,NA,BODY LANGUAGE,G B M I,Jeep Commander,No,NA,23
"April 6, 2006",Thing,NA,NA,FISHHOOK,C D H O,Chevrolet HHR,No,NA,23
"April 7, 2006",Show Biz,NA,NA,JAZZ GUITAR,A C D M,Jeep Commander,No,NA,23
"April 10, 2006",Things,NA,NA,VALUABLES,M D G A,Jaguar X-Type,No,NA,23
"April 11, 2006",On the Map,NA,NA,BOLIVIA,M D P A,"$40,000",Yes,NA,23
"April 12, 2006",Living Thing,NA,NA,BULLFROG,D M C O,"$25,000",No,NA,23
"April 13, 2006",Phrase,NA,NA,I GAVE MY WORD,H C M I,Mini Cooper,No,NA,23
"April 14, 2006",Around the House,NA,NA,DOOR HINGE,D C H O,Jeep Wrangler,Yes,NA,23
"April 17, 2006",Thing,NA,NA,HEAVY WORKLOAD,D M B A,"$25,000",No,NA,23
"April 18, 2006",Phrase,NA,NA,A GOOD FIT,C H W A,"$25,000",Yes,NA,23
"April 19, 2006",Phrase,NA,NA,BRIEF ME,BMKA,"$30,000",No,NA,23
"April 20, 2006",Things,NA,NA,HOBBIES,P D C O,"$50,000",No,NA,23
"April 21, 2006",Phrase,NA,NA,QUITE A JOLT,C G M A,"$30,000",No,NA,23
"April 24, 2006",Person,NA,NA,CIVIL WAR BUFF,F D C A,"$25,000",No,NA,23
"April 25, 2006",Fictional Characters,NA,NA,GOOFY & PLUTO,P C D O,"$30,000",Yes,NA,23
"April 26, 2006",Phrase,NA,NA,HIGH MARKS,B C D I,"$30,000",No,NA,23
"April 27, 2006",Phrase,NA,NA,THICK AND JUICY,D G M O,Winnebago,No,NA,23
"April 28, 2006",Thing,NA,NA,BUBBLE WRAP,M D A C,"$100,000",No,NA,23
"May 1, 2006",Thing,NA,NA,TOUGH BREAK,H C P A,"$30,000",No,NA,23
"May 2, 2006",Phrase,NA,NA,HALF-OFF,B M C A,"$30,000",No,NA,23
"May 3, 2006",Phrase,NA,NA,DON'T GIVE UP,D P M O,"$40,000",Yes,NA,23
"May 4, 2006",Event,NA,NA,HAVING A BABY,G C D I,"$25,000",No,NA,23
"May 5, 2006",Phrase,NA,NA,JOIN HANDS,D P M A,"$30,000",No,NA,23
"May 8, 2006",Phrase,NA,NA,NO EASY FIX,O Y C D,"$45,000",No,NA,23
"May 9, 2006",Phrase,NA,NA,I BEG TO DIFFER,O M D H,"$30,000",No,NA,23
"May 10, 2006",In the Kitchen,NA,NA,BAKING DISH,D C B A,"$25,000",Yes,NA,23
"May 11, 2006",Phrase,NA,NA,JUMBO-SIZE,H C D O,"$30,000",No,NA,23
"May 12, 2006",Place,NA,NA,YOGA STUDIO,C D G O,"$30,000",Yes,NA,23
"May 15, 2006",Phrase,NA,NA,BACK IN A FLASH,C G M A,"$100,000",Yes,NA,23
"May 16, 2006",Thing,NA,NA,PLUMBING,B H M O,"$30,000",No,NA,23
"May 17, 2006",Place,NA,NA,BIKE SHOP,P M C A,Jeep Commander,Yes,NA,23
"May 18, 2006",Thing,NA,NA,FEAR OF HEIGHTS,P C H O,"$30,000",Yes,NA,23
"May 19, 2006",Things,NA,NA,HAZY SKIES,H M C O,"$30,000",No,NA,23
"May 22, 2006",People,NA,NA,YOUNG HIP CROWD,M G F A,"$45,000",No,NA,23
"May 23, 2006",Thing,NA,NA,A QUICK BITE,C K M A,"$25,000",No,NA,23
"May 24, 2006",Person,NA,NA,DOG SHOW JUDGE,C W D I,"$25,000",Yes,NA,23
"May 25, 2006",Thing,NA,NA,NIGHT JOB,G H O D,"$30,000",No,NA,23
"May 26, 2006",Fun & Games,NA,NA,JACK OF CLUBS,C G M A,Ford Explorer,No,NA,23
"May 29, 2006",Things,NA,NA,JOB SKILLS,K D C U,"$25,000",No,NA,23
"May 30, 2006",Thing,NA,NA,INSIGNIA,P G D A,Audi A4,Yes,NA,23
"May 31, 2006",People,NA,NA,YOUTH CHORUS,C H M A,"$40,000",Yes,NA,23
"June 1, 2006",On the Map,NA,NA,MOUNT FUJI,C D M A,"$30,000",Yes,NA,23
"June 2, 2006",Thing,NA,NA,HOUSEWORK,D M G O,"$25,000",Yes,NA,23
"June 5, 2006",Phrase,NA,NA,GOING HALFWAY,D M H O,"$45,000",No,NA,23
"June 6, 2006",Phrase,NA,NA,A MIXED BAG,D M C I,Infiniti G35,Yes,NA,23
"June 8, 2006",Thing,NA,NA,WAVY HAIR,C D P A,"$30,000",No,NA,23
"June 8, 2006",Thing,NA,NA,PUBLICITY,H C B A,"$45,000",No,NA,23
"June 9, 2006",Phrase,NA,NA,BY DESIGN,D M P I,"$30,000",Yes,NA,23
"September 11, 2006",Things,NA,NA,BIG PROFITS,C M P O,"$30,000",Yes,NA,24
"September 12, 2006",Phrase,NA,NA,EBB AND FLOW,D B G A,"$30,000",Yes,NA,24
"September 13, 2006",On the Map,NA,NA,WICHITA,M G P A,"$25,000",Yes,NA,24
"September 14, 2006",Person,NA,NA,TOUGH GUY,D H M A,"$25,000",No,NA,24
"September 15, 2006",Thing,NA,NA,FUEL GAUGE,C D M O,"$25,000",Yes,NA,24
"September 18, 2006",Phrase,NA,NA,HAVE FAITH,B D M O,Pontiac Solstice,No,NA,24
"September 19, 2006",Place,NA,NA,ORANGE GROVE,P C M O,"$25,000",Yes,NA,24
"September 20, 2006",Person,NA,NA,QUICK STUDY,M B J A,Pontiac Solstice,No,NA,24
"September 21, 2006",Event,NA,NA,MAKING A VOW,B C M A,"$25,000",No,NA,24
"September 22, 2006",Place,NA,NA,SUBURB,P M D A,"$50,000",No,NA,24
"September 25, 2006",Things,NA,NA,COWBOY BOOTS,C M H A,"$35,000",No,NA,24
"September 26, 2006",Living Thing,NA,NA,FICUS,C D M I,Jeep Liberty,Yes,NA,24
"September 27, 2006",Place,NA,NA,THE FAIRWAY,C P M A,"$25,000",No,NA,24
"September 28, 2006",Thing,NA,NA,WAVE GOODBYE,C M D O,"$45,000",No,NA,24
"September 29, 2006",Thing,NA,NA,YARD WORK,D G M O,Jeep Liberty,Yes,NA,24
"October 2, 2006",Phrase,NA,NA,TAKE A WHIFF,P C B A,"$30,000",No,NA,24
"October 3, 2006",Phrase,NA,NA,IT WAS A FLUKE,W C G I,"$30,000",No,NA,24
"October 4, 2006",Person,NA,NA,FUSSY BABY,C M G A,"$30,000",No,NA,24
"October 5, 2006",Thing,NA,NA,HINDSIGHT,C M D A,Volkswagen Beetle,No,NA,24
"October 6, 2006",On the Map,NA,NA,SAGINAW,D Y P A,"$30,000",No,NA,24
"October 9, 2006",Fictional Characters,NA,NA,BASHFUL & DOPEY,H D M A,"$50,000",Yes,NA,24
"October 10, 2006",Thing,NA,NA,BLOOD TYPE,C G M A,"$100,000",No,NA,24
"October 11, 2006",Thing,NA,NA,GOLF VISOR,C H B I,Nissan Pathfinder,No,NA,24
"October 12, 2006",Phrase,NA,NA,HEAVE-HO,B C D A,Nissan Pathfinder,Yes,NA,24
"October 13, 2006",Phrase,NA,NA,WAFER-THIN,G B F O,"$50,000",Yes,NA,24
"October 16, 2006",People,NA,NA,OHIOANS,F M D A,"$30,000",No,NA,24
"October 17, 2006",Food & Drink,NA,NA,HOT WINGS,C B M A,"$25,000",Yes,NA,24
"October 18, 2006",Things,NA,NA,FIGURINES,I M F B,"$30,000",Yes,NA,24
"October 19, 2006",On the Map,NA,NA,HAMBURG,M P F O,Audi A3,No,NA,24
"October 20, 2006",Phrase,NA,NA,SHOCK VALUE,H F M I,"$40,000",No,NA,24
"October 23, 2006",Place,NA,NA,PUMPKIN PATCH,C D M A,"$25,000",Yes,NA,24
"October 24, 2006",Thing,NA,NA,QUICK PACE,M F P U,Honda Element,No,NA,24
"October 25, 2006",Phrase,NA,NA,SHOWING OFF,P G C A,"$30,000",No,NA,24
"October 26, 2006",Thing,NA,NA,BAD JOKE,A C M P,"$40,000",No,NA,24
"October 27, 2006",Things,NA,NA,COOL GADGETS,A M H C,"$50,000",No,NA,24
"October 30, 2006",Phrase,NA,NA,HOW LUCKY,D G M A,"$50,000",No,NA,24
"October 31, 2006",On the Map,NA,NA,URUGUAY,C D H A,"$30,000",No,NA,24
"November 1, 2006",Thing,NA,NA,VIVID DREAM,D M B A,"$30,000",No,NA,24
"November 2, 2006",Phrase,NA,NA,BOYISH CHARM,D H P I,"$35,000",No,NA,24
"November 3, 2006",Thing,NA,NA,JOB OFFER,G B D O,Pair of Hummer H3s,Yes,NA,24
"November 6, 2006",Things,NA,NA,GLAZED POTS,F P B O,Cadillac CTS,Yes,NA,24
"November 7, 2006",Place,NA,NA,DUGOUT,M D P I,"$25,000",Yes,NA,24
"November 8, 2006",Event,NA,NA,JULY FOURTH,C D M A,GMC Yukon,No,NA,24
"November 9, 2006",Thing,NA,NA,BACK PAGE,H G B A,"$35,000",No,NA,24
"November 10, 2006",Thing,NA,NA,HUMILITY,M D G A,Cadillac CTS,No,NA,24
"November 13, 2006",Thing,NA,NA,MAHOGANY DOOR,D M G O,"$30,000",No,NA,24
"November 14, 2006",Phrase,NA,NA,TOUGH BUT FAIR,C D M A,"$30,000",No,NA,24
"November 15, 2006",Phrase,NA,NA,GIVE ME A HUG,M K B I D,"$30,000",Yes,NA,24
"November 16, 2006",Thing,NA,NA,JEALOUSY,C D M A B,"$30,000",No,NA,24
"November 17, 2006",Thing,NA,NA,BRIEF OVERVIEW,C P M A,Pair of Chevrolet Tahoes,No,NA,24
"November 20, 2006",Phrase,NA,NA,WE GO WAY BACK,B C M A,"$30,000",No,NA,24
"November 21, 2006",On the Map,NA,NA,OSHKOSH,C H M A,Saturn Sky,Yes,NA,24
"November 22, 2006",Phrase,NA,NA,IN A HUFF,M H A D,Saturn Sky,No,NA,24
"November 23, 2006",Thing,NA,NA,VETO POWER,H M G A,"$25,000",No,NA,24
"November 24, 2006",Food & Drink,NA,NA,BROWN GRAVY,F D C A,Miata MX5,No,NA,24
"November 27, 2006",Phrase,NA,NA,BEING COY,G D M I,"$30,000",No,NA,24
"November 28, 2006",Food & Drink,NA,NA,SMOKED GOUDA,H D C A,"$30,000",No,NA,24
"November 29, 2006",Event,NA,NA,THE LONG JUMP,C G D A,"$30,000",No,NA,24
"November 30, 2006",Phrase,NA,NA,HEAVEN FORBID,C D H A,"$45,000",No,NA,24
"December 1, 2006",Thing,NA,NA,FOOLISH PRIDE,P H B A,"$50,000",No,NA,24
"December 4, 2006",Phrase,NA,NA,WARM AND FUZZY,M B G O,"$30,000",No,NA,24
"December 5, 2006",Proper Name,NA,NA,GOLDIE HAWN,D G C O,"$100,000",Yes,NA,24
"December 6, 2006",Phrase,NA,NA,YOU'VE GROWN UP,Y G P O W,Mustang convertible,Yes,NA,24
"December 7, 2006",On the Map,NA,NA,HOBOKEN,D H C I,Mustang convertible,Yes,NA,24
"December 8, 2006",Phrase,NA,NA,VOUCH FOR ME,M P D O,"$50,000",No,NA,24
"December 11, 2006",Phrase,NA,NA,TWO OF A KIND,G M D A,Saab,No,NA,24
"December 12, 2006",Things,NA,NA,WOOL GLOVES,B D C U,"$30,000",No,NA,24
"December 13, 2006",Phrase,NA,NA,CRYING WOLF,M P D O,Volvo,No,NA,24
"December 14, 2006",Thing,NA,NA,FUN HOBBY,D G P O,"$25,000",No,NA,24
"December 15, 2006",Living Thing,NA,NA,HEDGEHOG,C D M I,"$25,000",No,NA,24
"December 18, 2006",Phrase,NA,NA,HOT AND HUMID,C M B A,"$30,000",No,NA,24
"December 19, 2006",Phrase,NA,NA,WORD OF MOUTH,M F G O,Winnebago,Yes,NA,24
"December 20, 2006",Thing,NA,NA,A TIGHT GRIP,C M O D,"$45,000",No,NA,24
"December 21, 2006",Thing,NA,NA,FAMILY BUDGET,M J H O,Winnebago,No,NA,24
"December 22, 2006",Song Lyrics,NA,NA,I DID IT MY WAY,C D P O,Winnebago,No,NA,24
"December 25, 2006",Food & Drink,NA,NA,CHABLIS,C D P A,"$25,000",No,NA,24
"December 26, 2006",Things,NA,NA,HIGH HOPES,C H M O,Dodge Nitro,Yes,NA,24
"December 27, 2006",On the Map,NA,NA,IOWA CITY,C M H A G,Infiniti,Yes,NA,24
"December 28, 2006",Thing,NA,NA,DUNE BUGGY,P C M O,"$30,000",No,NA,24
"December 29, 2006",Food & Drink,NA,NA,FUDGE CAKE,B C D A,Dodge Nitro,Yes,NA,24
"January 1, 2007",Phrase,NA,NA,I APPROVE,M H C A,Jaguar X-Type,Yes,NA,24
"January 2, 2007",Event,NA,NA,BUYING BOOKS,B D M A,Jaguar X-Type,No,NA,24
"January 3, 2007",Thing,NA,NA,A BIG HINT,G D M A,"$30,000",Yes,NA,24
"January 4, 2007",Event,NA,NA,HUGE OVATION,C D G A,"$30,000",No,NA,24
"January 5, 2007",Thing,NA,NA,KEYPAD,C D M O,Jaguar X-Type,No,NA,24
"January 8, 2007",Thing,NA,NA,SOLID ALIBI,D M C A,"$30,000",No,NA,24
"January 9, 2007",Phrase,NA,NA,GIVE ME A BREAK,B C M O,"$25,000",Yes,NA,24
"January 10, 2007",On the Map,NA,NA,PARK CITY UTAH,P W M O,BMW Z3,No,NA,24
"January 11, 2007",Thing,NA,NA,BEIGE JACKET,C B F A,Mustang,Yes,NA,24
"January 12, 2007",Things,NA,NA,FLEXIBLE HOURS,M B D A,"$30,000",No,NA,24
"January 15, 2007",Thing,NA,NA,MAILBOX,M H P A,"$30,000",No,NA,24
"January 16, 2007",Phrase,NA,NA,WIT & WISDOM,C P M O,"$50,000",Yes,NA,24
"January 17, 2007",Phrase,NA,NA,LOOK SHARP,D M P A,"$25,000",No,NA,24
"January 18, 2007",Phrase,NA,NA,POKING FUN,M C D I,"$30,000",No,NA,24
"January 19, 2007",Phrase,NA,NA,BADGE OF HONOR,D H P A,"$25,000",Yes,NA,24
"January 22, 2007",Phrase,NA,NA,WORK OUT THE KINKS,M D C O,"$50,000",No,NA,24
"January 23, 2007",Phrase,NA,NA,GOOD POINT,C M D A,"$25,000",No,NA,24
"January 24, 2007",Food & Drink,NA,NA,CRISPY BACON,P C W O,"$30,000",Yes,NA,24
"January 25, 2007",Phrase,NA,NA,DEAD GIVEAWAY,D M G I,"$30,000",Yes,NA,24
"January 26, 2007",Person,NA,NA,GOURMET COOK,C D H A,"$50,000",Yes,NA,24
"January 29, 2007",Thing,NA,NA,BABY SHAMPOO,D M H A P,"$30,000",No,NA,24
"January 30, 2007",Phrase,NA,NA,SHOW ME HOW,H M P A B,"$30,000",Yes,NA,24
"January 31, 2007",Food & Drink,NA,NA,GRAPE JUICE,G P M A,"$30,000",Yes,NA,24
"February 1, 2007",Thing,NA,NA,VOLUME KNOB,P C M A,Pair of Volkswagen GTIs,No,NA,24
"February 2, 2007",Event,NA,NA,FOOD FIGHT,P M C A,"$30,000",No,NA,24
"February 5, 2007",Thing,NA,NA,OFFBEAT HUMOR,C P M A,"$30,000",No,NA,24
"February 6, 2007",Event,NA,NA,BLOWING A KISS,P G C A,"$30,000",No,NA,24
"February 7, 2007",Thing,NA,NA,FLAGPOLE,G P B I H,Winnebago,Yes,NA,24
"February 8, 2007",Things,NA,NA,PIANO KEYS,F M P I G,"$30,000",No,NA,24
"February 9, 2007",Phrase,NA,NA,I GOT MY WISH,F H C A,"$25,000",Yes,NA,24
"February 12, 2007",Living Thing,NA,NA,SAGEBRUSH,C H M A,"$25,000",No,NA,24
"February 13, 2007",Thing,NA,NA,TANGY FLAVOR,C M P A,"$100,000",Yes,NA,24
"February 14, 2007",Phrase,NA,NA,TOUGH IT OUT,C K H O D,Porsche Boxster,Yes,NA,24
"February 15, 2007",People,NA,NA,BRAZILIANS,C B K A,"$25,000",Yes,NA,24
"February 16, 2007",Phrase,NA,NA,NOTIFY ME,M G C O,"$50,000",No,NA,24
"February 19, 2007",Phrase,NA,NA,YOU BE THE JUDGE,H B M A,"$30,000",No,NA,24
"February 20, 2007",Person,NA,NA,HOCKEY FAN,M H C O,Saab,Yes,NA,24
"February 21, 2007",Food & Drink,NA,NA,PAPRIKA,G H M O,"$25,000",No,NA,24
"February 22, 2007",Thing,NA,NA,BUSHY BEARD,C M P A,"$30,000",No,NA,24
"February 23, 2007",Things,NA,NA,FOREIGN WORDS,M P C A,"$100,000",No,NA,24
"February 26, 2007",Things,NA,NA,FOG AND MIST,D I M P,"$25,000",Yes,NA,24
"February 27, 2007",Phrase,NA,NA,JUMPING FOR JOY,G D M I,"$30,000",Yes,NA,24
"February 28, 2007",Place,NA,NA,BINGO HALL,M H D A C,"$30,000",No,NA,24
"March 1, 2007",Thing,NA,NA,BLANK PAGE,C M P A,"$35,000",No,NA,24
"March 2, 2007",Things,NA,NA,SKI BOOTS,C M D O,"$30,000",No,NA,24
"March 5, 2007",Thing,NA,NA,PAPERWORK,D M P A,"$30,000",Yes,NA,24
"March 6, 2007",Phrase,NA,NA,IN VOGUE,M P D I,"$25,000",Yes,NA,24
"March 7, 2007",Phrase,NA,NA,PAYING DUES,C G M A,"$30,000",No,NA,24
"March 8, 2007",Phrase,NA,NA,HIGHLY ORGANIZED,C M H A,Volvo C70,No,NA,24
"March 9, 2007",Place,NA,NA,CITY BLOCK,H P C A,"$25,000",No,NA,24
"March 12, 2007",Phrase,NA,NA,REVVING UP,G B H I Y,Toyota 4Runner,No,NA,24
"March 13, 2007",Thing,NA,NA,GEOGRAPHY,G P M A,"$25,000",Yes,NA,24
"March 14, 2007",Thing,NA,NA,FOGHORN,H P C A,"$35,000",Yes,NA,24
"March 15, 2007",Phrase,NA,NA,I'M OVERJOYED,D M H O G,"$25,000",No,NA,24
"March 16, 2007",Phrase,NA,NA,BAKED OR FRIED,D B M O,"$35,000",Yes,NA,24
"March 19, 2007",Things,NA,NA,CHUBBY CHEEKS,P M F O,Land Rover,No,NA,24
"March 20, 2007",Event,NA,NA,DOZING OFF,B C G A,"$25,000",No,NA,24
"March 21, 2007",Thing,NA,NA,POLICE UNIFORM,C M P A,"$30,000",Yes,NA,24
"March 22, 2007",Thing,NA,NA,WIGGLE ROOM,C D M A,"$25,000",No,NA,24
"March 23, 2007",Thing,NA,NA,BUSYWORK,D M P O,"$30,000",No,NA,24
"March 26, 2007",Person,NA,NA,PLAYWRIGHT,C D G I M,"$40,000",Yes,NA,24
"March 27, 2007",On the Map,NA,NA,DULUTH,Y M C A,"$25,000",No,NA,24
"March 28, 2007",Food & Drink,NA,NA,DRIED FIGS,D B M I,"$25,000",Yes,NA,24
"March 29, 2007",Thing,NA,NA,POCKETBOOK,C H M O,"$25,000",Yes,NA,24
"March 30, 2007",Thing,NA,NA,NIFTY IDEA,C H D O,Mazda Miata,No,NA,24
"April 2, 2007",Things,NA,NA,PERKS OF THE JOB,D F H O,"$25,000",No,NA,24
"April 3, 2007",Phrase,NA,NA,WORDS FAIL ME,B M P A,"$30,000",No,NA,24
"April 4, 2007",Phrase,NA,NA,HIGH TIME,M K B A G,Chrysler Aspen,No,NA,24
"April 5, 2007",Phrase,NA,NA,NOBODY KNOWS,C D M I,"$100,000",No,NA,24
"April 6, 2007",Phrase,NA,NA,PIPING HOT,H M C O G,"$25,000",Yes,NA,24
"April 9, 2007",Thing,NA,NA,HEAVY TRAFFIC,C H M A P,"$30,000",No,NA,24
"April 10, 2007",Phrase,NA,NA,LIVING PROOF,C M D A,"$30,000",No,NA,24
"April 11, 2007",Things,NA,NA,CHOICE WORDS,P D M A,Jaguar X-Type,No,NA,24
"April 12, 2007",Things,NA,NA,FAIR WAGES,P C D O,"$25,000",No,NA,24
"April 13, 2007",Person,NA,NA,BIOGRAPHER,C D M I,Acura,No,NA,24
"April 16, 2007",On the Map,NA,NA,KITTY HAWK,M C P O,"$25,000",No,NA,24
"April 17, 2007",Phrase,NA,NA,OBEY THE LAW,D C M I,"$30,000",No,NA,24
"April 18, 2007",Phrase,NA,NA,BACK AND FORTH,M D P A,Volkswagen Beetle convertible,No,NA,24
"April 19, 2007",Phrase,NA,NA,HUMBLE PIE,C D P A,Nissan convertible,No,NA,24
"April 20, 2007",Phrase,NA,NA,DON'T QUIT,D P M A,"$25,000",Yes,NA,24
"April 23, 2007",Person,NA,NA,THE BIG BOSS,B G P O,"$35,000",Yes,NA,24
"April 24, 2007",In the Kitchen,NA,NA,BACKSPLASH,M C D A P,"$25,000",Yes,NA,24
"April 25, 2007",Things,NA,NA,FUN FACTS,F D P A,"$25,000",Yes,NA,24
"April 26, 2007",Phrase,NA,NA,LUCKY YOU,D P M O,"$30,000",Yes,NA,24
"April 27, 2007",Phrase,NA,NA,I'M HUNGRY,B D Y I,"$40,000",Yes,NA,24
"April 30, 2007",Phrase,NA,NA,BUYING IN BULK,M G D O,"$50,000",No,NA,24
"May 1, 2007",Thing,NA,NA,VIEWPOINT,C H M O D,"$25,000",No,NA,24
"May 2, 2007",Thing,NA,NA,AUTOGRAPH,H M P O,"$30,000",Yes,NA,24
"May 3, 2007",Thing,NA,NA,HUSKY VOICE,H D P A,Pair of Ford Mustangs,No,NA,24
"May 4, 2007",Show Biz,NA,NA,RADIO JINGLE,C D G I,"$35,000",Yes,NA,24
"May 7, 2007",Person,NA,NA,HIGH BIDDER,M P D O,Saturn Sky,No,NA,24
"May 8, 2007",Event,NA,NA,JURY DUTY,C D M A,"$40,000",No,NA,24
"May 9, 2007",Phrase,NA,NA,WAY OF LIFE,M K P I,"$50,000",No,NA,24
"May 10, 2007",Phrase,NA,NA,DAWN TO DUSK,C M P O,Infiniti,No,NA,24
"May 11, 2007",Thing,NA,NA,HOT GOSSIP,G H M O,Infiniti,Yes,NA,24
"May 14, 2007",Thing,NA,NA,PHOTO EXHIBIT,H D M A,"$30,000",No,NA,24
"May 15, 2007",Living Thing,NA,NA,MIGHTY OAK,D M G O,"$25,000",No,NA,24
"May 16, 2007",Food & Drink,NA,NA,CHILI POWDER,B D M A,Pontiac Solstice,No,NA,24
"May 17, 2007",Phrase,NA,NA,COME WHAT MAY,C H M A,Jeep Commander,Yes,NA,24
"May 18, 2007",Phrase,NA,NA,I'M BAFFLED,M H C I,"$25,000",No,NA,24
"May 21, 2007",People,NA,NA,PARTYGOERS,C B P A,"$35,000",No,NA,24
"May 22, 2007",Thing,NA,NA,WASHABLE WOOL,P C M A,"$30,000",No,NA,24
"May 23, 2007",Things,NA,NA,BYLAWS,P G C A,"$30,000",No,NA,24
"May 24, 2007",Thing,NA,NA,MUTUAL FUND,C D M A,"$25,000",No,NA,24
"May 25, 2007",Thing,NA,NA,A QUICK SMOOCH,D M C O,"$25,000",No,NA,24
"May 28, 2007",Things,NA,NA,LOFTY GOALS,G M C I,"$25,000",No,NA,24
"May 29, 2007",Phrase,NA,NA,A FAIR VALUE,C P H O,"$30,000",No,NA,24
"May 30, 2007",Proper Name,NA,NA,HUGH JACKMAN,D M C A B,"$100,000",Yes,NA,24
"May 31, 2007",Phrase,NA,NA,KICK THE HABIT,H D P A C,"$30,000",No,NA,24
"June 1, 2007",Phrase,NA,NA,BUMPER CROP,M D B A,"$50,000",No,NA,24
"June 4, 2007",Phrase,NA,NA,I WONDER WHY,C D P A,"$30,000",No,NA,24
"June 5, 2007",Things,NA,NA,WIPER BLADES,B P D O,"$25,000",No,NA,24
"June 6, 2007",Event,NA,NA,HOUSING BOOM,G C D A,"$30,000",No,NA,24
"June 7, 2007",Person,NA,NA,TRIVIA BUFF,C J G A,"$30,000",No,NA,24
"June 8, 2007",Phrase,NA,NA,BREAK IT OFF,B H M I,"$30,000",Yes,NA,24
"September 10, 2007",In the Kitchen,NA,NA,MIXING BOWL,C D P A,"$100,000",No,NA,25
"September 11, 2007",Phrase,NA,NA,PURE HOGWASH,W D P I,Mercedes ML350,No,NA,25
"September 12, 2007",Place,NA,NA,PAVILION,C G P A,Volkswagen Beetle,Yes,NA,25
"September 13, 2007",Show Biz,NA,NA,COMEDY DUO,C M P A D,"$25,000",No,NA,25
"September 14, 2007",Phrase,NA,NA,DO YOUR JOB,C M P A,"$25,000",No,NA,25
"September 17, 2007",Thing,NA,NA,SCRAPBOOK,M P F A,"$30,000",Yes,NA,25
"September 18, 2007",Phrase,NA,NA,OUT OF FAVOR,D F H O,"$35,000",No,NA,25
"September 19, 2007",Things,NA,NA,HOME VIDEOS,C M D A,"$35,000",No,NA,25
"September 20, 2007",Phrase,NA,NA,FINISH UP,H C M I,"$30,000",Yes,NA,25
"September 21, 2007",On the Map,NA,NA,BANGOR,G D M A,"$25,000",Yes,NA,25
"September 24, 2007",Phrase,NA,NA,NOW I KNOW,C D P O,Winnebago,Yes,NA,25
"September 25, 2007",On the Map,NA,NA,HILO HAWAII,D C M A,Saturn Sky,No,NA,25
"September 26, 2007",In the Kitchen,NA,NA,CLING WRAP,D C B A,"$30,000",No,NA,25
"September 27, 2007",Things,NA,NA,GIGABYTES,D H C A,"$45,000",No,NA,25
"September 28, 2007",Thing,NA,NA,HALF-MOON,C H P A,"$30,000",Yes,NA,25
"October 1, 2007",Around the House,NA,NA,JUNK DRAWER,D C M O,"$25,000",No,NA,25
"October 2, 2007",Living Thing,NA,NA,LADYBUG,B F P A,"$30,000",No,NA,25
"October 3, 2007",Phrase,NA,NA,PAY THE PIPER,C M F O,"$25,000",No,NA,25
"October 4, 2007",Phrase,NA,NA,GIVE A HOOT,D C M A,"$100,000",No,NA,25
"October 5, 2007",Occupation,NA,NA,COURT BAILIFF,C D G O M,Mazda CX-7,No,NA,25
"October 8, 2007",Living Things,NA,NA,GUPPIES,C D M I,"$100,000",No,NA,25
"October 9, 2007",Phrase,NA,NA,IN FASHION,C D M O,"$50,000",No,NA,25
"October 10, 2007",Phrase,NA,NA,YOU MAY BEGIN,M P H I,"$30,000",No,NA,25
"October 11, 2007",Thing,NA,NA,SHADOW,G P M I,"$25,000",No,NA,25
"October 12, 2007",Things,NA,NA,A FEW LAUGHS,D G B A,Chevrolet Equinox,No,NA,25
"October 15, 2007",Thing,NA,NA,DREAM JOB,B C M A,"$35,000",Yes,NA,25
"October 16, 2007",Phrase,NA,NA,SHOW YOUR STUFF,Y M G O,"$50,000",No,NA,25
"October 17, 2007",Thing,NA,NA,HAPPY FACE,C D P O,"$25,000",No,NA,25
"October 18, 2007",Phrase,NA,NA,ITCHING TO GO,C M P A,"$25,000",Yes,NA,25
"October 19, 2007",Event,NA,NA,A QUICK BREAK,C H P O,"$25,000",No,NA,25
"October 22, 2007",Food & Drink,NA,NA,WHITE GRAVY,F D C U,"$50,000",No,NA,25
"October 23, 2007",Thing,NA,NA,MICROSCOPE,H M P O F,"$40,000",Yes,NA,25
"October 24, 2007",Phrase,NA,NA,A SNUG FIT,P H G A D,Nissan 350Z,Yes,NA,25
"October 25, 2007",Thing,NA,NA,BIKE RACK,M G C A,"$100,000",No,NA,25
"October 26, 2007",Phrase,NA,NA,WORDS OF WISDOM,C M P U F,"$25,000",No,NA,25
"October 29, 2007",Fun & Games,NA,NA,RUGBY,D M P A,"$25,000",Yes,NA,25
"October 30, 2007",Occupation,NA,NA,BOOKKEEPER,C M D A,"$30,000",No,NA,25
"October 31, 2007",Phrase,NA,NA,CHECK THE BOX,M H C A,"$30,000",No,NA,25
"November 1, 2007",Phrase,NA,NA,FAR AND WIDE,F Y G O,Infiniti,Yes,NA,25
"November 2, 2007",Things,NA,NA,HOT TOPICS,D P M O,"$30,000",No,NA,25
"November 5, 2007",Phrase,NA,NA,BOTH OF US,D H C O,"$25,000",Yes,NA,25
"November 6, 2007",Phrase,NA,NA,GOOD WORK,M D B A,"$30,000",No,NA,25
"November 7, 2007",Thing,NA,NA,DOUBLE VISION,C M P A D,"$30,000",Yes,NA,25
"November 8, 2007",Phrase,NA,NA,YOUNG AND FOOLISH,F C M O D,"$50,000",No,NA,25
"November 9, 2007",Phrase,NA,NA,CATCH A WAVE,C D B A,"$25,000",Yes,NA,25
"November 12, 2007",Thing,NA,NA,HAIR RIBBON,M D Y O C,"$30,000",Yes,NA,25
"November 13, 2007",Food & Drink,NA,NA,JUICY BURGER,P C D I,"$30,000",No,NA,25
"November 14, 2007",Phrase,NA,NA,I'M HOPEFUL,D M I P,Mercedes,No,NA,25
"November 15, 2007",Thing,NA,NA,FUZZY MEMORY,D P G A B,"$30,000",No,NA,25
"November 16, 2007",Phrase,NA,NA,A CUT ABOVE,F H D O,Mercedes,No,NA,25
"November 19, 2007",Thing,NA,NA,WILLPOWER,C M P A,"$30,000",Yes,NA,25
"November 20, 2007",Phrase,NA,NA,WAIST-HIGH,B D M A,"$45,000",No,NA,25
"November 21, 2007",Things,NA,NA,SOAP BUBBLES,D M C O,"$25,000",No,NA,25
"November 22, 2007",Things,NA,NA,PAIR OF PAJAMAS,C F M O,"$25,000",No,NA,25
"November 23, 2007",Event,NA,NA,BUYING A HOME,G M D I,"$25,000",No,NA,25
"November 26, 2007",Place,NA,NA,BANK VAULT,G H C A,"$35,000",Yes,NA,25
"November 27, 2007",On the Map,NA,NA,FLAGSTAFF,C H F A,"$30,000",Yes,NA,25
"November 28, 2007",Person,NA,NA,GROWING BOY,M B C A,"$25,000",No,NA,25
"November 29, 2007",Phrase,NA,NA,HANG TOUGH,G B M A,"$40,000",Yes,NA,25
"November 30, 2007",Things,NA,NA,LOW PRICES,M C D A,"$30,000",Yes,NA,25
"December 3, 2007",Phrase,NA,NA,BY YOUR SIDE,D P M A,"$25,000",No,NA,25
"December 4, 2007",Place,NA,NA,WALK OF FAME,F M H A,"$45,000",No,NA,25
"December 5, 2007",Thing,NA,NA,OXFORD SHIRT,B G H O,Infiniti FX35,Yes,NA,25
"December 6, 2007",Living Thing,NA,NA,KING CRAB,D F G O,Audi A3,No,NA,25
"December 7, 2007",Phrase,NA,NA,HIGH-AND-MIGHTY,D P C A H,"$40,000",No,NA,25
"December 10, 2007",People,NA,NA,WIVES,M C G A,"$30,000",No,NA,25
"December 11, 2007",Person,NA,NA,OFF-DUTY COP,C H D A,"$50,000",Yes,NA,25
"December 12, 2007",Phrase,NA,NA,EGO BOOST,G C M I,"$25,000",Yes,NA,25
"December 13, 2007",Phrase,NA,NA,IN GOOD HEALTH,M D H A,Mini Cooper,Yes,NA,25
"December 14, 2007",Food & Drink,NA,NA,PISTACHIOS,C D H I,"$35,000",Yes,NA,25
"December 17, 2007",Phrase,NA,NA,OH MY GOSH,C H F I,"$30,000",Yes,NA,25
"December 18, 2007",Phrase,NA,NA,FADING AWAY,G B H O,"$35,000",No,NA,25
"December 19, 2007",Place,NA,NA,CITY PARK,C H F A,"$25,000",Yes,NA,25
"December 20, 2007",Phrase,NA,NA,BELOW ZERO,M B G A,"$30,000",No,NA,25
"December 21, 2007",Thing,NA,NA,DRIFTWOOD,D C F A,"$100,000",Yes,NA,25
"December 24, 2007",Rhyme Time,NA,NA,ZIP YOUR LIP,B C D O,Volkswagen Passat,No,NA,25
"December 25, 2007",Around the House,NA,NA,HUMIDIFIER,C D M A,"$30,000",No,NA,25
"December 26, 2007",Phrase,NA,NA,WHILE YOU WAIT,D M G A C,Volkswagen Passat,No,NA,25
"December 27, 2007",Phrase,NA,NA,I'M JOKING,M D P I,"$100,000",No,NA,25
"December 28, 2007",Living Thing,NA,NA,PINK DAISY,C H M O,"$30,000",No,NA,25
"December 31, 2007",Thing,NA,NA,TOOTHPICK,C H M I,Audi A4,Yes,NA,25
"January 1, 2008",Phrase,NA,NA,AS YOU WISH,H C M I,Audi A4,Yes,NA,25
"January 2, 2008",Things,NA,NA,DOG BISCUITS,B D M A,"$30,000",Yes,NA,25
"January 3, 2008",Thing,NA,NA,FOOT MASSAGE,B C M O,"$30,000",Yes,NA,25
"January 4, 2008",Place,NA,NA,HAYLOFT,G P H O B,Audi A4,No,NA,25
"January 7, 2008",Around the House,NA,NA,BODY WASH,H M P A,"$25,000",No,NA,25
"January 8, 2008",Things,NA,NA,PEAK HOURS,C M W A,"$25,000",No,NA,25
"January 9, 2008",What Are You Doing?,NA,NA,FIXING A SNACK,M C G A,"$30,000",Yes,NA,25
"January 10, 2008",Event,NA,NA,JOB FAIR,C D G A,"$30,000",No,NA,25
"January 11, 2008",Thing,NA,NA,VOCABULARY,D P C A,"$25,000",No,NA,25
"January 14, 2008",Phrase,NA,NA,JOIN THE CLUB,H J C A B,"$30,000",Yes,NA,25
"January 15, 2008",Proper Name,NA,NA,WAYNE BRADY,C D M A,"$30,000",Yes,NA,25
"January 16, 2008",Phrase,NA,NA,OVER MY HEAD,F D C O,"$45,000",Yes,NA,25
"January 17, 2008",What Are You Doing?,NA,NA,GOOFING OFF,D H P A C,"$30,000",No,NA,25
"January 18, 2008",Food & Drink,NA,NA,KETCHUP,C K P U,"$30,000",Yes,NA,25
"January 21, 2008",Thing,NA,NA,CLOGGED PIPE,B F M A,Chevrolet Equinox,No,NA,25
"January 22, 2008",Person,NA,NA,BOXING FAN,C H B I,93 Sedan,No,NA,25
"January 23, 2008",Fun & Games,NA,NA,FIELD HOCKEY,D M C O,"$25,000",Yes,NA,25
"January 24, 2008",Phrase,NA,NA,MAYBE I WILL,P C M A,"$30,000",Yes,NA,25
"January 25, 2008",Place,NA,NA,IRISH PUB,C B D A P,"$25,000",Yes,NA,25
"January 28, 2008",Food & Drink,NA,NA,BRICK OVEN PIZZA,C H M I,Pair of Pontiac GS GTs,Yes,NA,25
"January 29, 2008",On the Map,NA,NA,QUEBEC CANADA,D M H O,"$30,000",No,NA,25
"January 30, 2008",Things,NA,NA,CLOUDS AND FOG,C P D A,"$25,000",Yes,NA,25
"January 31, 2008",Fictional Characters,NA,NA,HAPPY & GRUMPY,C G M A D,Pair of Pontiacs,No,NA,25
"February 1, 2008",Food & Drink,NA,NA,ICING,G C H A,"$30,000",Yes,NA,25
"February 4, 2008",Thing,NA,NA,GROWTH CHART,P C M A,"$30,000",No,NA,25
"February 5, 2008",Things,NA,NA,BOBBY PINS,P C D O,"$30,000",No,NA,25
"February 6, 2008",Around the House,NA,NA,SQUEAKY DOOR,G H C A,"$50,000",No,NA,25
"February 7, 2008",Food & Drink,NA,NA,VEGGIE DIP,C D P O,"$25,000",No,NA,25
"February 8, 2008",Thing,NA,NA,FISH FOOD,C P B A,"$30,000",No,NA,25
"February 11, 2008",Proper Name,NA,NA,PAULA ABDUL,H C D A,Toyota Prius,Yes,NA,25
"February 12, 2008",Thing,NA,NA,SHAVED HEAD,D P F A M,"$30,000",No,NA,25
"February 13, 2008",Event,NA,NA,OCEAN VOYAGE,C D M A,"$100,000",No,NA,25
"February 14, 2008",People,NA,NA,JUDGE AND JURY,P B M O,"$30,000",No,NA,25
"February 15, 2008",Phrase,NA,NA,WARM AND COZY,G C H A,BMW Z4,No,NA,25
"February 18, 2008",Thing,NA,NA,PHONE JACK,M D H O,"$30,000",No,NA,25
"February 19, 2008",Show Biz,NA,NA,BANJO PLAYER,P M C A,"$30,000",Yes,NA,25
"February 20, 2008",Thing,NA,NA,BRIGHT IDEA,D M C I,"$25,000",Yes,NA,25
"February 21, 2008",Phrase,NA,NA,HEAR HIM OUT,B M D I,"$30,000",No,NA,25
"February 22, 2008",Phrase,NA,NA,QUICK ON THE DRAW,H D C O M,"$25,000",No,NA,25
"February 25, 2008",Thing,NA,NA,EPIC SAGA,D M W A,"$50,000",No,NA,25
"February 26, 2008",Phrase,NA,NA,IT'S YOUR MOVE,C H M O,"$30,000",Yes,NA,25
"February 27, 2008",Around the House,NA,NA,COMFY SOFA,C H M A,"$30,000",Yes,NA,25
"February 28, 2008",Thing,NA,NA,KNOWING WINK,C G P A,"$50,000",No,NA,25
"February 29, 2008",Phrase,NA,NA,IT LOOKS IFFY,K C G O,"$25,000",No,NA,25
"March 3, 2008",Thing,NA,NA,BUYING POWER,C G D A,"$30,000",No,NA,25
"March 4, 2008",Phrase,NA,NA,MY JAW DROPPED,C D P I F,"$50,000",Yes,NA,25
"March 5, 2008",Proper Name,NA,NA,UTAH JAZZ,M D C O,"$50,000",No,NA,25
"March 6, 2008",Thing,NA,NA,FOOD VOUCHER,B G H O,"$25,000",No,NA,25
"March 7, 2008",Thing,NA,NA,OIL GAUGE,G M D O,Winnebago,Yes,NA,25
"March 10, 2008",Phrase,NA,NA,FLAG HIM DOWN,G H D O,Toyota FJ Cruiser,No,NA,25
"March 11, 2008",Thing,NA,NA,APOLOGY,M D P A,"$100,000",No,NA,25
"March 12, 2008",Thing,NA,NA,KEY PLAY,M D G A H,Toyota FJ Cruiser,No,NA,25
"March 13, 2008",Thing,NA,NA,PAID INVOICE,C D M O,"$40,000",No,NA,25
"March 14, 2008",Thing,NA,NA,BIT OF TRIVIA,F D P O C,Volkswagen Beetle convertible,No,NA,25
"March 17, 2008",Thing,NA,NA,BUZZING SOUND,C M P O,"$45,000",No,NA,25
"March 18, 2008",Show Biz,NA,NA,RHYTHM GUITAR,C P G O,Volkswagen Jetta,No,NA,25
"March 19, 2008",Phrase,NA,NA,THICK HAZE,C D G O H,"$25,000",No,NA,25
"March 20, 2008",Thing,NA,NA,PURE OXYGEN,F C M I,"$25,000",No,NA,25
"March 21, 2008",Phrase,NA,NA,BOOKED SOLID,G H P A,"$25,000",No,NA,25
"March 24, 2008",Place,NA,NA,BACK PATIO,C H P O,"$100,000",Yes,NA,25
"March 25, 2008",Phrase,NA,NA,GIVE ME FIVE,M H P A F,"$30,000",No,NA,25
"March 26, 2008",Phrase,NA,NA,CRAZY ABOUT YOU,M P H O,"$40,000",No,NA,25
"March 27, 2008",Thing,NA,NA,DEEP SIGH,B D H O,Audi TT,No,NA,25
"March 28, 2008",Phrase,NA,NA,WAR OF WORDS,M D P A,"$30,000",No,NA,25
"March 31, 2008",Phrase,NA,NA,TOUGH TO AVOID,M D C O,"$100,000",No,NA,25
"April 1, 2008",Phrase,NA,NA,WE KNOW HIM,G B W O,"$45,000",No,NA,25
"April 2, 2008",Phrase,NA,NA,FIT FOR A KING,B G F O,"$30,000",Yes,NA,25
"April 3, 2008",Fun & Games,NA,NA,DRAW POKER,C H M A,"$30,000",No,NA,25
"April 4, 2008",Phrase,NA,NA,I'M BEHIND YOU,M C G O,"$40,000",No,NA,25
"April 7, 2008",Thing,NA,NA,BRIDAL VEIL,M F C A,"$30,000",No,NA,25
"April 8, 2008",Thing,NA,NA,FLEXIBILITY,C M P A,"$30,000",No,NA,25
"April 9, 2008",Thing,NA,NA,KIND OFFER,D M F I,"$30,000",No,NA,25
"April 10, 2008",Thing,NA,NA,ROUGH PATCH,C D M A,"$30,000",No,NA,25
"April 11, 2008",Phrase,NA,NA,WEIGH YOUR OPTIONS,M D Y O,"$25,000",Yes,NA,25
"April 14, 2008",Phrase,NA,NA,ABOUT-FACE,D M G A,Nissan Murano,No,NA,25
"April 15, 2008",Event,NA,NA,HIKE IN PAY,P D W O,Nissan Murano,No,NA,25
"April 16, 2008",Phrase,NA,NA,WITHOUT A FLAW,H C D A,Nissan Murano,No,NA,25
"April 17, 2008",Things,NA,NA,TAX & GRATUITY,C M P A,"$25,000",No,NA,25
"April 18, 2008",Place,NA,NA,MAGIC SHOP,C H M A,"$25,000",Yes,NA,25
"April 21, 2008",Place,NA,NA,KARAOKE BAR,B C M A,Saturn Sky,Yes,NA,25
"April 22, 2008",Show Biz,NA,NA,HOLLYWOOD GOSSIP,C D M A,"$30,000",No,NA,25
"April 23, 2008",Phrase,NA,NA,YOU HAVE TO FOCUS,M P H A,"$45,000",No,NA,25
"April 24, 2008",Thing,NA,NA,FORMAL GOWN,M C B A,"$25,000",Yes,NA,25
"April 25, 2008",Event,NA,NA,QUITTING A JOB,M G H A,"$30,000",No,NA,25
"April 28, 2008",Thing,NA,NA,MYTHOLOGY,M B P O,"$30,000",No,NA,25
"April 29, 2008",Phrase,NA,NA,QUIET DOWN,C G H A,Pontiac Solstice,No,NA,25
"April 30, 2008",Thing,NA,NA,WORLD MAP,W D P O,"$25,000",Yes,NA,25
"May 1, 2008",Thing,NA,NA,PARTY FAVOR,D C P A,"$30,000",No,NA,25
"May 2, 2008",Fictional Character,NA,NA,JEDI KNIGHT,B D M O,Pontiac Solstice,Yes,NA,25
"May 5, 2008",Phrase,NA,NA,FILLED WITH JOY,W D F I,"$30,000",No,NA,25
"May 6, 2008",Things,NA,NA,OPINIONS & ADVICE,C D M A,Pair of Buick Enclaves,No,NA,25
"May 7, 2008",Phrase,NA,NA,I FORGIVE YOU,B D M A,Pair of Buick Enclaves,No,NA,25
"May 8, 2008",Thing,NA,NA,PORCH SWING,I C M H,Pair of Buick Enclaves,Yes,NA,25
"May 9, 2008",Phrase,NA,NA,MAKE IT A HABIT,G H C A D,Pair of Buick Enclaves,Yes,NA,25
"May 12, 2008",Thing,NA,NA,BIRTHDAY WISH,G H F O,GMC Sierra,No,NA,25
"May 13, 2008",Phrase,NA,NA,JOIN NOW,C D M A,GMC Yukon,No,NA,25
"May 14, 2008",Thing,NA,NA,DIALOGUE,H C M O,"$40,000",No,NA,25
"May 15, 2008",Phrase,NA,NA,PROOF POSITIVE,P D M O F,"$25,000",Yes,NA,25
"May 16, 2008",Thing,NA,NA,BRAKE FLUID,C D M A,"$30,000",No,NA,25
"May 19, 2008",Person,NA,NA,NATIVE OF CHICAGO,C H D A M,BMW 128i,Yes,NA,25
"May 20, 2008",Phrase,NA,NA,I WON'T BUDGE,C D M A,"$40,000",No,NA,25
"May 21, 2008",Phrase,NA,NA,SOUNDS YUMMY,D M C A,"$30,000",No,NA,25
"May 22, 2008",Phrase,NA,NA,ORDER BY FAX,G K D O,Jeep Compass,No,NA,25
"May 23, 2008",Thing,NA,NA,SAFARI JACKET,C D M A,"$50,000",No,NA,25
"May 26, 2008",Thing,NA,NA,FOAM PACKAGING,G C M A,Pair of Honda Accords,Yes,NA,25
"May 27, 2008",Thing,NA,NA,VINYL ALBUM,C M F I,"$25,000",No,NA,25
"May 28, 2008",Thing,NA,NA,MOSQUITO BITE,H M K A,"$30,000",No,NA,25
"May 29, 2008",Phrase,NA,NA,KICK OFF YOUR SHOES,Y C G A,"$25,000",No,NA,25
"May 30, 2008",Phrase,NA,NA,IT GROWS ON YOU,C H M A D,"$30,000",No,NA,25
"June 2, 2008",People,NA,NA,TWIN BOYS,M D P O,"$35,000",No,NA,25
"June 3, 2008",Thing,NA,NA,DIVING MASK,H D M I C,"$30,000",No,NA,25
"June 4, 2008",Thing,NA,NA,OFFICIAL FAN CLUB,C A M P,Volvo C70,No,NA,25
"June 5, 2008",People,NA,NA,IOWANS,M H C A,"$30,000",No,NA,25
"June 6, 2008",Phrase,NA,NA,I MADE A VOW,M D C I B,"$30,000",Yes,NA,25
"September 8, 2008",Food & Drink,NA,NA,HOT COCOA MIX,M B D A,"$30,000",No,NA,26
"September 9, 2008",Thing,NA,NA,STOPWATCH,H G D I,"$45,000",No,NA,26
"September 10, 2008",Things,NA,NA,BIG DREAMS,P M G O,"$35,000",Yes,NA,26
"September 11, 2008",Person,NA,NA,HISTORY BUFF,C M D I,"$30,000",Yes,NA,26
"September 12, 2008",Phrase,NA,NA,YOU MADE ME BLUSH,F B H A,"$30,000",Yes,NA,26
"September 15, 2008",Show Biz,NA,NA,POLICE DRAMA,C D M A,"$30,000",Yes,NA,26
"September 16, 2008",Thing,NA,NA,A BRISK PACE,H C F A,"$25,000",No,NA,26
"September 17, 2008",Person,NA,NA,FISHING BUDDY,H G M I,Mercedes SLK,No,NA,26
"September 18, 2008",Thing,NA,NA,JUKEBOX,C D P O,Mercedes SLK,No,NA,26
"September 19, 2008",Things,NA,NA,COMPOUND WORDS,C F P O,"$25,000",Yes,NA,26
"September 22, 2008",Phrase,NA,NA,LOADS OF FUN,M D H O,"$45,000",Yes,NA,26
"September 23, 2008",Fun & Games,NA,NA,KNOCK-KNOCK JOKE,P M C A H,"$25,000",No,NA,26
"September 24, 2008",Around the House,NA,NA,BUNK BEDS,D F C O,"$25,000",Yes,NA,26
"September 25, 2008",Thing,NA,NA,PURE GENIUS,P D C A,"$30,000",No,NA,26
"September 26, 2008",Fun & Games,NA,NA,AEROBICS CLASS,H F M O,"$30,000",No,NA,26
"September 29, 2008",Place,NA,NA,MUSEUM WING,H D P I,Ford Escape hybrid,No,NA,26
"September 30, 2008",Thing,NA,NA,COAT OF VARNISH,C H D A,"$30,000",Yes,NA,26
"October 1, 2008",Place,NA,NA,PHOTO LAB,M D C A,"$45,000",No,NA,26
"October 2, 2008",Phrase,NA,NA,SHOP AROUND,C B H A P,"$30,000",Yes,NA,26
"October 3, 2008",Thing,NA,NA,OATH OF OFFICE,F M B O,"$25,000",No,NA,26
"October 6, 2008",Thing,NA,NA,SPARK PLUG,B H C I,"$100,000",No,NA,26
"October 7, 2008",Place,NA,NA,EXIT RAMP,M C D O,"$40,000",Yes,NA,26
"October 8, 2008",Thing,NA,NA,CHARISMA,H D C A,"$50,000",Yes,NA,26
"October 9, 2008",Thing,NA,NA,A LOUD VOICE,G C M A,"$30,000",No,NA,26
"October 10, 2008",Proper Name,NA,NA,BOB DYLAN,C D B O,"$35,000",Yes,NA,26
"October 13, 2008",Things,NA,NA,JEAN SHORTS,C H D O,"$30,000",Yes,NA,26
"October 14, 2008",Around the House,NA,NA,LEAKY FAUCET,C D M A,"$1,000,000",Yes,NA,26
"October 15, 2008",Phrase,NA,NA,LIVING ABROAD,D M P A C,"$25,000",No,NA,26
"October 16, 2008",Phrase,NA,NA,FIGHT THE URGE,H D C O,"$30,000",No,NA,26
"October 17, 2008",Place,NA,NA,FOOTPATH,P C G A,"$30,000",Yes,NA,26
"October 20, 2008",Thing,NA,NA,UPHILL CLIMB,C M P A,"$30,000",No,NA,26
"October 21, 2008",Thing,NA,NA,BLAZING SPEED,H C P A,"$30,000",Yes,NA,26
"October 22, 2008",Thing,NA,NA,DAILY DIARY,M C G I,"$100,000",No,NA,26
"October 23, 2008",Living Thing,NA,NA,INCHWORM,D M C O,"$30,000",No,NA,26
"October 24, 2008",Thing,NA,NA,DEBIT CARD,C D M A,"$100,000",Yes,NA,26
"October 27, 2008",Phrase,NA,NA,PLAYING A HUNCH,P G M A F,"$25,000",No,NA,26
"October 28, 2008",Event,NA,NA,HEAVY DOWNPOUR,D M C O,Mitsubishi Eclipse Spyder,No,NA,26
"October 29, 2008",Thing,NA,NA,HIGH FIVE,D M C O,Mitsubishi Eclipse Spyder,No,NA,26
"October 30, 2008",Person,NA,NA,VISIONARY,Y I G H,"$25,000",Yes,NA,26
"October 31, 2008",Person,NA,NA,CRYBABY,P C D A,Mitsubishi Eclipse Spyder,No,NA,26
"November 3, 2008",Things,NA,NA,HYPHENS & DASHES,C D M I,"$35,000",No,NA,26
"November 4, 2008",Event,NA,NA,PARTIAL ECLIPSE,D Z C I,"$45,000",Yes,NA,26
"November 5, 2008",Phrase,NA,NA,THUMBS UP,P M U C,"$25,000",Yes,NA,26
"November 6, 2008",Thing,NA,NA,HUGE WINDFALL,D G M I,Jeep Wrangler,No,NA,26
"November 7, 2008",On the Map,NA,NA,BEIJING,C B H I,"$30,000",Yes,NA,26
"November 10, 2008",Thing,NA,NA,A GOOD LAUGH,C M G A,Jeep Wrangler,Yes,NA,26
"November 11, 2008",People,NA,NA,YOUTH GROUP,C M P A,Jeep Wrangler,No,NA,26
"November 12, 2008",Phrase,NA,NA,WRONG WAY,D K C I,"$30,000",No,NA,26
"November 13, 2008",Thing,NA,NA,FOLKSY CHARM,P H D I,"$25,000",No,NA,26
"November 14, 2008",Thing,NA,NA,MILK JUG,C M P A,Pair of Ford Flexes,Yes,NA,26
"November 17, 2008",Thing,NA,NA,TOUGH EXAM,H M D I C,"$100,000",Yes,NA,26
"November 18, 2008",Thing,NA,NA,KHAKI UNIFORM,M C G A,"$30,000",No,NA,26
"November 19, 2008",Person,NA,NA,WORKAHOLIC,C H P I Y,BMW convertible,No,NA,26
"November 20, 2008",Person,NA,NA,BLOGGER,C D M A,"$30,000",No,NA,26
"November 21, 2008",Phrase,NA,NA,BY THE WAY,B G C I,BMW convertible,No,NA,26
"November 24, 2008",Thing,NA,NA,GOLF HAT,P D H O,BMW convertible,No,NA,26
"November 25, 2008",Fictional Place,NA,NA,UTOPIA,C H P A,"$40,000",Yes,NA,26
"November 26, 2008",On the Map,NA,NA,JUNEAU,P M C O,"$100,000",No,NA,26
"November 27, 2008",Thing,NA,NA,PAYCHECK,C D M A P,"$25,000",Yes,NA,26
"November 28, 2008",Phrase,NA,NA,FULL OF INTRIGUE,B W F A C,Volkswagen Eos,No,NA,26
"December 1, 2008",Phrase,NA,NA,STAY FOCUSED,M H D A,"$35,000",No,NA,26
"December 2, 2008",Thing,NA,NA,OFF-ROAD VEHICLE,C D M O,"$30,000",No,NA,26
"December 3, 2008",Phrase,NA,NA,HOLD THE MAYO,C D H O,Volkswagen Tiguan,Yes,NA,26
"December 4, 2008",Place,NA,NA,COZY CAFE,M B D A G,Volkswagen Tiguan,No,NA,26
"December 5, 2008",Thing,NA,NA,FORMAL BOW TIE,C B P I,"$25,000",No,NA,26
"December 8, 2008",Person,NA,NA,CUTE KID,M D C A,Mitsubishi Outlander,Yes,NA,26
"December 9, 2008",Place,NA,NA,VANTAGE POINT,D M H A,Mitsubishi Outlander,No,NA,26
"December 10, 2008",Phrase,NA,NA,I'M SKEPTICAL,I H P C,Mitsubishi Outlander,Yes,NA,26
"December 11, 2008",Phrase,NA,NA,KEEP IT HANDY,P I K W,"$30,000",No,NA,26
"December 12, 2008",Thing,NA,NA,BLANK FORM,D C P I,"$35,000",No,NA,26
"December 15, 2008",Thing,NA,NA,CIVIC DUTY,C D M I,"$30,000",Yes,NA,26
"December 16, 2008",Thing,NA,NA,UNIQUE FLAVOR,D M H A,"$25,000",No,NA,26
"December 17, 2008",Event,NA,NA,MAIDEN VOYAGE,C D P O,"$25,000",No,NA,26
"December 18, 2008",Things,NA,NA,WOOL SOCKS,H C P I,"$25,000",No,NA,26
"December 19, 2008",Fun & Games,NA,NA,JIGSAW PUZZLE,Z W J I,"$30,000",Yes,NA,26
"December 22, 2008",Thing,NA,NA,BIRDBATH,C M H A P,Mercedes ML350,No,NA,26
"December 23, 2008",Phrase,NA,NA,RAY OF HOPE,P D M A,"$30,000",No,NA,26
"December 24, 2008",Thing,NA,NA,WISECRACK,D M C O,"$40,000",No,NA,26
"December 25, 2008",Thing,NA,NA,SIBLING RIVALRY,C P H O,"$30,000",No,NA,26
"December 26, 2008",Thing,NA,NA,SHARP CURVE,C M D A,"$30,000",No,NA,26
"December 29, 2008",Person,NA,NA,DOUBLE AGENT,C B G A,"$100,000",No,NA,26
"December 30, 2008",Thing,NA,NA,FOAM RUBBER,C D M O,"$30,000",No,NA,26
"December 31, 2008",Phrase,NA,NA,BLIND LUCK,G H M A,"$25,000",No,NA,26
"January 1, 2009",Food & Drink,NA,NA,CHEWY LICORICE,C D B I,"$25,000",Yes,NA,26
"January 2, 2009",On the Map,NA,NA,YUMA & PHOENIX,C P D I,Volkswagen Tiguan,No,NA,26
"January 5, 2009",Phrase,NA,NA,ABOVE AVERAGE,P C D A,"$25,000",No,NA,26
"January 6, 2009",Place,NA,NA,HUMBLE ABODE,C D W A,Winnebago,No,NA,26
"January 7, 2009",Person,NA,NA,SLOWPOKE,M F C A,"$40,000",No,NA,26
"January 8, 2009",Phrase,NA,NA,FAIR ENOUGH,H M C A,Winnebago,No,NA,26
"January 9, 2009",Living Thing,NA,NA,YOUNG PUP,M D P A,"$30,000",Yes,NA,26
"January 12, 2009",Things,NA,NA,KILOGRAMS,C D P O,"$30,000",No,NA,26
"January 13, 2009",Thing,NA,NA,PEACH FUZZ,C P G O,"$30,000",No,NA,26
"January 14, 2009",Event,NA,NA,BLOWOUT,C M P O,"$40,000",Yes,NA,26
"January 15, 2009",Thing,NA,NA,FOOLPROOF PLAN,B C M A,"$30,000",No,NA,26
"January 16, 2009",Thing,NA,NA,LOVE POEM,C G D O,"$30,000",Yes,NA,26
"January 19, 2009",Living Things,NA,NA,PACK OF WOLVES,F M D O,"$25,000",No,NA,26
"January 20, 2009",Phrase,NA,NA,ASK YOUR DOCTOR,P D M A,"$25,000",Yes,NA,26
"January 21, 2009",Thing,NA,NA,AERIAL FOOTAGE,C D P A,Honda Civic,No,NA,26
"January 22, 2009",Thing,NA,NA,FACE VALUE,F P M I,Honda Civic,No,NA,26
"January 23, 2009",Place,NA,NA,CABBAGE PATCH,M D C A,"$25,000",Yes,NA,26
"January 26, 2009",Phrase,NA,NA,MIXED SIGNALS,C P Y A,"$40,000",Yes,NA,26
"January 27, 2009",Thing,NA,NA,DUFFEL BAG,D P M A,"$100,000",No,NA,26
"January 28, 2009",Place,NA,NA,BALCONY,G D M I,"$30,000",Yes,NA,26
"January 29, 2009",Phrase,NA,NA,FIGURE IT OUT,B F C O M,Volkswagen CC,Yes,NA,26
"January 30, 2009",Person,NA,NA,NAUGHTY BOY,C F G A,"$30,000",Yes,NA,26
"February 2, 2009",Thing,NA,NA,QUICK GLIMPSE,P C H O,"$25,000",No,NA,26
"February 3, 2009",Event,NA,NA,SOPHOMORE YEAR,C M P I,"$45,000",No,NA,26
"February 4, 2009",Phrase,NA,NA,LAUGH IT UP,G H P I,"$30,000",Yes,NA,26
"February 5, 2009",People,NA,NA,GRANDKIDS,C D M O,"$35,000",No,NA,26
"February 6, 2009",Phrase,NA,NA,OVER AND OUT,V D C O,"$30,000",Yes,NA,26
"February 9, 2009",Person,NA,NA,FIFTH GRADER,H M C A,"$25,000",Yes,NA,26
"February 10, 2009",Show Biz,NA,NA,TV JUDGE,M C P O,Mazda MX-5,No,NA,26
"February 11, 2009",Phrase,NA,NA,HEROIC EFFORT,C P M O,"$30,000",No,NA,26
"February 12, 2009",Thing,NA,NA,BOOKMARK,M P D O,"$35,000",Yes,NA,26
"February 13, 2009",Thing,NA,NA,OAK BENCH,D C G I,"$100,000",No,NA,26
"February 16, 2009",Phrase,NA,NA,WE THINK ALIKE,C D B I,"$30,000",Yes,NA,26
"February 17, 2009",Phrase,NA,NA,FULLY QUALIFIED,M C H A,"$45,000",No,NA,26
"February 18, 2009",People,NA,NA,VARSITY SQUAD,Y B C O,"$100,000",No,NA,26
"February 19, 2009",Things,NA,NA,DOUBLE COUPONS,C D M A J,"$25,000",No,NA,26
"February 20, 2009",Event,NA,NA,HIGH TIDE,M D B I,"$30,000",Yes,NA,26
"February 23, 2009",Place,NA,NA,OPERA HOUSE,D C M I K,"$45,000",No,NA,26
"February 24, 2009",Thing,NA,NA,PUBLIC OPINION,M G D A,"$30,000",No,NA,26
"February 25, 2009",Phrase,NA,NA,FLIP A COIN,P D M A,"$30,000",No,NA,26
"February 26, 2009",Things,NA,NA,PSYCHIC POWERS,C D P A,"$35,000",Yes,NA,26
"February 27, 2009",Thing,NA,NA,HOT WAX,C M P A,"$100,000",No,NA,26
"March 2, 2009",Phrase,NA,NA,RIGHT ON CUE,C P G A,"$50,000",No,NA,26
"March 3, 2009",Show Biz,NA,NA,RAVE REVIEW,D H B A,"$30,000",Yes,NA,26
"March 4, 2009",Phrase,NA,NA,JUST WIN,C B M A,"$25,000",No,NA,26
"March 5, 2009",Thing,NA,NA,VIVID MEMORY,M P D A,"$25,000",No,NA,26
"March 6, 2009",Thing,NA,NA,BIKE CHAIN,C G M A,Ford Mustang convertible,No,NA,26
"March 9, 2009",Thing,NA,NA,DIGITAL IMAGE,D M C O,"$25,000",Yes,NA,26
"March 10, 2009",Thing,NA,NA,VAGUE NOTION,C M H A,"$40,000",No,NA,26
"March 11, 2009",Things,NA,NA,JUICY TIDBITS,D C M I G,Pair of Ford Edges,No,NA,26
"March 12, 2009",Thing,NA,NA,ANTIQUE TRUNK,D H C A,"$25,000",Yes,NA,26
"March 13, 2009",Thing,NA,NA,NIFTY TRICK,H C M O D,Pair of Ford Edges,No,NA,26
"March 16, 2009",Thing,NA,NA,WHIRLPOOL,C H P O,"$30,000",Yes,NA,26
"March 17, 2009",Things,NA,NA,AUDIO AND VIDEO,P C D O,"$30,000",No,NA,26
"March 18, 2009",Thing,NA,NA,BOLD MOVE,C D P I,"$25,000",Yes,NA,26
"March 19, 2009",Place,NA,NA,HOME GYM,C M P A,"$25,000",No,NA,26
"March 20, 2009",Phrase,NA,NA,VALID POINT,C M P O,Ford Expedition,No,NA,26
"March 23, 2009",Thing,NA,NA,MAGIC WAND,C D G I,"$100,000",Yes,NA,26
"March 24, 2009",Phrase,NA,NA,DO ME A FAVOR,M D H I F,Pontiac G6,Yes,NA,26
"March 25, 2009",Thing,NA,NA,SHINY COIN,P C D I,"$25,000",No,NA,26
"March 26, 2009",Phrase,NA,NA,OFF THE HOOK,C D M O,Pontiac G6,Yes,NA,26
"March 27, 2009",Person,NA,NA,GOLF PRO,C M P O,"$30,000",Yes,NA,26
"March 30, 2009",Thing,NA,NA,WILD GUESS,C D H O,Honda Civic,No,NA,26
"March 31, 2009",Person,NA,NA,AVID FAN,M D C O,"$25,000",No,NA,26
"April 1, 2009",Thing,NA,NA,TRIVIA QUIZ,G C P A,"$30,000",No,NA,26
"April 2, 2009",Thing,NA,NA,DINOSAUR EXHIBIT,G B M A,"$25,000",No,NA,26
"April 3, 2009",Things,NA,NA,SOAPSUDS,D M C A,"$25,000",Yes,NA,26
"April 6, 2009",Food & Drink,NA,NA,MUFFIN TOPS,C M P A H,"$25,000",Yes,NA,26
"April 7, 2009",Thing,NA,NA,CLIPBOARD,C D M A G,"$25,000",No,NA,26
"April 8, 2009",Thing,NA,NA,VINTAGE CLOTHING,C D M A,Ford Explorer,No,NA,26
"April 9, 2009",Phrase,NA,NA,QUIRK OF FATE,M P D A,"$30,000",No,NA,26
"April 10, 2009",Phrase,NA,NA,WAY TO GO,C D G O,"$25,000",No,NA,26
"April 13, 2009",Food & Drink,NA,NA,GOOEY TAFFY,D M C A,"$25,000",No,NA,26
"April 14, 2009",Thing,NA,NA,TIGHT GRASP,C H P I,"$100,000",Yes,NA,26
"April 15, 2009",Thing,NA,NA,WORTHY CAUSE,C D G I,Volkswagen Beetle,No,NA,26
"April 16, 2009",Phrase,NA,NA,DOWN TO THE WIRE,H C M O,"$25,000",No,NA,26
"April 17, 2009",Things,NA,NA,ADVERBS & ADJECTIVES,P M G A,Volkswagen Beetle,No,NA,26
"April 20, 2009",Thing,NA,NA,A GOOD VIBE,D F M I,Honda Civic,No,NA,26
"April 21, 2009",Things,NA,NA,GUSTY WINDS,A C P F M,"$30,000",No,NA,26
"April 22, 2009",Phrase,NA,NA,GIVE AND TAKE,M B G O,Toyota FJ Cruiser,No,NA,26
"April 23, 2009",Thing,NA,NA,SQUARE PEG,D G C I,"$25,000",No,NA,26
"April 24, 2009",Phrase,NA,NA,HURRY BACK,Y P D A H,"$30,000",No,NA,26
"April 27, 2009",Place,NA,NA,FASHION BOUTIQUE,M H C O,"$25,000",No,NA,26
"April 28, 2009",Phrase,NA,NA,OUTSIDE THE BOX,D F M I,Audi TT,Yes,NA,26
"April 29, 2009",Phrase,NA,NA,BUCKLE UP,D P G U,Audi TT,No,NA,26
"April 30, 2009",Thing,NA,NA,PLAID BLOUSE,B M D O,Audi TT,No,NA,26
"May 1, 2009",Thing,NA,NA,KARAOKE MACHINE,B C D O,"$25,000",No,NA,26
"May 4, 2009",Phrase,NA,NA,HOLY COW,B D M A,"$25,000",No,NA,26
"May 5, 2009",Thing,NA,NA,KEYHOLE,C P H O G,"$25,000",Yes,NA,26
"May 6, 2009",Phrase,NA,NA,A WINK AND A NOD,D C M A,"$40,000",Yes,NA,26
"May 7, 2009",Occupation,NA,NA,BIG-LEAGUE UMPIRE,C P M A,"$40,000",Yes,NA,26
"May 8, 2009",Show Biz,NA,NA,MEDIA BLITZ,M F D I,Mercedes GLK350,No,NA,26
"May 11, 2009",Event,NA,NA,EPIC JOURNEY,D M H O,"$25,000",No,NA,26
"May 12, 2009",Thing,NA,NA,BANQUET TABLE,B D C A,"$25,000",Yes,NA,26
"May 13, 2009",Person,NA,NA,OVERACHIEVER,D H M A,Mini Cooper,No,NA,26
"May 14, 2009",Thing,NA,NA,GOOSE BUMPS,D P M A C,"$30,000",No,NA,26
"May 15, 2009",Show Biz,NA,NA,SMOOTH JAZZ,C M G A,"$30,000",No,NA,26
"May 18, 2009",Phrase,NA,NA,A WIDE VARIETY,C M Y I G,"$30,000",No,NA,26
"May 19, 2009",Phrase,NA,NA,OUT OF BOUNDS,C B D O,"$30,000",Yes,NA,26
"May 20, 2009",Thing,NA,NA,SOLEMN VOW,M G C A,"$25,000",Yes,NA,26
"May 21, 2009",Phrase,NA,NA,SQUEAKY CLEAN,C M P A,"$30,000",Yes,NA,26
"May 22, 2009",Place,NA,NA,BAGGAGE CLAIM,C M P O,Audi A4,Yes,NA,26
"May 25, 2009",Living Thing,NA,NA,GIANT SQUID,D C M A,"$25,000",Yes,NA,26
"May 26, 2009",Thing,NA,NA,FANCY FOOTWORK,C P M A,Audi TT,No,NA,26
"May 27, 2009",Thing,NA,NA,DIRECT QUOTE,D H M A,"$30,000",No,NA,26
"May 28, 2009",Phrase,NA,NA,COURT IS ADJOURNED,D M F A,"$45,000",No,NA,26
"May 29, 2009",Thing,NA,NA,LOW WHISPER,P B H I,"$25,000",Yes,NA,26
"July 13, 2009",Place,NA,NA,BIKE PATH,D C F A,"$45,000",No,NA,26
"July 14, 2009",Thing,NA,NA,SAFETY VALVE,H B W I,"$30,000",No,NA,26
"July 15, 2009",Thing,NA,NA,LIP BALM,P B M A,"$25,000",Yes,NA,26
"July 16, 2009",Thing,NA,NA,LIQUID SOAP,C M G I,"$100,000",No,NA,26
"July 17, 2009",Person,NA,NA,UNDERDOG,F C K I P,"$30,000",No,NA,26
"September 14, 2009",Thing,NA,NA,FIGURE EIGHT,C M P O H,"$35,000",Yes,NA,27
"September 15, 2009",Occupation,NA,NA,TV ANCHOR,C Y M O G,"$50,000",Yes,NA,27
"September 16, 2009",Thing,NA,NA,GLIMMER OF HOPE,B M P O,"$25,000",No,NA,27
"September 17, 2009",Thing,NA,NA,TOUGH JOB,C G H O,"$40,000",Yes,NA,27
"September 18, 2009",Thing,NA,NA,SHAVING KIT,G C M A,"$35,000",No,NA,27
"September 21, 2009",Thing,NA,NA,PARQUET FLOOR,B C D A,"$30,000",No,NA,27
"September 22, 2009",Thing,NA,NA,COWBOY HAT,H M D A,"$25,000",No,NA,27
"September 23, 2009",Thing,NA,NA,HAZY MORNING,B M P I,"$25,000",No,NA,27
"September 24, 2009",Thing,NA,NA,BRIEF PAUSE,C D H O,"$50,000",Yes,NA,27
"September 25, 2009",Things,NA,NA,KHAKI PANTS,P C D A,"$35,000",No,NA,27
"September 28, 2009",People,NA,NA,TASK FORCE,C P D O,"$35,000",Yes,NA,27
"September 29, 2009",Phrase,NA,NA,I HAD A HUNCH,C D H I,"$30,000",Yes,NA,27
"September 30, 2009",Thing,NA,NA,QUILTED HANDBAG,C D H O,"$30,000",No,NA,27
"October 1, 2009",Fun & Games,NA,NA,A BRISK JOG,C D M A,"$25,000",No,NA,27
"October 2, 2009",Thing,NA,NA,VIRTUAL TOUR,V C M U,"$35,000",Yes,NA,27
"October 5, 2009",Thing,NA,NA,SOFT WHISPER,C D M A,"$35,000",No,NA,27
"October 6, 2009",Things,NA,NA,LOFTY AMBITIONS,F G D I,"$30,000",No,NA,27
"October 7, 2009",Phrase,NA,NA,JUST PEACHY,C H D A,"$30,000",No,NA,27
"October 8, 2009",Thing,NA,NA,HIGH PRAISE,C D H A,"$30,000",Yes,NA,27
"October 9, 2009",Thing,NA,NA,YOUTHFUL OUTLOOK,C B G O,"$30,000",No,NA,27
"October 12, 2009",Phrase,NA,NA,SQUEAKING BY,C D G I,"$35,000",No,NA,27
"October 13, 2009",Thing,NA,NA,JOURNAL PAGE,G P H A,"$25,000",Yes,NA,27
"October 14, 2009",Thing,NA,NA,CLAY FIGURINE,M P C I,"$30,000",No,NA,27
"October 15, 2009",Thing,NA,NA,A HUGE IMPACT,C M P A,"$35,000",No,NA,27
"October 16, 2009",People,NA,NA,CHOSEN FEW,C H F O W,"$30,000",Yes,NA,27
"October 19, 2009",Things,NA,NA,MUSIC VIDEOS,C M D A,"$30,000",No,NA,27
"October 20, 2009",Place,NA,NA,MAIN OFFICE,M D P I,"$30,000",Yes,NA,27
"October 21, 2009",Thing,NA,NA,BEAUTY MARK,C M G I,"$30,000",No,NA,27
"October 22, 2009",Phrase,NA,NA,GIVE IT A WHIRL,G V W I,"$30,000",Yes,NA,27
"October 23, 2009",Phrase,NA,NA,ROUGHING IT,G M P I,"$25,000",Yes,NA,27
"October 26, 2009",Phrase,NA,NA,LUCKY BREAK,C D H A,"$30,000",Yes,NA,27
"October 27, 2009",Thing,NA,NA,HAIR DYE,C M P A,"$30,000",No,NA,27
"October 28, 2009",Event,NA,NA,VICTORY LAP,C G D O,"$30,000",Yes,NA,27
"October 29, 2009",Phrase,NA,NA,GO FIGURE,M D G A H,"$35,000",Yes,NA,27
"October 30, 2009",Phrase,NA,NA,HIT IT BIG,G M H I,"$25,000",Yes,NA,27
"November 2, 2009",Thing,NA,NA,FLIGHT PATH,P H D A,"$25,000",Yes,NA,27
"November 3, 2009",Phrase,NA,NA,BUY NOW,D H M O,"$30,000",No,NA,27
"November 4, 2009",Phrase,NA,NA,A WAY WITH WORDS,H D B A,"$30,000",Yes,NA,27
"November 5, 2009",Phrase,NA,NA,TOUCH BASE,H P C A,"$25,000",Yes,NA,27
"November 6, 2009",Phrase,NA,NA,EQUAL FOOTING,M C W A,"$25,000",No,NA,27
"November 9, 2009",Phrase,NA,NA,FRUITS OF YOUR LABOR,C P F A,"$35,000",No,NA,27
"November 10, 2009",Phrase,NA,NA,WISHFUL THINKING,C M G A,"$35,000",Yes,NA,27
"November 11, 2009",Thing,NA,NA,BOILING POINT,G P M A,"$25,000",No,NA,27
"November 12, 2009",Phrase,NA,NA,HALF A DOZEN,C D M I,"$25,000",No,NA,27
"November 13, 2009",Phrase,NA,NA,CLOSE PROXIMITY,C P M O,"$30,000",Yes,NA,27
"November 16, 2009",Phrase,NA,NA,OUTFOXED AGAIN,C M P A,"$30,000",No,NA,27
"November 17, 2009",Phrase,NA,NA,MAYBE SOMEDAY,P C H A G,"$35,000",No,NA,27
"November 18, 2009",People,NA,NA,WHIZ KIDS,M C H A,"$30,000",No,NA,27
"November 19, 2009",Thing,NA,NA,FIELD GUIDE,D P C O M,"$30,000",No,NA,27
"November 20, 2009",Thing,NA,NA,SOUND ADVICE,C D M A,"$30,000",Yes,NA,27
"November 23, 2009",Place,NA,NA,FARAWAY GALAXY,C B H A,"$25,000",Yes,NA,27
"November 24, 2009",People,NA,NA,YOUNG COUPLE,C D M I,"$40,000",No,NA,27
"November 25, 2009",Person,NA,NA,BOY GENIUS,P B C A,"$25,000",No,NA,27
"November 26, 2009",Thing,NA,NA,GOOD PUBLICITY,M D C O,"$30,000",No,NA,27
"November 27, 2009",Things,NA,NA,OFFICIAL DUTIES,B G H A M,"$30,000",No,NA,27
"November 30, 2009",Thing,NA,NA,CHEW TOY,P M B O,"$25,000",No,NA,27
"December 1, 2009",Place,NA,NA,VOTING BOOTH,C H M O,"$30,000",Yes,NA,27
"December 2, 2009",Thing,NA,NA,ORIGINAL IDEA,D M C I,"$25,000",Yes,NA,27
"December 3, 2009",Things,NA,NA,WIND CHIMES,M F D A,Honda Element,Yes,NA,27
"December 4, 2009",Thing,NA,NA,HEARTY LAUGH,C H M O,"$25,000",No,NA,27
"December 7, 2009",Phrase,NA,NA,IN THE VICINITY,H M C I,Mazda Miata,Yes,NA,27
"December 8, 2009",Phrase,NA,NA,MAXIMUM PROFITS,P C M A,"$30,000",No,NA,27
"December 9, 2009",Phrase,NA,NA,KNOW THE ROPES,H P M I,"$25,000",No,NA,27
"December 10, 2009",Thing,NA,NA,DOOR PRIZE,M C D A,"$25,000",No,NA,27
"December 11, 2009",Thing,NA,NA,IGNITION SWITCH,D M C O,"$25,000",No,NA,27
"December 14, 2009",Phrase,NA,NA,HAPPY TO HELP,D H P O,"$35,000",Yes,NA,27
"December 15, 2009",Thing,NA,NA,GIFT BOX,D M F O,"$30,000",Yes,NA,27
"December 16, 2009",Phrase,NA,NA,FORGE AHEAD,H C F O,"$25,000",No,NA,27
"December 17, 2009",Thing,NA,NA,POWER SUPPLY,M D P I,"$35,000",No,NA,27
"December 18, 2009",Thing,NA,NA,GAS GAUGE,M C H A,"$30,000",No,NA,27
"December 21, 2009",Thing,NA,NA,BRIGHT SPOT,F D C I,"$25,000",No,NA,27
"December 22, 2009",Thing,NA,NA,PSYCHIC ABILITY,C D G O,"$25,000",No,NA,27
"December 23, 2009",Phrase,NA,NA,ENOUGH TO GO AROUND,C D P O,"$30,000",Yes,NA,27
"December 24, 2009",Thing,NA,NA,APPOINTMENT BOOK,C M G O P,"$50,000",No,NA,27
"December 25, 2009",Thing,NA,NA,FORCE OF GRAVITY,G Y B O,"$30,000",Yes,NA,27
"December 28, 2009",Place,NA,NA,LOG CABIN,C M H A,"$35,000",No,NA,27
"December 29, 2009",Person,NA,NA,ONE OF THE GUYS,F G H U,"$25,000",Yes,NA,27
"December 30, 2009",Thing,NA,NA,GROCERY BAG,D C A M,"$50,000",No,NA,27
"December 31, 2009",Thing,NA,NA,TAXI FARE,H M P O,"$30,000",No,NA,27
"January 1, 2010",Phrase,NA,NA,JOINED AT THE HIP,D M C I,Winnebago,No,NA,27
"January 4, 2010",Phrase,NA,NA,BLAZE OF GLORY,F B P O,"$25,000",Yes,NA,27
"January 5, 2010",Thing,NA,NA,UPBEAT MOOD,C D G O,"$35,000",No,NA,27
"January 6, 2010",Thing,NA,NA,OLIVE BRANCH,C P D O,"$25,000",Yes,NA,27
"January 7, 2010",Phrase,NA,NA,IN HOT PURSUIT,P M C I D,"$30,000",Yes,NA,27
"January 8, 2010",Person,NA,NA,LOYAL VIEWER,C D H I P,"$25,000",No,NA,27
"January 11, 2010",Thing,NA,NA,WEB BROWSER,D B P A,Mini Cooper Clubman,Yes,NA,27
"January 12, 2010",Thing,NA,NA,GROUP HUG,C B G I,"$35,000",No,NA,27
"January 13, 2010",Thing,NA,NA,CARBON COPY,C P M O H,"$25,000",Yes,NA,27
"January 14, 2010",Phrase,NA,NA,THE PLOT THICKENS,H P C I K,"$35,000",Yes,NA,27
"January 15, 2010",Thing,NA,NA,TOP DRAWER,G C F O H,"$25,000",No,NA,27
"January 18, 2010",Phrase,NA,NA,THINK AGAIN,H M C A,"$45,000",No,NA,27
"January 19, 2010",Thing,NA,NA,WOOL CAP,C M P A,"$30,000",No,NA,27
"January 20, 2010",Person,NA,NA,FOLK HERO,C B H O,"$25,000",No,NA,27
"January 21, 2010",Thing,NA,NA,SHARP VISION,P C H A,"$35,000",Yes,NA,27
"January 22, 2010",Thing,NA,NA,GUITAR PICK,M H P A,"$30,000",No,NA,27
"January 25, 2010",Thing,NA,NA,COIN PURSE,H D M O,Mercedes GLK 350,No,NA,27
"January 26, 2010",Things,NA,NA,VALUABLE OBJECTS,C H Y A,"$25,000",No,NA,27
"January 27, 2010",Thing,NA,NA,HOWLING WIND,B C D O,"$30,000",No,NA,27
"January 28, 2010",Phrase,NA,NA,I APPRECIATE THE OFFER,P M C O,"$30,000",Yes,NA,27
"January 29, 2010",Thing,NA,NA,PHYSICAL ACTIVITY,F P C A,"$25,000",No,NA,27
"February 1, 2010",Thing,NA,NA,QUEST FOR KNOWLEDGE,M D C I,Ford Edge,No,NA,27
"February 2, 2010",Thing,NA,NA,AN ONGOING PROCESS,C D G A,"$25,000",Yes,NA,27
"February 3, 2010",Phrase,NA,NA,IMAGINE THAT,C D M A,"$25,000",Yes,NA,27
"February 4, 2010",Place,NA,NA,WINE BAR,C D M O,"$50,000",No,NA,27
"February 5, 2010",Things,NA,NA,RHYMING WORDS,P C M A,"$30,000",No,NA,27
"February 8, 2010",Phrase,NA,NA,PAVE THE WAY,M P K A,"$30,000",No,NA,27
"February 9, 2010",Thing,NA,NA,QUICK PEEK,C D P A,"$35,000",No,NA,27
"February 10, 2010",Thing,NA,NA,FONDUE POT,D P M I C,"$30,000",No,NA,27
"February 11, 2010",Phrase,NA,NA,JOKE AROUND,F P M O,"$30,000",No,NA,27
"February 12, 2010",Phrase,NA,NA,BEYOND A DOUBT,D P M A,"$30,000",Yes,NA,27
"February 15, 2010",Phrase,NA,NA,I'M PUZZLED,M D B I,"$35,000",Yes,NA,27
"February 16, 2010",Phrase,NA,NA,VERY HUSH-HUSH,Y V H U,"$25,000",Yes,NA,27
"February 17, 2010",Phrase,NA,NA,PICK UP THE PACE,G H C A,"$25,000",No,NA,27
"February 18, 2010",Thing,NA,NA,SQUARE KNOT,C K M I P,"$35,000",No,NA,27
"February 19, 2010",People,NA,NA,HIP CROWD,C D H A,"$25,000",No,NA,27
"February 22, 2010",Phrase,NA,NA,TWO OF A KIND,C H M A,"$25,000",No,NA,27
"February 23, 2010",Phrase,NA,NA,ON THE HORIZON,H D P A C,Volkswagen Beetle Convertible,Yes,NA,27
"February 24, 2010",Event,NA,NA,A BIG WIN,C F M I,Volkswagen Beetle Convertible,Yes,NA,27
"February 25, 2010",Things,NA,NA,HOME MOVIES,G M H A W,"$30,000",Yes,NA,27
"February 26, 2010",Thing,NA,NA,SPRAY PAINT,P H B A,"$25,000",Yes,NA,27
"March 1, 2010",Things,NA,NA,BRAIN WAVES,D P G I,"$50,000",No,NA,27
"March 2, 2010",Thing,NA,NA,COMPANY LOGO,C H M A,"$30,000",No,NA,27
"March 3, 2010",Phrase,NA,NA,SNUGGLE UP,P D M U,"$35,000",Yes,NA,27
"March 4, 2010",Phrase,NA,NA,LAW OF AVERAGES,M D B I,"$30,000",No,NA,27
"March 5, 2010",Phrase,NA,NA,WALKING ON AIR,D G P A,"$30,000",Yes,NA,27
"March 8, 2010",Thing,NA,NA,OUTWARD APPEARANCE,D C H O,"$30,000",Yes,NA,27
"March 9, 2010",Phrase,NA,NA,GO FOR THE GOLD,H M D O,"$25,000",Yes,NA,27
"March 10, 2010",Thing,NA,NA,LONG HAUL,D C H I,"$30,000",Yes,NA,27
"March 11, 2010",Phrase,NA,NA,PART OF THE BARGAIN,D P C O F,"$35,000",No,NA,27
"March 12, 2010",Thing,NA,NA,HEAVY-DUTY EQUIPMENT,M P C A,"$30,000",No,NA,27
"March 15, 2010",Thing,NA,NA,PUNCH BOWL,C P D I,"$100,000",No,NA,27
"March 16, 2010",Person,NA,NA,BODYBUILDER,M D C A,"$25,000",No,NA,27
"March 17, 2010",Thing,NA,NA,LOGICAL CONCLUSION,C D M A,"$30,000",Yes,NA,27
"March 18, 2010",Phrase,NA,NA,SCHOOL OF THOUGHT,P F C O,"$100,000",Yes,NA,27
"March 19, 2010",Phrase,NA,NA,CAUGHT OFF-GUARD,D M C O,"$25,000",No,NA,27
"March 22, 2010",Thing,NA,NA,SKETCHPAD,H C G A,"$45,000",Yes,NA,27
"March 23, 2010",Phrase,NA,NA,KEEP YOUR RECEIPT,M H C O,"$100,000",Yes,NA,27
"March 24, 2010",Thing,NA,NA,JUICY GOSSIP,H G P A,"$40,000",No,NA,27
"March 25, 2010",Phrase,NA,NA,BELOW THE SURFACE,C D M I,"$35,000",No,NA,27
"March 26, 2010",Thing,NA,NA,PROPER TECHNIQUE,D M H A,"$30,000",No,NA,27
"March 29, 2010",Phrase,NA,NA,FITS LIKE A GLOVE,B D P A,"$30,000",No,NA,27
"March 30, 2010",Phrase,NA,NA,THE PERFECT MIX,H K M I C,"$25,000",Yes,NA,27
"March 31, 2010",Event,NA,NA,PHOTO FINISH,M C Y A,"$30,000",No,NA,27
"April 1, 2010",Phrase,NA,NA,ACTING ON IMPULSE,G C M O,"$25,000",Yes,NA,27
"April 2, 2010",Person,NA,NA,BRIDEGROOM,C D H A,"$25,000",No,NA,27
"April 5, 2010",Phrase,NA,NA,BUZZING WITH EXCITEMENT,H G C A M,"$25,000",No,NA,27
"April 6, 2010",Phrase,NA,NA,CHOW DOWN,C M D A,"$40,000",No,NA,27
"April 7, 2010",Thing,NA,NA,POSITIVE ATMOSPHERE,M P C O,"$30,000",Yes,NA,27
"April 8, 2010",Thing,NA,NA,HONEYMOON PERIOD,C G P A H,"$30,000",No,NA,27
"April 9, 2010",Thing,NA,NA,WORKBENCH,D C M A,"$50,000",No,NA,27
"April 12, 2010",Person,NA,NA,AWARD RECIPIENT,M H C O,"$35,000",No,NA,27
"April 13, 2010",Phrase,NA,NA,EXACT CHANGE,C P G A,"$25,000",Yes,NA,27
"April 14, 2010",Phrase,NA,NA,INDULGE YOURSELF,D M C I,"$25,000",Yes,NA,27
"April 15, 2010",Thing,NA,NA,COZY BLANKET,C P M O,"$50,000",No,NA,27
"April 16, 2010",Fun & Games,NA,NA,ROYAL FLUSH,H D C A,"$30,000",Yes,NA,27
"April 19, 2010",Thing,NA,NA,PAPERWEIGHT,M D C A,Mazda RX-8,No,NA,27
"April 20, 2010",Thing,NA,NA,EXPERT OPINION,D M G I,"$45,000",No,NA,27
"April 21, 2010",Thing,NA,NA,A FOREIGN LANGUAGE,G P M O,"$35,000",Yes,NA,27
"April 22, 2010",Phrase,NA,NA,IN THE GROOVE,G D H O,"$35,000",Yes,NA,27
"April 23, 2010",Place,NA,NA,FOOD COURT,B P C O,Mazda RX-8,No,NA,27
"April 26, 2010",Phrase,NA,NA,WAIT A WHILE,C M D A,"$25,000",Yes,NA,27
"April 27, 2010",Phrase,NA,NA,PURE COINCIDENCE,C M P O D,"$25,000",Yes,NA,27
"April 28, 2010",Phrase,NA,NA,MOVING FORWARD,D P C O,"$30,000",Yes,NA,27
"April 29, 2010",Things,NA,NA,JUMPING JACKS,D M P I,"$35,000",No,NA,27
"April 30, 2010",Thing,NA,NA,BELLY FLOP,C P M A H,"$40,000",Yes,NA,27
"May 3, 2010",Phrase,NA,NA,THROW A BASH,M D C O H,"$30,000",Yes,NA,27
"May 4, 2010",Thing,NA,NA,NIGHTGOWN,D C M I,"$30,000",No,NA,27
"May 5, 2010",Thing,NA,NA,FAIR WEATHER,M C D O,"$50,000",No,NA,27
"May 6, 2010",Thing,NA,NA,PATIO COVER,P M H I G,"$30,000",No,NA,27
"May 7, 2010",Thing,NA,NA,PREVIOUS PAGE,D M P I,"$30,000",No,NA,27
"May 10, 2010",Thing,NA,NA,BOOK OF POEMS,D F H O,"$30,000",Yes,NA,27
"May 11, 2010",Phrase,NA,NA,KNOCK ON WOOD,C P B I,"$30,000",No,NA,27
"May 12, 2010",Place,NA,NA,HOBBY SHOP,D P C O,Ford Mustang,No,NA,27
"May 13, 2010",Thing,NA,NA,BROAD APPEAL,C M P I D,"$30,000",Yes,NA,27
"May 14, 2010",Phrase,NA,NA,VOICE OF EXPERIENCE,C P D O,"$25,000",Yes,NA,27
"May 17, 2010",Person,NA,NA,FAITHFUL SIDEKICK,D C M A,"$25,000",No,NA,27
"May 18, 2010",Thing,NA,NA,SOFTWARE UPDATE,C K P O,"$30,000",No,NA,27
"May 19, 2010",Things,NA,NA,PREFIX AND SUFFIX,C P D O,"$40,000",No,NA,27
"May 20, 2010",Thing,NA,NA,RISKY MANEUVER,C M P A,"$35,000",No,NA,27
"May 21, 2010",Place,NA,NA,BEHIND THE PODIUM,C K W O,"$40,000",No,NA,27
"May 24, 2010",Thing,NA,NA,CURIOSITY,D P M A G,"$25,000",No,NA,27
"May 25, 2010",Event,NA,NA,BLOWING A FUSE,G D F U B,"$25,000",Yes,NA,27
"May 26, 2010",Thing,NA,NA,OFF-THE-CUFF REMARK,C D P I,"$30,000",No,NA,27
"May 27, 2010",Thing,NA,NA,FLEXIBLE SCHEDULE,P M B A,"$25,000",No,NA,27
"May 28, 2010",Things,NA,NA,HIKING BOOTS,C D M A,"$25,000",No,NA,27
"May 31, 2010",Thing,NA,NA,FRIENDLY WAGER,B D H I,"$25,000",No,NA,27
"June 1, 2010",Person,NA,NA,JAZZ MUSICIAN,C K M I,"$25,000",No,NA,27
"June 2, 2010",Phrase,NA,NA,A SHOW OF HANDS,D K P O F,"$30,000",No,NA,27
"June 3, 2010",Thing,NA,NA,PUNCTUATION MARK,C D P O,"$25,000",Yes,NA,27
"June 4, 2010",Person,NA,NA,SAVVY SHOPPER,C P H I,"$35,000",Yes,NA,27
"June 7, 2010",Phrase,NA,NA,DOUBLE WHAMMY,D H M I C,"$45,000",Yes,NA,27
"June 8, 2010",Things,NA,NA,BANJO STRINGS,C D P I,"$45,000",No,NA,27
"June 9, 2010",Thing,NA,NA,WINDOW DISPLAY,C M P I,"$25,000",Yes,NA,27
"June 10, 2010",Thing,NA,NA,BOOMERANG,C P M A,"$30,000",Yes,NA,27
"June 11, 2010",Thing,NA,NA,FAR-FETCHED IDEA,D P G A,"$25,000",No,NA,27
"September 13, 2010",Event,NA,NA,GIFT EXCHANGE,C D M A,"$30,000",No,NA,28
"September 14, 2010",Place,NA,NA,FRONT YARD,H P D I,"$30,000",No,NA,28
"September 15, 2010",Thing,NA,NA,POPULAR OPINION,C D M O P,"$45,000",Yes,NA,28
"September 16, 2010",Food & Drink,NA,NA,WEDGE OF LIME,C H F O,"$45,000",No,NA,28
"September 17, 2010",Thing,NA,NA,BODY LANGUAGE,P M G A,"$30,000",No,NA,28
"September 20, 2010",Food & Drink,NA,NA,JUICY BEEF,C M P A,"$35,000",No,NA,28
"September 21, 2010",Phrase,NA,NA,QUALITY TIME,D P C O,"$100,000",No,NA,28
"September 22, 2010",Thing,NA,NA,VISUAL IMAGE,C M D O,"$30,000",No,NA,28
"September 23, 2010",Phrase,NA,NA,TAKE A BOW,C M D A P,Lexus IS 250,Yes,NA,28
"September 24, 2010",Thing,NA,NA,FLATBED TRUCK,D K M I,"$30,000",No,NA,28
"September 27, 2010",Phrase,NA,NA,YOU HOLD THE KEY,C M D A,Mazda Miata,No,NA,28
"September 28, 2010",Thing,NA,NA,BEAR HUG,D M W O,"$50,000",No,NA,28
"September 29, 2010",Phrase,NA,NA,I'M AWAKE,D C M I,"$30,000",No,NA,28
"September 30, 2010",Event,NA,NA,HAPPY HOUR,P H D I,"$30,000",Yes,NA,28
"October 1, 2010",Event,NA,NA,ACT OF HEROISM,H C D O,"$45,000",Yes,NA,28
"October 4, 2010",Living Things,NA,NA,HAWKS AND DOVES,M P D O,"$50,000",No,NA,28
"October 5, 2010",Thing,NA,NA,QUICK DECISION,C H F O,"$30,000",Yes,NA,28
"October 6, 2010",Thing,NA,NA,OVERCOAT,H G P O,"$35,000",No,NA,28
"October 7, 2010",Phrase,NA,NA,ON A WHIM,D M B I P,"$100,000",Yes,NA,28
"October 8, 2010",Place,NA,NA,PIZZA JOINT,M H P I,"$30,000",No,NA,28
"October 11, 2010",Thing,NA,NA,BACKBONE,H B G O,Mercedes-Benz C-300,Yes,NA,28
"October 12, 2010",Phrase,NA,NA,WARM AND FUZZY,D C H A,Mercedes-Benz C-300,No,NA,28
"October 13, 2010",Person,NA,NA,GROWN-UP,C D G O,Mercedes-Benz C-300,Yes,NA,28
"October 14, 2010",Thing,NA,NA,MUSIC MIX,B M D O,Mercedes-Benz C-300,No,NA,28
"October 15, 2010",Person,NA,NA,ANONYMOUS DONOR,D A M C,Mercedes-Benz C-300,Yes,NA,28
"October 18, 2010",Person,NA,NA,TOUGH GUY,C W P O,"$100,000",No,NA,28
"October 19, 2010",Thing,NA,NA,VOLUME KNOB,D H C O,Ford Escape,No,NA,28
"October 20, 2010",Thing,NA,NA,A HUGE FAVOR,C K H A,"$30,000",No,NA,28
"October 21, 2010",Things,NA,NA,JOKES AND PUNS,D C P A,"$45,000",Yes,NA,28
"October 22, 2010",Phrase,NA,NA,GOOF AROUND,C M H I,Mitsubishi Eclipse,No,NA,28
"October 25, 2010",Thing,NA,NA,HEAVY FOG,H D M A,"$35,000",No,NA,28
"October 26, 2010",Thing,NA,NA,OFFICE EQUIPMENT,M D C A,Mitsubishi Eclipse,No,NA,28
"October 27, 2010",Thing,NA,NA,VIEWFINDER,D P H A,"$100,000",No,NA,28
"October 28, 2010",Phrase,NA,NA,GOOD GRIEF,C D M I P,Mitsubishi Eclipse,No,NA,28
"October 29, 2010",Phrase,NA,NA,JOIN FORCES,G C H A,"$30,000",Yes,NA,28
"November 1, 2010",Phrase,NA,NA,ONWARD AND UPWARD,D M P A,"$35,000",No,NA,28
"November 2, 2010",Thing,NA,NA,A FIRM GRIP,M C D A,"$35,000",No,NA,28
"November 3, 2010",Phrase,NA,NA,FLASH OF GENIUS,D C P I,"$40,000",No,NA,28
"November 4, 2010",People,NA,NA,JUGGLERS AND CLOWNS,D C P A,Ford Mustang,Yes,NA,28
"November 5, 2010",Living Thing,NA,NA,BABY KOALA,B M D A,"$30,000",Yes,NA,28
"November 8, 2010",Phrase,NA,NA,AHEAD OF THE CURVE,C B M A,"$50,000",Yes,NA,28
"November 9, 2010",Thing,NA,NA,DAYLIGHT,C D P A,BMW Z4 Convertible,No,NA,28
"November 10, 2010",Thing,NA,NA,SECOND CHOICE,P D H A,"$30,000",Yes,NA,28
"November 11, 2010",Things,NA,NA,SHOULDER PADS,C H M A,BMW Z4 Convertible,Yes,NA,28
"November 12, 2010",Thing,NA,NA,TOUCHY SUBJECT,H D C A,"$30,000",No,NA,28
"November 15, 2010",Phrase,NA,NA,I WAS MISQUOTED,D P H A,"$45,000",No,NA,28
"November 16, 2010",Thing,NA,NA,SMOOTH MOVE,H D M I,"$35,000",No,NA,28
"November 17, 2010",Place,NA,NA,MAIN LOBBY,G D A P,Mazda Tribute,No,NA,28
"November 18, 2010",Thing,NA,NA,OPEN-DOOR POLICY,P D Y O,Mazda Tribute,Yes,NA,28
"November 19, 2010",Thing,NA,NA,BRIEF CHAT,F D C A,"$50,000",Yes,NA,28
"November 22, 2010",Place,NA,NA,GHOST TOWN,C H M O,"$35,000",Yes,NA,28
"November 23, 2010",Phrase,NA,NA,IT'S BAFFLING,D P M O,Jeep Wrangler,No,NA,28
"November 24, 2010",Thing,NA,NA,POWER SOURCE,H M C A,"$35,000",No,NA,28
"November 25, 2010",Thing,NA,NA,TEXTBOOK,D C P A,Jeep Wrangler,No,NA,28
"November 26, 2010",Things,NA,NA,BLACK TIGHTS,H C D A,"$30,000",Yes,NA,28
"November 29, 2010",Thing,NA,NA,CHEMICAL FORMULA,H D M A,Mazda Miata,Yes,NA,28
"November 30, 2010",Person,NA,NA,FORMER BOYFRIEND,B P M O,"$30,000",Yes,NA,28
"December 1, 2010",Phrase,NA,NA,NO QUESTION ABOUT IT,Q B H O,"$45,000",Yes,NA,28
"December 2, 2010",Thing,NA,NA,VIVID DREAM,F D B I,"$30,000",Yes,NA,28
"December 3, 2010",Place,NA,NA,BUSY HIGHWAY,P C M O,"$30,000",No,NA,28
"December 6, 2010",Person,NA,NA,LIGHTWEIGHT CHAMP,M H C A,"$30,000",Yes,NA,28
"December 7, 2010",People,NA,NA,YOUNG FOLKS,D G C A,"$30,000",No,NA,28
"December 8, 2010",Things,NA,NA,PSYCHIC PREDICTIONS,C H D O,"$30,000",Yes,NA,28
"December 9, 2010",Thing,NA,NA,VALUABLE INSIGHT,C M D O,"$30,000",No,NA,28
"December 10, 2010",Thing,NA,NA,A LUMP SUM,F G P A,"$30,000",No,NA,28
"December 13, 2010",What Are You Doing?,NA,NA,KEEPING WATCH,D C H A,"$35,000",No,NA,28
"December 14, 2010",Phrase,NA,NA,LOFTY HEIGHTS,F M W A,"$35,000",No,NA,28
"December 15, 2010",Thing,NA,NA,VALID OPTION,C D M A,Honda Element,No,NA,28
"December 16, 2010",Things,NA,NA,BRAINS AND BRAWN,A B M P,"$100,000",Yes,NA,28
"December 17, 2010",Thing,NA,NA,AGE-OLD RIVALRY,P C G A,"$45,000",Yes,NA,28
"December 20, 2010",Thing,NA,NA,HINDSIGHT,D M C O B,"$35,000",No,NA,28
"December 21, 2010",Thing,NA,NA,JOB OFFER,M P C I,Volkswagen Tiguan,No,NA,28
"December 22, 2010",Phrase,NA,NA,SQUAT DOWN,D M G O,"$30,000",No,NA,28
"December 23, 2010",Thing,NA,NA,WAX FIGURE,P C H O,"$40,000",No,NA,28
"December 24, 2010",What Are You Doing?,NA,NA,GIVING BACK,D G M I,"$35,000",Yes,NA,28
"December 27, 2010",Thing,NA,NA,HAND TOWEL,C D M O,Chevrolet Camaro,No,NA,28
"December 28, 2010",Phrase,NA,NA,ON THE DOUBLE,B G C O,"$35,000",Yes,NA,28
"December 29, 2010",Phrase,NA,NA,PUCKER UP,B C M A,"$100,000",No,NA,28
"December 30, 2010",Thing,NA,NA,A HIGH VOICE,C M D A,"$50,000",No,NA,28
"December 31, 2010",Thing,NA,NA,BACKGROUND MUSIC,M C D I,Chevrolet Camaro,Yes,NA,28
"January 3, 2011",Thing,NA,NA,HAZY SKY,D P F O,"$30,000",No,NA,28
"January 4, 2011",Thing,NA,NA,A KNOWN FACT,C D M I,"$100,000",No,NA,28
"January 5, 2011",Place,NA,NA,CLOTHING BOUTIQUE,P D H A,"$35,000",No,NA,28
"January 6, 2011",Thing,NA,NA,COVERED BRIDGE,D M B A,"$30,000",No,NA,28
"January 7, 2011",What Are You Doing?,NA,NA,WASHING UP,G P M I,"$100,000",No,NA,28
"January 10, 2011",Thing,NA,NA,ACOUSTIC GUITAR,C H M O D,Dodge Challenger,No,NA,28
"January 11, 2011",People,NA,NA,YOUTH OF TODAY,H F D A C,"$100,000",No,NA,28
"January 12, 2011",Event,NA,NA,NIGHTFALL,G H F A,Dodge Challenger,Yes,NA,28
"January 13, 2011",Fun & Games,NA,NA,KAYAKING,C D P A,"$30,000",Yes,NA,28
"January 14, 2011",Phrase,NA,NA,WORK IT OUT,G M A C,"$35,000",No,NA,28
"January 17, 2011",Thing,NA,NA,EXCLUSIVE CLUB,C H M A,"$35,000",No,NA,28
"January 18, 2011",Event,NA,NA,BIKE TOUR,C D M O,Mazda Miata,No,NA,28
"January 19, 2011",Thing,NA,NA,BIG VOCABULARY,C P G O,"$30,000",No,NA,28
"January 20, 2011",Thing,NA,NA,HOUSE KEY,D C M O,"$35,000",No,NA,28
"January 21, 2011",Phrase,NA,NA,JUMP UP AND DOWN,D F B A,Mazda Miata,No,NA,28
"January 24, 2011",Phrase,NA,NA,MAJOR OVERHAUL,M C D O,"$50,000",Yes,NA,28
"January 25, 2011",Thing,NA,NA,FUEL GAUGE,C P K A,"$30,000",No,NA,28
"January 26, 2011",Thing,NA,NA,NIFTY GADGET,D C M A,"$30,000",Yes,NA,28
"January 27, 2011",Place,NA,NA,PRIVATE COURTYARD,M P D I H,"$30,000",No,NA,28
"January 28, 2011",People,NA,NA,THE WHOLE FAMILY,P M C O,"$45,000",Yes,NA,28
"January 31, 2011",What Are You Doing?,NA,NA,OPENING THE VAULT,H G D I,"$35,000",Yes,NA,28
"February 1, 2011",Thing,NA,NA,PATIO AWNING,G Y H A,"$30,000",Yes,NA,28
"February 2, 2011",Living Thing,NA,NA,PINK ORCHID,G K M I,"$30,000",No,NA,28
"February 3, 2011",People,NA,NA,JAZZ BAND,D M C A,"$35,000",No,NA,28
"February 4, 2011",Person,NA,NA,AVID HIKER,B H P O,"$35,000",No,NA,28
"February 7, 2011",Phrase,NA,NA,POUR IT ON,M Y D O,Mercedes-Benz GLK350,Yes,NA,28
"February 8, 2011",Thing,NA,NA,DRAWBRIDGE,D C H A,"$30,000",No,NA,28
"February 9, 2011",Person,NA,NA,NOISY NEIGHBOR,G H B O,"$30,000",Yes,NA,28
"February 10, 2011",Phrase,NA,NA,IN A JIFFY,D C M I,"$35,000",No,NA,28
"February 11, 2011",Thing,NA,NA,EXPERT ADVICE,F D H A,"$30,000",Yes,NA,28
"February 14, 2011",Phrase,NA,NA,IT MIGHT HAPPEN,D M H I,"$30,000",Yes,NA,28
"February 15, 2011",Thing,NA,NA,HAIR BRAID,C H P A M,"$30,000",Yes,NA,28
"February 16, 2011",Thing,NA,NA,MOVING VAN,G D H I,"$30,000",No,NA,28
"February 17, 2011",People,NA,NA,JUNIOR VARSITY SQUAD,M P B A,"$35,000",No,NA,28
"February 18, 2011",Thing,NA,NA,STRICT CURFEW,M H C A,"$30,000",No,NA,28
"February 21, 2011",Event,NA,NA,MEDICAL BREAKTHROUGH,C P M A,"$30,000",No,NA,28
"February 22, 2011",Phrase,NA,NA,THE RIGHT APPROACH,H D Y I,Jeep Wrangler,No,NA,28
"February 23, 2011",Place,NA,NA,TOWNSHIP,H D M O,"$30,000",Yes,NA,28
"February 24, 2011",Phrase,NA,NA,VAST MAJORITY,J C D A,"$30,000",Yes,NA,28
"February 25, 2011",Phrase,NA,NA,WORTH THE RISK,H F C A,"$40,000",No,NA,28
"February 28, 2011",Thing,NA,NA,AWARD PLAQUE,C P H A,"$45,000",No,NA,28
"March 1, 2011",Thing,NA,NA,HOW-TO GUIDE,D G P O,"$100,000",No,NA,28
"March 2, 2011",Thing,NA,NA,HOURLY WAGE,C D Y A,"$45,000",No,NA,28
"March 3, 2011",Phrase,NA,NA,WIGGLE ROOM,M P D O,"$100,000",No,NA,28
"March 4, 2011",Thing,NA,NA,LOUD OVATION,C P Y O,"$30,000",No,NA,28
"March 7, 2011",Thing,NA,NA,POINT OF VIEW,M D C I,"$45,000",Yes,NA,28
"March 8, 2011",Thing,NA,NA,GREAT AMBITION,B G H A M,Winnebago,Yes,NA,28
"March 9, 2011",Phrase,NA,NA,HAVE FAITH,D H M O,"$40,000",Yes,NA,28
"March 10, 2011",Person,NA,NA,BODYGUARD,D M C A,"$40,000",Yes,NA,28
"March 11, 2011",Phrase,NA,NA,TOUGH ACT TO FOLLOW,H D M O P,"$45,000",Yes,NA,28
"March 14, 2011",Phrase,NA,NA,HIGHLY ORGANIZED,B G D O H,"$40,000",Yes,NA,28
"March 15, 2011",Phrase,NA,NA,WHAT A KICK,G H B O,"$30,000",No,NA,28
"March 16, 2011",Phrase,NA,NA,BY A WIDE MARGIN,M C F A,"$40,000",No,NA,28
"March 17, 2011",Thing,NA,NA,FLAGPOLE,D B M I,"$30,000",No,NA,28
"March 18, 2011",Things,NA,NA,FOUR QUARTS,C H P O G,"$30,000",No,NA,28
"March 21, 2011",Place,NA,NA,PUBLIC WALKWAY,P M D O,"$30,000",No,NA,28
"March 22, 2011",Things,NA,NA,GIGABYTES,M P D I,Mazda RX-8,No,NA,28
"March 23, 2011",Thing,NA,NA,GORGEOUS BOUQUET,H M P A,"$100,000",No,NA,28
"March 24, 2011",Phrase,NA,NA,AS YOU WISH,H D M I,Mazda RX-8,Yes,NA,28
"March 25, 2011",Phrase,NA,NA,KID STUFF,D M H O,"$45,000",No,NA,28
"March 28, 2011",Phrase,NA,NA,FOOD FOR THOUGHT,D C M U,"$30,000",No,NA,28
"March 29, 2011",Phrase,NA,NA,A SIGN FROM ABOVE,G F B A,"$30,000",Yes,NA,28
"March 30, 2011",Phrase,NA,NA,LAUGH IT OFF,G H F I,Lexus IS 250,Yes,NA,28
"March 31, 2011",Thing,NA,NA,BUS ROUTE,B C F U,"$45,000",Yes,NA,28
"April 1, 2011",Thing,NA,NA,COMPUTER KEYBOARD,C P M O,"$50,000",No,NA,28
"April 4, 2011",Phrase,NA,NA,HOW KIND,D P B A,Chevrolet Volt,No,NA,28
"April 5, 2011",Thing,NA,NA,JUDGE'S GAVEL,F G H A M,"$30,000",Yes,NA,28
"April 6, 2011",Phrase,NA,NA,GO QUIETLY,H M F O,"$35,000",No,NA,28
"April 7, 2011",Phrase,NA,NA,GIFT OF GAB,C M H O,"$100,000",No,NA,28
"April 8, 2011",Phrase,NA,NA,A MIXED BAG,C D M A,"$30,000",No,NA,28
"April 11, 2011",Phrase,NA,NA,SOLID PROOF,P M C A,"$35,000",Yes,NA,28
"April 12, 2011",What Are You Doing?,NA,NA,JOGGING IN PLACE,C D P A,"$30,000",Yes,NA,28
"April 13, 2011",Phrase,NA,NA,WORD TO THE WISE,H D P O,"$30,000",Yes,NA,28
"April 14, 2011",Thing,NA,NA,AUTOGRAPH,C D H A M,"$30,000",Yes,NA,28
"April 15, 2011",Phrase,NA,NA,HUMBLE BEGINNINGS,D M P O,"$30,000",Yes,NA,28
"April 18, 2011",Thing,NA,NA,GOLF VISOR,D M C O,"$30,000",No,NA,28
"April 19, 2011",Thing,NA,NA,BABY FACE,M P D A,"$40,000",No,NA,28
"April 20, 2011",Thing,NA,NA,DUNE BUGGY,C D P A,"$30,000",No,NA,28
"April 21, 2011",Thing,NA,NA,PURE GOLD,C P B O,"$45,000",Yes,NA,28
"April 22, 2011",Phrase,NA,NA,I'M FLEXIBLE,M C P A,"$45,000",No,NA,28
"April 25, 2011",Things,NA,NA,WOBBLY LEGS,D M P O,Jeep Liberty,No,NA,28
"April 26, 2011",Event,NA,NA,EPIC VOYAGE,G D B O,"$45,000",Yes,NA,28
"April 27, 2011",Thing,NA,NA,BOOK JACKET,C M H O,Jeep Liberty,No,NA,28
"April 28, 2011",Phrase,NA,NA,GIVE A HOOT,B C D O,"$35,000",Yes,NA,28
"April 29, 2011",Thing,NA,NA,DOGGY DISH,H D C A,"$35,000",No,NA,28
"May 2, 2011",Rhyme Time,NA,NA,TOUGH STUFF,C M P O,"$30,000",Yes,NA,28
"May 3, 2011",Phrase,NA,NA,WITHIN YOUR GRASP,P M C O,"$30,000",No,NA,28
"May 4, 2011",Show Biz,NA,NA,MEDIA HYPE,H M D A,"$30,000",Yes,NA,28
"May 5, 2011",Thing,NA,NA,A GOOD VIBE,M P F A,"$30,000",No,NA,28
"May 6, 2011",Thing,NA,NA,BOBBY PIN,M D H A,"$40,000",No,NA,28
"May 9, 2011",Thing,NA,NA,BACK POCKET,H D C A,"$30,000",Yes,NA,28
"May 10, 2011",Thing,NA,NA,PHOTO EXHIBIT,C D M A H,"$45,000",No,NA,28
"May 11, 2011",Thing,NA,NA,INGENIOUS DEVICE,C D P A,Mini Cooper,Yes,NA,28
"May 12, 2011",Thing,NA,NA,FOCAL POINT,H C M A,Mini Cooper,Yes,NA,28
"May 13, 2011",Things,NA,NA,QUALIFICATIONS,D P C I,"$30,000",No,NA,28
"May 16, 2011",Thing,NA,NA,SQUARE FOOTAGE,C D M A,"$35,000",Yes,NA,28
"May 17, 2011",Thing,NA,NA,TRAVEL VOUCHER,H G B O,"$100,000",Yes,NA,28
"May 18, 2011",Thing,NA,NA,BRIGHT OUTLOOK,M H D O,"$30,000",Yes,NA,28
"May 19, 2011",Thing,NA,NA,HOT TOPIC,H B C O,"$30,000",Yes,NA,28
"May 20, 2011",Thing,NA,NA,BOLD TYPEFACE,H D Y A,Ford Edge,Yes,NA,28
"May 23, 2011",Things,NA,NA,WOOL GLOVES,D F M O,"$45,000",No,NA,28
"May 24, 2011",Thing,NA,NA,DAILY BLOG,C M P I D,Pair of Toyota Venzas,No,NA,28
"May 25, 2011",Thing,NA,NA,BLACK GOWN,M B C O,"$30,000",No,NA,28
"May 26, 2011",Phrase,NA,NA,QUITE A JOLT,D C F A H,"$30,000",No,NA,28
"May 27, 2011",Thing,NA,NA,UNUSUAL HOBBY,D H C A,"$30,000",No,NA,28
"May 30, 2011",Thing,NA,NA,PHONE JACK,C D P O,"$35,000",No,NA,28
"May 31, 2011",Phrase,NA,NA,PIPING HOT,C H P O,"$35,000",Yes,NA,28
"June 1, 2011",Phrase,NA,NA,LOOKS YUMMY,D H M O C,"$45,000",No,NA,28
"June 2, 2011",Phrase,NA,NA,AT THE BUZZER,C D H A,"$30,000",No,NA,28
"June 3, 2011",Phrase,NA,NA,FILL THE VOID,P M D O,"$35,000",Yes,NA,28
"June 6, 2011",Thing,NA,NA,PAID INVOICE,H D M I,"$35,000",No,NA,28
"June 7, 2011",Thing,NA,NA,AWKWARD PHASE,H M C O,"$30,000",No,NA,28
"June 8, 2011",Thing,NA,NA,HUGE EGO,M D H O,Jeep Liberty,No,NA,28
"June 9, 2011",Thing,NA,NA,WEB VIDEO,B C D I,"$30,000",No,NA,28
"June 10, 2011",Phrase,NA,NA,I'M HOPEFUL,M C H I,"$30,000",No,NA,28
"September 19, 2011",Phrase,NA,NA,MIGHTY PROUD,D H P A,Pair of Honda CRVs,No,NA,29
"September 20, 2011",Place,NA,NA,BANQUET ROOM,M C D O,"$30,000",No,NA,29
"September 21, 2011",Thing,NA,NA,CROWDED SUBWAY,C H D A,"$100,000",No,NA,29
"September 22, 2011",Phrase,NA,NA,BUY IN BULK,M F C O,"$35,000",No,NA,29
"September 23, 2011",Phrase,NA,NA,CABIN FEVER,B V M A,"$30,000",Yes,NA,29
"September 26, 2011",Thing,NA,NA,BACKFLIP,D M C A,"$45,000",No,NA,29
"September 27, 2011",Things,NA,NA,BITE-SIZE PIECES,C D H A,"$40,000",Yes,NA,29
"September 28, 2011",Phrase,NA,NA,FAR BEHIND,G C P I,"$30,000",No,NA,29
"September 29, 2011",Thing,NA,NA,ROUGH PATCH,M Y H I,Mazda Miata,No,NA,29
"September 30, 2011",Place,NA,NA,COMFY HOME,C P M A,"$30,000",No,NA,29
"October 3, 2011",Event,NA,NA,JOB FAIR,B G H O,"$50,000",Yes,NA,29
"October 4, 2011",Thing,NA,NA,POUND SIGN,G D M A,"$45,000",Yes,NA,29
"October 5, 2011",Thing,NA,NA,HOCKEY LEAGUE,D C F A,"$45,000",No,NA,29
"October 6, 2011",Thing,NA,NA,VAGUE IDEA,C D M O,"$35,000",No,NA,29
"October 7, 2011",Phrase,NA,NA,I WON'T BUDGE,C D P O M,"$30,000",No,NA,29
"October 10, 2011",Thing,NA,NA,CORKBOARD,C D B A,Volkswagen Tiguan,No,NA,29
"October 11, 2011",Phrase,NA,NA,HOLD OUT HOPE,C B M A,"$30,000",No,NA,29
"October 12, 2011",Phrase,NA,NA,I'M JUST TOO BUSY,P M C O,Volkswagen Tiguan,No,NA,29
"October 13, 2011",Food & Drink,NA,NA,MOIST BROWNIES,D C G A,"$30,000",No,NA,29
"October 14, 2011",Thing,NA,NA,CALYPSO BEAT,M P H O,"$30,000",No,NA,29
"October 17, 2011",Living Thing,NA,NA,YOUNG CALF,D F C A,"$35,000",Yes,NA,29
"October 18, 2011",Thing,NA,NA,BALE OF HAY,H C D A,"$30,000",Yes,NA,29
"October 19, 2011",Thing,NA,NA,BANJO MUSIC,H C F I,"$30,000",No,NA,29
"October 20, 2011",Thing,NA,NA,FULL-BODIED FLAVOR,B C P A,"$30,000",No,NA,29
"October 21, 2011",Food & Drink,NA,NA,ORANGE GUMDROPS,G M H O,"$30,000",Yes,NA,29
"October 24, 2011",Thing,NA,NA,GOOD ADVICE,M C P A D,"$30,000",Yes,NA,29
"October 25, 2011",Place,NA,NA,BINGO PARLOR,P C M A,"$30,000",No,NA,29
"October 26, 2011",Thing,NA,NA,PARTY FAVOR,D M G A,"$35,000",No,NA,29
"October 27, 2011",Thing,NA,NA,STOCK QUOTE,C G D A,"$45,000",No,NA,29
"October 28, 2011",Phrase,NA,NA,CASH FLOW,B G H O,Mitsubishi Eclipse,No,NA,29
"October 31, 2011",Phrase,NA,NA,AN EASY FIX,M D C A,"$35,000",Yes,NA,29
"November 1, 2011",Thing,NA,NA,CHROME FINISH,M D C A,"$30,000",No,NA,29
"November 2, 2011",Phrase,NA,NA,CLIMB ABOARD,P M D O,Fiat 500c,No,NA,29
"November 3, 2011",Phrase,NA,NA,FLIGHTS OF FANCY,C D H O,"$100,000",No,NA,29
"November 4, 2011",Phrase,NA,NA,AWFULLY NICE,Y C H I,"$30,000",No,NA,29
"November 7, 2011",Phrase,NA,NA,UP FOR GRABS,D P H A,"$30,000",Yes,NA,29
"November 8, 2011",Place,NA,NA,BANK VAULT,B K V A,"$30,000",Yes,NA,29
"November 9, 2011",Thing,NA,NA,LOUD GASP,C M K I,"$30,000",No,NA,29
"November 10, 2011",Thing,NA,NA,DOUBLE KNOT,M D B A,"$40,000",Yes,NA,29
"November 11, 2011",Thing,NA,NA,BROWN BAG,C D H A,"$30,000",No,NA,29
"November 14, 2011",Event,NA,NA,BRIEF VISIT,B D H I,"$30,000",Yes,NA,29
"November 15, 2011",Phrase,NA,NA,GOOD GUESS,G D C A,"$50,000",Yes,NA,29
"November 16, 2011",Things,NA,NA,PERKS OF THE JOB,H C B I,"$30,000",No,NA,29
"November 17, 2011",Thing,NA,NA,BUMPER STICKER,M P C A,"$40,000",Yes,NA,29
"November 18, 2011",Phrase,NA,NA,BRACE YOURSELF,C D M O,"$30,000",No,NA,29
"November 21, 2011",Phrase,NA,NA,TOYING WITH THE IDEA,C M D O,Chevrolet Camaro,No,NA,29
"November 22, 2011",People,NA,NA,NEWLYWED COUPLE,D C P O W,"$30,000",Yes,NA,29
"November 23, 2011",Phrase,NA,NA,OFF THE RACK,M P D A H,Volvo C30,No,NA,29
"November 24, 2011",Thing,NA,NA,FAVORITE MUG,J K G A,"$50,000",No,NA,29
"November 25, 2011",Phrase,NA,NA,GIVE IT AWAY,D P H I,"$30,000",No,NA,29
"November 28, 2011",Thing,NA,NA,GLOBE,G C M O,"$30,000",No,NA,29
"November 29, 2011",Place,NA,NA,WILDLIFE PARK,P K G A,"$30,000",No,NA,29
"November 30, 2011",Places,NA,NA,QUAINT SHOPS,P D G I,"$40,000",No,NA,29
"December 1, 2011",Phrase,NA,NA,MAKE IT OFFICIAL,C D F O,"$30,000",Yes,NA,29
"December 2, 2011",Thing,NA,NA,LOADED GIFT CARD,D M F A,"$40,000",No,NA,29
"December 5, 2011",Place,NA,NA,IN THE FOREGROUND,H D B A,Pair of Honda CRVs,Yes,NA,29
"December 6, 2011",Thing,NA,NA,HIGHWAY SIGN,D M P O,"$45,000",No,NA,29
"December 7, 2011",Thing,NA,NA,CALMING VOICE,G M D A,"$40,000",No,NA,29
"December 8, 2011",Thing,NA,NA,SUNDAY BUFFET,H M D A,"$35,000",Yes,NA,29
"December 9, 2011",Phrase,NA,NA,I BLEW IT,P M H A,"$45,000",No,NA,29
"December 12, 2011",Phrase,NA,NA,LIKE A HAWK,V M C A D,"$45,000",No,NA,29
"December 13, 2011",Event,NA,NA,LONG JOURNEY,J G Y O,Mini Cooper convertible,Yes,NA,29
"December 14, 2011",Phrase,NA,NA,IT COULD HAPPEN,C H M I,"$30,000",Yes,NA,29
"December 15, 2011",Place,NA,NA,TAXI STAND,C D M O,"$35,000",No,NA,29
"December 16, 2011",Phrase,NA,NA,FAR AND WIDE,D M P A,"$30,000",No,NA,29
"December 19, 2011",Thing,NA,NA,SOYBEAN,C D M I,Volkswagen Eos,No,NA,29
"December 20, 2011",People,NA,NA,PEP SQUAD,D G H A,Volkswagen Eos,No,NA,29
"December 21, 2011",Phrase,NA,NA,COME HELP OUT,H D M O,"$30,000",No,NA,29
"December 22, 2011",Thing,NA,NA,ATHLETIC BUILD,D C M A,"$35,000",No,NA,29
"December 23, 2011",Things,NA,NA,FOUR ACES,H D P A,"$50,000",No,NA,29
"December 26, 2011",Phrase,NA,NA,I'M HALFWAY HOME,M D C A,"$30,000",No,NA,29
"December 27, 2011",Phrase,NA,NA,AVERAGE HEIGHT,D M H I,"$35,000",Yes,NA,29
"December 28, 2011",Thing,NA,NA,BUS TOKEN,B K M O,"$45,000",Yes,NA,29
"December 29, 2011",Phrase,NA,NA,GOOD TO KNOW,G D M O,"$30,000",Yes,NA,29
"December 30, 2011",Phrase,NA,NA,SKIM THE SURFACE,C H D A M,Chrysler 200,Yes,NA,29
"January 2, 2012",Phrase,NA,NA,WRONG WAY,C G D A,"$40,000",No,NA,29
"January 3, 2012",Food & Drink,NA,NA,BABY PEAS,M D B A C,"$35,000",Yes,NA,29
"January 4, 2012",Thing,NA,NA,DIALOGUE,D M P A,"$100,000",No,NA,29
"January 5, 2012",Thing,NA,NA,FLIGHT BAG,C M D A,Volkswagen Eos,No,NA,29
"January 6, 2012",Phrase,NA,NA,HIGH QUALITY,C D H I,"$30,000",No,NA,29
"January 9, 2012",Phrase,NA,NA,A HAPPY MEDIUM,C H P I,"$30,000",No,NA,29
"January 10, 2012",Things,NA,NA,WEDDING VOWS,G C D A,"$30,000",No,NA,29
"January 11, 2012",Event,NA,NA,BLACK-TIE AFFAIR,B F C A,"$30,000",Yes,NA,29
"January 12, 2012",Phrase,NA,NA,JUST BROWSING,G P C I,"$30,000",No,NA,29
"January 13, 2012",Person,NA,NA,GOLDEN BOY,P D M A H,"$30,000",Yes,NA,29
"January 16, 2012",Person,NA,NA,WORLD CHAMP,B Y D A,"$30,000",No,NA,29
"January 17, 2012",Thing,NA,NA,GIFT VOUCHER,D P M A H,Mazda Miata MX-5,No,NA,29
"January 18, 2012",Around the House,NA,NA,JUNK DRAWER,D C M A,"$45,000",No,NA,29
"January 19, 2012",Phrase,NA,NA,TOP PRIORITY,M B P A,"$30,000",No,NA,29
"January 20, 2012",Event,NA,NA,PIZZA PARTY,P C M I,"$45,000",No,NA,29
"January 23, 2012",Phrase,NA,NA,TOUGH BUT FAIR,M C P O,"$35,000",No,NA,29
"January 24, 2012",Thing,NA,NA,A QUIET MOMENT,C D M A P,"$35,000",No,NA,29
"January 25, 2012",Thing,NA,NA,PRECIOUS CARGO,C P G A,"$35,000",Yes,NA,29
"January 26, 2012",Phrase,NA,NA,KEEP PLUGGING AWAY,P G K I C,"$30,000",Yes,NA,29
"January 27, 2012",Phrase,NA,NA,AVAILABLE NOW,C M W A,Fiat 500C,Yes,NA,29
"January 30, 2012",Phrase,NA,NA,SKIP AHEAD,D M P A,"$30,000",Yes,NA,29
"January 31, 2012",Things,NA,NA,COWBOY BOOTS,D M C A,"$35,000",No,NA,29
"February 1, 2012",Thing,NA,NA,A HUGE HIT,G M C A,"$30,000",No,NA,29
"February 2, 2012",Thing,NA,NA,DAILY WORKOUT,W D B O,"$30,000",Yes,NA,29
"February 3, 2012",Phrase,NA,NA,PRIDE & JOY,H C D A,"$45,000",Yes,NA,29
"February 6, 2012",Phrase,NA,NA,LOW IMPACT,G D P A F,"$35,000",Yes,NA,29
"February 7, 2012",People,NA,NA,THE WHOLE GANG,D H M A,"$100,000",No,NA,29
"February 8, 2012",Phrase,NA,NA,MAKE A WISH,H M D O,Ford Explorer,Yes,NA,29
"February 9, 2012",Thing,NA,NA,KIND OFFER,G C M O,"$45,000",No,NA,29
"February 10, 2012",Phrase,NA,NA,BOOKED SOLID,D M C I,"$50,000",No,NA,29
"February 13, 2012",Thing,NA,NA,HIGH FIVE,B C D A,"$40,000",No,NA,29
"February 14, 2012",Phrase,NA,NA,BE QUICK ABOUT IT,C D P A,"$50,000",No,NA,29
"February 15, 2012",Person,NA,NA,HOMEBUYER,D H P A F,"$35,000",Yes,NA,29
"February 16, 2012",Thing,NA,NA,PLYWOOD,P C M A,"$30,000",No,NA,29
"February 17, 2012",Phrase,NA,NA,BOUNCE BACK,B G Y O C,"$30,000",Yes,NA,29
"February 20, 2012",Thing,NA,NA,PATCHWORK QUILT,C H M A,"$35,000",Yes,NA,29
"February 21, 2012",Thing,NA,NA,PURE GENIUS,D M C A,Winnebago,No,NA,29
"February 22, 2012",Phrase,NA,NA,BACK ME UP,B D M A,"$30,000",Yes,NA,29
"February 23, 2012",Thing,NA,NA,HOUSEWARMING GIFT,G D P O,Winnebago,No,NA,29
"February 24, 2012",Things,NA,NA,VIVID COLORS,C M F O,"$30,000",No,NA,29
"February 27, 2012",Phrase,NA,NA,ON YOUR OWN,C M D O,Mazda Miata MX-5,Yes,NA,29
"February 28, 2012",People,NA,NA,KIDS OF ALL AGES,D P M A,"$30,000",Yes,NA,29
"February 29, 2012",Thing,NA,NA,HOMETOWN FAVORITE,D C K I,"$40,000",No,NA,29
"March 1, 2012",Phrase,NA,NA,PLAYING A HUNCH,D G B A,"$30,000",No,NA,29
"March 2, 2012",Thing,NA,NA,BIKE ROUTE,P M C O,"$45,000",No,NA,29
"March 5, 2012",Thing,NA,NA,WIND-UP TOY,B C M A G,"$30,000",Yes,NA,29
"March 6, 2012",Person,NA,NA,PRO BOWLER,D M C A,"$35,000",No,NA,29
"March 7, 2012",Thing,NA,NA,TACKLE BOX,H C D A,"$45,000",Yes,NA,29
"March 8, 2012",Phrase,NA,NA,LIVING PROOF,G V D O,"$30,000",No,NA,29
"March 9, 2012",Thing,NA,NA,WICKER CHAIR,D H C A,"$30,000",Yes,NA,29
"March 12, 2012",Thing,NA,NA,SKYLIGHT,H D M O,"$35,000",Yes,NA,29
"March 13, 2012",Phrase,NA,NA,BRIDGE THE GAP,D H M A,"$100,000",No,NA,29
"March 14, 2012",Thing,NA,NA,GREAT CHOICE,M D P O,"$30,000",No,NA,29
"March 15, 2012",Phrase,NA,NA,LOOK OUT BELOW,C G H O,"$40,000",Yes,NA,29
"March 16, 2012",Person,NA,NA,KID BROTHER,G C D A,"$100,000",No,NA,29
"March 19, 2012",Thing,NA,NA,THICK FOG,C D M I,"$30,000",No,NA,29
"March 20, 2012",Person,NA,NA,UNSUNG HERO,D C H A,"$30,000",No,NA,29
"March 21, 2012",Things,NA,NA,WHITE GLOVES,M D P A,"$30,000",No,NA,29
"March 22, 2012",Phrase,NA,NA,A BRIGHT FUTURE,G C M A,"$30,000",No,NA,29
"March 23, 2012",Phrase,NA,NA,I WOULD BE DELIGHTED,B P H A,"$40,000",Yes,NA,29
"March 26, 2012",People,NA,NA,PANEL OF JUDGES,P F H A,Honda Accord,Yes,NA,29
"March 27, 2012",Things,NA,NA,PEAK HOURS,C D M O,"$100,000",No,NA,29
"March 28, 2012",Things,NA,NA,BASIC REQUIREMENTS,P D M A,"$35,000",No,NA,29
"March 29, 2012",Phrase,NA,NA,FLIP THE SWITCH,P F C I,"$40,000",Yes,NA,29
"March 30, 2012",Phrase,NA,NA,IN THE MIX,C P D O,"$30,000",No,NA,29
"April 2, 2012",Fun & Games,NA,NA,LEAPFROG,D C H O,"$35,000",No,NA,29
"April 3, 2012",Phrase,NA,NA,IT WILL GROW ON YOU,C P M A,Ford Mustang,No,NA,29
"April 4, 2012",Phrase,NA,NA,ON THE SAME PAGE,P M H O,"$40,000",Yes,NA,29
"April 5, 2012",Things,NA,NA,TRIVIA QUESTIONS,P B H O,"$30,000",No,NA,29
"April 6, 2012",Phrase,NA,NA,TAKE THE BAIT,B C D A,"$35,000",Yes,NA,29
"April 9, 2012",Things,NA,NA,PSYCHIC POWERS,M D B A,Mazda CX7,No,NA,29
"April 10, 2012",Phrase,NA,NA,GET TO THE POINT,G H P O,"$30,000",Yes,NA,29
"April 11, 2012",Thing,NA,NA,WORD OF THE DAY,H D Y O,"$45,000",Yes,NA,29
"April 12, 2012",Phrase,NA,NA,A FEW LAUGHS,P B D A,"$35,000",No,NA,29
"April 13, 2012",Person,NA,NA,BOYHOOD IDOL,D C M A,"$100,000",No,NA,29
"April 16, 2012",Things,NA,NA,PORCELAIN FIGURINES,B M C A,"$45,000",No,NA,29
"April 17, 2012",Thing,NA,NA,WITTY REMARK,Y C P A D,Winnebago,No,NA,29
"April 18, 2012",Phrase,NA,NA,OUT OF SIGHT,C M P U,"$40,000",No,NA,29
"April 19, 2012",Thing,NA,NA,COOKIE JAR,C M G A,"$30,000",No,NA,29
"April 20, 2012",Phrase,NA,NA,GO FOR BROKE,P F G I,"$30,000",No,NA,29
"April 23, 2012",Phrase,NA,NA,GET THE WORD OUT,H C B O,"$30,000",No,NA,29
"April 24, 2012",Fun & Games,NA,NA,OPENING KICKOFF,G D C O,"$35,000",No,NA,29
"April 25, 2012",Thing,NA,NA,A LIGHT TOUCH,G C H O,"$40,000",Yes,NA,29
"April 26, 2012",Phrase,NA,NA,BACK IN A FLASH,M C H I,"$100,000",Yes,NA,29
"April 27, 2012",Phrase,NA,NA,A CUT ABOVE,H D M A,"$30,000",No,NA,29
"April 30, 2012",Thing,NA,NA,BIRD FOOD,D P B A,"$100,000",Yes,NA,29
"May 1, 2012",Thing,NA,NA,SHORT PAUSE,M C P A,Nissan Leaf,No,NA,29
"May 2, 2012",Phrase,NA,NA,WAVE THE FLAG,D C M I,"$30,000",No,NA,29
"May 3, 2012",Thing,NA,NA,BUBBLE WRAP,D G P A,Nissan Leaf,No,NA,29
"May 4, 2012",Things,NA,NA,BOWS AND RIBBONS,F D M I,"$30,000",Yes,NA,29
"May 7, 2012",Person,NA,NA,COMPUTER WHIZ,H C P O,"$30,000",No,NA,29
"May 8, 2012",Place,NA,NA,JOGGING PATH,C D M I,"$50,000",No,NA,29
"May 9, 2012",Phrase,NA,NA,SECOND EFFORT,C D M O,"$30,000",Yes,NA,29
"May 10, 2012",Thing,NA,NA,BOOKMARK,C D M A P,"$30,000",No,NA,29
"May 11, 2012",Phrase,NA,NA,FIGURE IT OUT,C H P I,"$40,000",Yes,NA,29
"May 14, 2012",Person,NA,NA,VARSITY COACH,C H Y A,"$30,000",Yes,NA,29
"May 15, 2012",Thing,NA,NA,MAGIC WAND,D C M A G,Toyota Prius,No,NA,29
"May 16, 2012",Thing,NA,NA,A BRISK PACE,C M B O,"$30,000",Yes,NA,29
"May 17, 2012",Things,NA,NA,HOPES AND AMBITIONS,C D M A,"$40,000",No,NA,29
"May 18, 2012",Thing,NA,NA,CLIPBOARD,C D M A,"$50,000",No,NA,29
"May 21, 2012",Thing,NA,NA,TEMPERATURE GAUGE,C P D A,"$30,000",Yes,NA,29
"May 22, 2012",Phrase,NA,NA,FOR WHAT IT'S WORTH,D B C O H,"$30,000",Yes,NA,29
"May 23, 2012",Thing,NA,NA,SHARP CURVE,H D M O,"$35,000",No,NA,29
"May 24, 2012",Thing,NA,NA,PAPERWORK,C H M O,"$35,000",No,NA,29
"May 25, 2012",Person,NA,NA,BLOGGER,B H P U,"$30,000",Yes,NA,29
"May 28, 2012",Phrase,NA,NA,PROVE IT,D P C I,"$30,000",Yes,NA,29
"May 29, 2012",Thing,NA,NA,TWO-PART FINALE,B D G I,"$30,000",No,NA,29
"May 30, 2012",Thing,NA,NA,BALMY WEATHER,C D M A,"$30,000",No,NA,29
"May 31, 2012",Event,NA,NA,MAIDEN VOYAGE,D H M I P,"$40,000",Yes,NA,29
"June 1, 2012",Phrase,NA,NA,WAY BACK WHEN,P M H O,"$40,000",No,NA,29
"June 4, 2012",Phrase,NA,NA,WHAT A BARGAIN,C D M I,"$45,000",No,NA,29
"June 5, 2012",Phrase,NA,NA,IN A HURRY,H Y C A,"$30,000",Yes,NA,29
"June 6, 2012",Phrase,NA,NA,QUITE A COMPLIMENT,H M D A,"$50,000",No,NA,29
"June 7, 2012",Person,NA,NA,FAMOUS AUTHOR,C D P O,"$45,000",Yes,NA,29
"June 8, 2012",Thing,NA,NA,VALID EXCUSE,B G H O,"$40,000",No,NA,29
"June 11, 2012",Person,NA,NA,ORIGINAL OWNER,C F D O,"$30,000",Yes,NA,29
"June 12, 2012",Things,NA,NA,KHAKI SHORTS,P M D O,"$30,000",No,NA,29
"June 13, 2012",Living Thing,NA,NA,WATCHDOG,P M D A,Honda Accord,No,NA,29
"June 14, 2012",Phrase,NA,NA,MY BIG CHANCE,D C M O,"$45,000",No,NA,29
"June 15, 2012",Phrase,NA,NA,KICK UP YOUR HEELS,C M H A,"$30,000",No,NA,29
"September 17, 2012",Phrase,NA,NA,WORTH THE WAIT,W H D A,"$30,000",Yes,NA,30
"September 18, 2012",Phrase,NA,NA,EXACTLY ALIKE,H M Y O,"$30,000",No,NA,30
"September 19, 2012",Thing,NA,NA,GLOBAL PHENOMENON,C H M A,"$30,000",Yes,NA,30
"September 20, 2012",Place,NA,NA,HIKING PATH,D W G I,Mazda Miata MX-5,Yes,NA,30
"September 21, 2012",Place,NA,NA,LIGHTHOUSE,H G B O,"$35,000",Yes,NA,30
"September 24, 2012",Thing,NA,NA,HIGH INCOME,H G M A,Volkswagen CC,No,NA,30
"September 25, 2012",Thing,NA,NA,KAYAK PADDLE,F G C A,Volkswagen CC,No,NA,30
"September 26, 2012",Thing,NA,NA,AERIAL VIEW,C M P O,"$30,000",No,NA,30
"September 27, 2012",Thing,NA,NA,PLUSH TOY,C D M O P,"$30,000",Yes,NA,30
"September 28, 2012",Phrase,NA,NA,CAN I HAVE A HUG?,C F V I,Volkswagen CC,No,NA,30
"October 1, 2012",Phrase,NA,NA,ON MY WAY,M C Y O,"$30,000",Yes,NA,30
"October 2, 2012",Phrase,NA,NA,PREVIOUS EXPERIENCE,C H D A,"$50,000",No,NA,30
"October 3, 2012",Thing,NA,NA,HUGE REWARD,C M P A,Fiat 500C,No,NA,30
"October 4, 2012",Phrase,NA,NA,RIGHT DOWN TO THE WIRE,G C B A,"$45,000",Yes,NA,30
"October 5, 2012",Thing,NA,NA,AMBITION,M C P A,Fiat 500C,Yes,NA,30
"October 8, 2012",Thing,NA,NA,PUBLIC SPEAKING,D C M O,"$30,000",Yes,NA,30
"October 9, 2012",Phrase,NA,NA,THE BIG PICTURE,C H M O,Honda CRV,No,NA,30
"October 10, 2012",Phrase,NA,NA,IN OTHER WORDS,W D H O,Honda CRV,Yes,NA,30
"October 11, 2012",Phrase,NA,NA,I'M BACK AGAIN,M F H I,"$30,000",No,NA,30
"October 12, 2012",Thing,NA,NA,VALUABLE GIFT,C P M O,Honda CRV,No,NA,30
"October 15, 2012",Thing,NA,NA,HEAVY DUMBBELL,M D H A B,"$35,000",Yes,NA,30
"October 16, 2012",Phrase,NA,NA,QUITE AN EVENT,M C H O,"$45,000",Yes,NA,30
"October 17, 2012",Phrase,NA,NA,ALIVE AND KICKING,D H M A,"$100,000",Yes,NA,30
"October 18, 2012",Things,NA,NA,BABY CLOTHES,C M D I,Ford Edge,No,NA,30
"October 19, 2012",Person,NA,NA,YOUNG UPSTART,P H D A,"$30,000",No,NA,30
"October 22, 2012",Thing,NA,NA,SHARP IMAGE,C D H A,"$45,000",No,NA,30
"October 23, 2012",Thing,NA,NA,POWER SURGE,C M D A,Ford Mustang convertible,No,NA,30
"October 24, 2012",Thing,NA,NA,BRIEF LAYOVER,H D M I,"$30,000",No,NA,30
"October 25, 2012",Thing,NA,NA,WILD PITCH,D M B A,"$40,000",No,NA,30
"October 26, 2012",Thing,NA,NA,UNIQUE INSIGHT,M C H O,"$40,000",No,NA,30
"October 29, 2012",Phrase,NA,NA,PICK AND CHOOSE,C D M O,"$45,000",Yes,NA,30
"October 30, 2012",Phrase,NA,NA,LOOK AWAY,F M C I,"$30,000",No,NA,30
"October 31, 2012",Things,NA,NA,ABBREVIATIONS,D M P O G,Chevrolet Camaro,No,NA,30
"November 1, 2012",What Are You Doing?,NA,NA,KIDDING AROUND,C G H I,Chevrolet Camaro,No,NA,30
"November 2, 2012",Phrase,NA,NA,LONG OVERDUE,G C D I M,"$30,000",No,NA,30
"November 5, 2012",Phrase,NA,NA,ON THE PHONE,H D P O,"$45,000",Yes,NA,30
"November 6, 2012",Phrase,NA,NA,A WORD OF ADVICE,C D M O,"$50,000",Yes,NA,30
"November 7, 2012",Thing,NA,NA,GROUP EFFORT,F P G O,"$45,000",Yes,NA,30
"November 8, 2012",Thing,NA,NA,PINKY RING,G C D I,Fiat 500C,Yes,NA,30
"November 9, 2012",Thing,NA,NA,UPBEAT TEMPO,M D H A,"$100,000",No,NA,30
"November 12, 2012",Phrase,NA,NA,OUTFOX THE COMPETITION,M D C I,"$30,000",No,NA,30
"November 13, 2012",Thing,NA,NA,POSITIVE VIBE,B H P O,"$35,000",Yes,NA,30
"November 14, 2012",Event,NA,NA,AWARDS BANQUET,C M D A,"$30,000",Yes,NA,30
"November 15, 2012",Thing,NA,NA,HOME PAGE,C M P I,"$45,000",No,NA,30
"November 16, 2012",Thing,NA,NA,HIGH POINT,P H C A,"$30,000",Yes,NA,30
"November 19, 2012",Thing,NA,NA,KIND FACE,C D P A,Audi A4,Yes,NA,30
"November 20, 2012",Event,NA,NA,GUIDED TOUR,C D P O,"$40,000",No,NA,30
"November 21, 2012",Thing,NA,NA,COIN BANK,C M D A,"$100,000",Yes,NA,30
"November 22, 2012",Thing,NA,NA,FIRST GLIMPSE,D B C I,"$100,000",No,NA,30
"November 23, 2012",Phrase,NA,NA,BITE YOUR TONGUE,D H C A,Audi A4,No,NA,30
"November 26, 2012",Thing,NA,NA,SUBWAY TOKEN,P G H A,"$40,000",No,NA,30
"November 27, 2012",Phrase,NA,NA,DON'T GIVE UP HOPE,C D M A,"$30,000",No,NA,30
"November 28, 2012",Phrase,NA,NA,HIGH VOLUME,D M G A,Audi A4,Yes,NA,30
"November 29, 2012",Person,NA,NA,EXPERT IN THE FIELD,P H F I,Audi A5,Yes,NA,30
"November 30, 2012",People,NA,NA,WIFE AND KIDS,D P G O,"$45,000",No,NA,30
"December 3, 2012",Thing,NA,NA,FAMILY VIDEO,D M P A,"$40,000",No,NA,30
"December 4, 2012",What Are You Doing?,NA,NA,IMPROVISING,C D P I,Mini Cooper,No,NA,30
"December 5, 2012",Thing,NA,NA,SHOEBOX,P M D O,"$35,000",Yes,NA,30
"December 6, 2012",Thing,NA,NA,TOUGH PUZZLE,B D F U,"$30,000",No,NA,30
"December 7, 2012",Place,NA,NA,WHEAT FARM,M P C O,Mini Cooper,No,NA,30
"December 10, 2012",Event,NA,NA,POWER OUTAGE,D M H O,Ford Escape,No,NA,30
"December 11, 2012",Thing,NA,NA,FIGHT SONG,C D K I B,"$50,000",Yes,NA,30
"December 12, 2012",Thing,NA,NA,LOUDSPEAKER,F C M I D,Ford Escape,No,NA,30
"December 13, 2012",Place,NA,NA,COZY HIDEAWAY,H D M A,"$40,000",No,NA,30
"December 14, 2012",Quotation,NA,NA,JACK BE QUICK,C M H A,"$40,000",No,NA,30
"December 17, 2012",Phrase,NA,NA,PROBLEM SOLVED,D P C O,Jeep Grand Cherokee,Yes,NA,30
"December 18, 2012",Thing,NA,NA,WAISTBAND,G D C I,Jeep Grand Cherokee,No,NA,30
"December 19, 2012",Thing,NA,NA,HEAVY OVERCOAT,H C D O,Jeep Grand Cherokee,Yes,NA,30
"December 20, 2012",Food & Drink,NA,NA,GOOEY BROWNIES,C M D A,Jeep Grand Cherokee,No,NA,30
"December 21, 2012",Phrase,NA,NA,HIT THE BUZZER,H M P A,"$30,000",No,NA,30
"December 24, 2012",Thing,NA,NA,OFFICIAL BUSINESS,C D M A,Volkswagen Beetle,Yes,NA,30
"December 25, 2012",Thing,NA,NA,EXACT QUOTE,C M H A D,"$45,000",No,NA,30
"December 26, 2012",Phrase,NA,NA,A WIDE RANGE OF OPTIONS,C D M A G,Volkswagen Beetle,No,NA,30
"December 27, 2012",Thing,NA,NA,FINAL PHASE,C D M A,Volkswagen Beetle,Yes,NA,30
"December 28, 2012",Phrase,NA,NA,WE HEARD YOU,D B P A,"$100,000",Yes,NA,30
"December 31, 2012",Place,NA,NA,QUIET SUBURB,D M H I,Ford Edge,No,NA,30
"January 1, 2013",Thing,NA,NA,AWKWARD POSE,D C B A M,"$45,000",No,NA,30
"January 2, 2013",Things,NA,NA,MUFFLED VOICES,D C M A,"$30,000",Yes,NA,30
"January 3, 2013",Phrase,NA,NA,THROWN FOR A LOOP,F G C O M,Ford Edge,Yes,NA,30
"January 4, 2013",People,NA,NA,JAM-PACKED CROWD,C H G A,Ford Edge,Yes,NA,30
"January 7, 2013",Phrase,NA,NA,MAKE A WAGER,M V D A,"$35,000",Yes,NA,30
"January 8, 2013",Phrase,NA,NA,JUST SAY THE WORD,J M K O,Ford Mustang,No,NA,30
"January 9, 2013",Thing,NA,NA,DOUBLE TAKE,D B K O,"$40,000",Yes,NA,30
"January 10, 2013",Thing,NA,NA,FOAM PILLOW,C M P O,"$30,000",Yes,NA,30
"January 11, 2013",Thing,NA,NA,YOGA MAT,C M P U,"$40,000",No,NA,30
"January 14, 2013",Place,NA,NA,PUBLIC ZOO,B D M A G,"$30,000",No,NA,30
"January 15, 2013",Phrase,NA,NA,BOOST MY EGO,B G H A,"$35,000",Yes,NA,30
"January 16, 2013",Thing,NA,NA,HOTEL VOUCHER,C H P A,Toyota FJ Cruiser,No,NA,30
"January 17, 2013",Phrase,NA,NA,LIGHT AND FLUFFY,D M C I,Toyota FJ Cruiser,No,NA,30
"January 18, 2013",Things,NA,NA,BOXING GLOVES,C H Y O,"$35,000",No,NA,30
"January 21, 2013",Thing,NA,NA,PLAID FABRIC,H C P A,"$30,000",No,NA,30
"January 22, 2013",Phrase,NA,NA,WHIP UP SOMETHING,F M D O,Winnebago,No,NA,30
"January 23, 2013",Place,NA,NA,PROVING GROUND,B G C A,"$30,000",No,NA,30
"January 24, 2013",Phrase,NA,NA,HOW FUNNY,C D P O,Winnebago,No,NA,30
"January 25, 2013",Things,NA,NA,EIGHT OUNCES,P V C O,Winnebago,No,NA,30
"January 28, 2013",Phrase,NA,NA,WAIT FOR IT,H D M A,"$35,000",No,NA,30
"January 29, 2013",Place,NA,NA,A PACKED HOUSE,H C F O,"$35,000",No,NA,30
"January 30, 2013",Things,NA,NA,HAPPY FACES,C D F O,"$35,000",Yes,NA,30
"January 31, 2013",Person,NA,NA,SPUNKY HERO,P D H A,"$35,000",No,NA,30
"February 1, 2013",Person,NA,NA,YOUNG PRODIGY,M D C A,"$30,000",No,NA,30
"February 4, 2013",Thing,NA,NA,KEY TO THE OFFICE,C P M A,"$35,000",No,NA,30
"February 5, 2013",Phrase,NA,NA,MAKE A VOW,B C P O,"$35,000",No,NA,30
"February 6, 2013",What Are You Doing?,NA,NA,LAUGHING IT UP,G B M A,"$35,000",No,NA,30
"February 7, 2013",Phrase,NA,NA,THE OBJECT OF THE GAME,G M C I,"$30,000",No,NA,30
"February 8, 2013",Thing,NA,NA,PATCHY FOG,C H M O B,"$35,000",No,NA,30
"February 11, 2013",Phrase,NA,NA,VIEW FROM ABOVE,H B C A,Mini Cooper Roadster,No,NA,30
"February 12, 2013",Thing,NA,NA,MAHOGANY FINISH,C D M I,"$35,000",No,NA,30
"February 13, 2013",Things,NA,NA,THIGH-HIGH BOOTS,C M D A,Mini Cooper Roadster,No,NA,30
"February 14, 2013",Thing,NA,NA,VORACIOUS APPETITE,C H M A,"$30,000",No,NA,30
"February 15, 2013",What Are You Doing?,NA,NA,BROWSING,C G Y O,Mini Cooper Roadster,Yes,NA,30
"February 18, 2013",Living Thing,NA,NA,SHRUBBERY,M D C A,"$45,000",No,NA,30
"February 19, 2013",Thing,NA,NA,PIANO BENCH,C H D O,"$30,000",Yes,NA,30
"February 20, 2013",Person,NA,NA,HOMEOWNER,H C M I,"$30,000",Yes,NA,30
"February 21, 2013",Thing,NA,NA,LIGHTWEIGHT JACKET,G C B O,"$30,000",No,NA,30
"February 22, 2013",Phrase,NA,NA,FOUR OF A KIND,D M K O,"$30,000",Yes,NA,30
"February 25, 2013",Thing,NA,NA,TRICK PLAY,C M D A,"$45,000",Yes,NA,30
"February 26, 2013",Place,NA,NA,FIREHOUSE,M F D U,"$30,000",Yes,NA,30
"February 27, 2013",Phrase,NA,NA,HANG IT UP,P D G I,"$35,000",Yes,NA,30
"February 28, 2013",Phrase,NA,NA,WHISKED AWAY,C D F A,"$45,000",No,NA,30
"March 1, 2013",Thing,NA,NA,VIOLIN BOW,C D M A,"$40,000",No,NA,30
"March 4, 2013",What Are You Doing?,NA,NA,VACUUMING,D M G I,"$30,000",No,NA,30
"March 5, 2013",Thing,NA,NA,JOYSTICK,D C M I,"$30,000",No,NA,30
"March 6, 2013",Things,NA,NA,WORDS OF LOVE,M F D O,"$30,000",Yes,NA,30
"March 7, 2013",Thing,NA,NA,ZERO GRAVITY,D M P O,"$30,000",No,NA,30
"March 8, 2013",Thing,NA,NA,APPROVAL,D B H I,"$30,000",No,NA,30
"March 11, 2013",Thing,NA,NA,VAGUE IMPRESSION,P M B A,"$50,000",No,NA,30
"March 12, 2013",Things,NA,NA,BOARDROOM CHAIRS,C H M A,"$45,000",Yes,NA,30
"March 13, 2013",Phrase,NA,NA,HUG IT OUT,F P G I,"$30,000",Yes,NA,30
"March 14, 2013",Thing,NA,NA,FOOLPROOF SCHEME,F P G A,"$50,000",Yes,NA,30
"March 15, 2013",What Are You Doing?,NA,NA,MAKING A BUDGET,M G D A,Mini Cooper Roadster,Yes,NA,30
"March 18, 2013",Phrase,NA,NA,DO NOT BUDGE,M F P O,"$30,000",Yes,NA,30
"March 19, 2013",Place,NA,NA,PRIVATE BUNGALOW,C H P I,"$30,000",No,NA,30
"March 20, 2013",Thing,NA,NA,FAMILY SAGA,C H M O,"$50,000",No,NA,30
"March 21, 2013",Place,NA,NA,IN THE DUGOUT,M C P O,"$30,000",Yes,NA,30
"March 22, 2013",Phrase,NA,NA,PAY IT FORWARD,C P H I,Toyota Venza,Yes,NA,30
"March 25, 2013",Phrase,NA,NA,VOICE YOUR OPINION,C D M O P,Volkswagen Jetta,Yes,NA,30
"March 26, 2013",Phrase,NA,NA,IT WAS BOUND TO HAPPEN,H C P O M,"$30,000",No,NA,30
"March 27, 2013",Place,NA,NA,PHOTO BOOTH,Y D C A,"$100,000",No,NA,30
"March 28, 2013",Thing,NA,NA,CHALKBOARD,M C D A,"$35,000",Yes,NA,30
"March 29, 2013",People,NA,NA,GOLF FOURSOME,B C D A H,Volkswagen Jetta,No,NA,30
"April 1, 2013",Thing,NA,NA,QUART OF PAINT,C H P I,"$30,000",Yes,NA,30
"April 2, 2013",Phrase,NA,NA,A PAUSE IN THE ACTION,M C G O,"$100,000",Yes,NA,30
"April 3, 2013",Things,NA,NA,DISPLAYS AND EXHIBITS,D B C A,"$30,000",No,NA,30
"April 4, 2013",Food & Drink,NA,NA,VEGGIE PIZZA,D H C I,"$30,000",No,NA,30
"April 5, 2013",Thing,NA,NA,SHAVING FOAM,D M P I,"$50,000",No,NA,30
"April 8, 2013",Phrase,NA,NA,HIGHLY PROFITABLE,C D P A,"$45,000",No,NA,30
"April 9, 2013",What Are You Doing?,NA,NA,BANKING,G P H I,"$45,000",No,NA,30
"April 10, 2013",Thing,NA,NA,SHORT QUIZ,H C D O P,Mazda Miata,No,NA,30
"April 11, 2013",Place,NA,NA,HOME OFFICE,D M P I,"$30,000",No,NA,30
"April 12, 2013",Thing,NA,NA,WIDE GAP,B H P O,"$35,000",No,NA,30
"April 15, 2013",Place,NA,NA,SCENIC PARKWAY,C H D I,Audi A3,No,NA,30
"April 16, 2013",Place,NA,NA,TURNPIKE EXIT,C M D U,Audi A4,No,NA,30
"April 17, 2013",People,NA,NA,VICTORIOUS PLAYERS,C D M A,"$30,000",No,NA,30
"April 18, 2013",Things,NA,NA,CHEEKBONES,C H P O,"$30,000",Yes,NA,30
"April 19, 2013",Thing,NA,NA,ROUGH SURFACE,C D M A,"$40,000",Yes,NA,30
"April 22, 2013",Person,NA,NA,BARGAIN SHOPPER,C D H A,"$40,000",Yes,NA,30
"April 23, 2013",Phrase,NA,NA,JUST A HUNCH,D J C A,"$40,000",No,NA,30
"April 24, 2013",Phrase,NA,NA,TOUGH TO KNOW,H G P O,Mini Cooper Roadster,Yes,NA,30
"April 25, 2013",Thing,NA,NA,YUMMY BUFFET,C K M A,"$40,000",No,NA,30
"April 26, 2013",Phrase,NA,NA,DON'T THINK TWICE,H K D I,"$30,000",Yes,NA,30
"April 29, 2013",What Are You Doing?,NA,NA,HOWLING WITH LAUGHTER,H C D A,"$30,000",Yes,NA,30
"April 30, 2013",What Are You Doing?,NA,NA,WAVING GOODBYE,C P F A,"$30,000",No,NA,30
"May 1, 2013",Thing,NA,NA,YOUTHFUL COMPLEXION,P C M A,"$50,000",No,NA,30
"May 2, 2013",Things,NA,NA,PUDGY CHEEKS,D F G O,"$35,000",No,NA,30
"May 3, 2013",Phrase,NA,NA,FIZZLE OUT,M C H O,"$35,000",No,NA,30
"May 6, 2013",Place,NA,NA,JUNIOR HIGH,C D H O,"$35,000",Yes,NA,30
"May 7, 2013",Thing,NA,NA,DOWN PARKA,D H M O,"$35,000",No,NA,30
"May 8, 2013",Thing,NA,NA,FUNKY MUSIC,D H G I,"$30,000",No,NA,30
"May 9, 2013",Thing,NA,NA,AVOCADO PIT,M D H A,"$30,000",No,NA,30
"May 10, 2013",Phrase,NA,NA,ZIP UP YOUR JACKET,D Y C O,"$35,000",No,NA,30
"May 13, 2013",Thing,NA,NA,HALFWAY POINT,G C F O,"$35,000",No,NA,30
"May 14, 2013",Thing,NA,NA,WORLDWIDE HIT,P G M A,"$100,000",No,NA,30
"May 15, 2013",What Are You Doing?,NA,NA,JOKING AROUND,G M C O,"$35,000",No,NA,30
"May 16, 2013",Occupation,NA,NA,VIDEOGRAPHER,A C B M,"$35,000",No,NA,30
"May 17, 2013",Thing,NA,NA,GUIDEBOOK,D M C A,"$35,000",No,NA,30
"May 20, 2013",Thing,NA,NA,GLAMOROUS GOWN,D M H O,"$35,000",No,NA,30
"May 21, 2013",Thing,NA,NA,ROWING MACHINE,G D C I B,"$45,000",No,NA,30
"May 22, 2013",Thing,NA,NA,LIGHT DRIZZLE,P B C O,"$35,000",No,NA,30
"May 23, 2013",Person,NA,NA,FINICKY BABY,C H M O,"$35,000",No,NA,30
"May 24, 2013",Place,NA,NA,GUARDHOUSE,H C D O,"$35,000",No,NA,30
"May 27, 2013",People,NA,NA,HOME VIEWERS,C M P O,"$35,000",Yes,NA,30
"May 28, 2013",Phrase,NA,NA,GOOD QUALITY,H Y G O,BMW 328i,Yes,NA,30
"May 29, 2013",Person,NA,NA,WILDLY HAPPY GUY,C D H O,"$30,000",No,NA,30
"May 30, 2013",Thing,NA,NA,TOUGH WORKOUT,M P C A G,"$1,000,000",Yes,NA,30
"May 31, 2013",Thing,NA,NA,AUTOBIOGRAPHY,C H M I,"$30,000",No,NA,30
"June 3, 2013",Thing,NA,NA,BIKINI TOP,P G C I,"$30,000",Yes,NA,30
"June 4, 2013",Thing,NA,NA,LUXURY YACHT,C M D A,"$35,000",Yes,NA,30
"June 5, 2013",What Are You Doing?,NA,NA,THE LIMBO,O C K M,"$30,000",Yes,NA,30
"June 6, 2013",Things,NA,NA,PUFFY CLOUDS,C M P A,"$30,000",No,NA,30
"June 7, 2013",Living Thing,NA,NA,YOUNG CUB,M C P O,Toyota FJ Cruiser,No,NA,30
"June 10, 2013",What Are You Doing?,NA,NA,QUILTING,P G C I,"$30,000",No,NA,30
"June 11, 2013",Thing,NA,NA,COMPLETE OVERHAUL,M D C O H,"$100,000",Yes,NA,30
"June 12, 2013",Thing,NA,NA,BOOK CLUB,C B M U,Ford Flex,Yes,NA,30
"June 13, 2013",What Are You Doing?,NA,NA,WORKING THE ROOM,D G P O,"$30,000",Yes,NA,30
"June 14, 2013",Thing,NA,NA,HEAVY MACHINERY,C G H A,"$30,000",Yes,NA,30
"September 16, 2013",Phrase,NA,NA,BACK IN THE DAY,G D P O,Chevy Camaro,No,NA,31
"September 17, 2013",Person,NA,NA,PREVIOUS OCCUPANT,C D P A,Chevy Camaro,Yes,NA,31
"September 18, 2013",Thing,NA,NA,WALL SAFE,F B C A,Chevy Camaro,Yes,NA,31
"September 19, 2013",Phrase,NA,NA,ALWAYS IN DEMAND,D M P A,"$30,000",Yes,NA,31
"September 20, 2013",Place,NA,NA,FANCY BOUTIQUE,C P M A,"$30,000",No,NA,31
"September 23, 2013",Thing,NA,NA,OVERHEAD PROJECTOR,C M P O,"$40,000",Yes,NA,31
"September 24, 2013",Thing,NA,NA,STOCKY BUILD,M D B I,"$45,000",Yes,NA,31
"September 25, 2013",Phrase,NA,NA,A STROKE OF GENIUS,K B C I,"$30,000",Yes,NA,31
"September 26, 2013",Thing,NA,NA,HOUSEHOLD BUDGET,C M P O,"$35,000",No,NA,31
"September 27, 2013",Phrase,NA,NA,BEHIND SCHEDULE,P M D I,"$30,000",Yes,NA,31
"September 30, 2013",Thing,NA,NA,PAISLEY DESIGN,H F P O,"$30,000",No,NA,31
"October 1, 2013",Things,NA,NA,BONGO DRUMS,C H P O,Mazda6,No,NA,31
"October 2, 2013",Thing,NA,NA,POWER PACK,P M D O,"$40,000",No,NA,31
"October 3, 2013",Food & Drink,NA,NA,A WHOLE HONEYDEW,H C B A,"$30,000",Yes,NA,31
"October 4, 2013",Thing,NA,NA,FIXER-UPPER,P B C U,Mazda6,No,NA,31
"October 7, 2013",Phrase,NA,NA,OUT OF POCKET,G C B O,"$30,000",Yes,NA,31
"October 8, 2013",Thing,NA,NA,OAK PLANK,H D P A,"$50,000",No,NA,31
"October 9, 2013",Person,NA,NA,AVID HOCKEY FAN,M D P O H,"$30,000",No,NA,31
"October 10, 2013",Things,NA,NA,WOODEN BUNK BEDS,H B D O,"$35,000",Yes,NA,31
"October 11, 2013",Thing,NA,NA,MURKY WATER,C M P A,"$45,000",No,NA,31
"October 14, 2013",Phrase,NA,NA,CARVED BY HAND,C D F O,"$30,000",No,NA,31
"October 15, 2013",On the Map,NA,NA,BORA BORA,B C M A,Mini Cooper Convertible,Yes,NA,31
"October 16, 2013",Thing,NA,NA,CHURCH PEW,C D H U M,Mini Cooper Convertible,Yes,NA,31
"October 17, 2013",Things,NA,NA,GLOSSARY AND INDEX,G B F O,Mini Cooper Convertible,No,NA,31
"October 18, 2013",Thing,NA,NA,HARPSICHORD,D C M A,"$50,000",Yes,NA,31
"October 21, 2013",Thing,NA,NA,ANTIQUE WATCH,C M G I,"$30,000",Yes,NA,31
"October 22, 2013",Phrase,NA,NA,IT'S OUT OF THE WAY,F M C I,"$50,000",No,NA,31
"October 23, 2013",Food & Drink,NA,NA,BAKED HAM,C D M A,"$45,000",No,NA,31
"October 24, 2013",Place,NA,NA,DOG PARK,P D Y O,"$30,000",No,NA,31
"October 25, 2013",Person,NA,NA,EGYPTIAN PHARAOH,D M P A,"$35,000",Yes,NA,31
"October 28, 2013",Person,NA,NA,GOLFING BUDDY,B C D A,"$35,000",No,NA,31
"October 29, 2013",Person,NA,NA,JOLLY GOOD FELLOW,G P D O,"$35,000",Yes,NA,31
"October 30, 2013",Food & Drink,NA,NA,GOURMET POPCORN,P C M O,"$30,000",Yes,NA,31
"October 31, 2013",People,NA,NA,CHOOSY KIDS,D M G A,Fiat 500,No,NA,31
"November 1, 2013",What Are You Doing?,NA,NA,JUMPING AHEAD,D H M A,"$35,000",Yes,NA,31
"November 4, 2013",Phrase,NA,NA,WORKS LIKE A CHARM,C D P O,"$35,000",Yes,NA,31
"November 5, 2013",Phrase,NA,NA,SWAN DIVE,C D M A,Mazda6,Yes,NA,31
"November 6, 2013",Thing,NA,NA,BOUNTIFUL HARVEST,C G W A,"$50,000",No,NA,31
"November 7, 2013",Food & Drink,NA,NA,BOUILLON CUBE,M C P I,"$30,000",No,NA,31
"November 8, 2013",Phrase,NA,NA,GO ASK YOUR FATHER,C D M O,"$35,000",Yes,NA,31
"November 11, 2013",Phrase,NA,NA,BRIGHT AND BUBBLY,D B C A G,"$30,000",Yes,NA,31
"November 12, 2013",Phrase,NA,NA,WHAT A HODGEPODGE,C D B I,"$40,000",No,NA,31
"November 13, 2013",Place,NA,NA,PAVED BIKEWAY,C M B A,"$30,000",No,NA,31
"November 14, 2013",Person,NA,NA,HOBBYIST,M C H O,Pair of Ford Edges,No,NA,31
"November 15, 2013",Thing,NA,NA,OVERWHELMING SUPPORT,G H D I,"$30,000",Yes,NA,31
"November 18, 2013",Phrase,NA,NA,FOREVER YOUNG,H P C A,"$30,000",Yes,NA,31
"November 19, 2013",Thing,NA,NA,OBJECTIVE OPINION,C M H I,"$40,000",Yes,NA,31
"November 20, 2013",Phrase,NA,NA,IN BROAD DAYLIGHT,B M C O H,"$30,000",Yes,NA,31
"November 21, 2013",Place,NA,NA,FRUIT GROVE,P C M A,"$30,000",No,NA,31
"November 22, 2013",Person,NA,NA,VERY HANDY GUY,H C M O,"$45,000",No,NA,31
"November 25, 2013",Things,NA,NA,PATIO CHAIRS,M P W A C,Ford Edge,Yes,NA,31
"November 26, 2013",Thing,NA,NA,ERUPTING VOLCANO,G C D I,"$30,000",No,NA,31
"November 27, 2013",Thing,NA,NA,PLYWOOD BOX,C D M A,"$40,000",No,NA,31
"November 28, 2013",What Are You Doing?,NA,NA,BABYPROOFING,H M C I,Ford Edge,No,NA,31
"November 29, 2013",Person,NA,NA,A WORTHY OPPONENT,H C P A,"$30,000",Yes,NA,31
"December 2, 2013",Thing,NA,NA,HITCHING POST,C H M A,"$30,000",No,NA,31
"December 3, 2013",Phrase,NA,NA,THE WHOLE POINT,C H D A,"$30,000",No,NA,31
"December 4, 2013",Thing,NA,NA,CROWD FAVORITE,C F M I,Buick Encore,No,NA,31
"December 5, 2013",Phrase,NA,NA,OVERDOING IT,M D W A,"$30,000",No,NA,31
"December 6, 2013",Phrase,NA,NA,BIG FINISH,M P F I,Buick Encore,Yes,NA,31
"December 9, 2013",Phrase,NA,NA,HUMOR ME,B M H O,"$45,000",Yes,NA,31
"December 10, 2013",Place,NA,NA,QUAINT VILLAGE,H M G O,"$30,000",Yes,NA,31
"December 11, 2013",Living Thing,NA,NA,GROUNDHOG,C D P O,"$35,000",Yes,NA,31
"December 12, 2013",Thing,NA,NA,FLOOR WAX,P G D A F,"$35,000",No,NA,31
"December 13, 2013",Phrase,NA,NA,HOLD THE PHONE,D H M O,"$35,000",Yes,NA,31
"December 16, 2013",Phrase,NA,NA,MY JAW HIT THE FLOOR,C D G O,"$40,000",No,NA,31
"December 17, 2013",Thing,NA,NA,WICKER HAMPER,K M P O,Mini Cooper convertible,No,NA,31
"December 18, 2013",Thing,NA,NA,QUIRKY PERSONALITY,C P D A,"$30,000",No,NA,31
"December 19, 2013",Thing,NA,NA,COMPUTER JARGON,C D G I,"$35,000",No,NA,31
"December 20, 2013",Phrase,NA,NA,VAGUELY FAMILIAR,C D P O,"$30,000",No,NA,31
"December 23, 2013",Thing,NA,NA,GOOD KARMA,C P M A,"$30,000",Yes,NA,31
"December 24, 2013",Phrase,NA,NA,MOVING UPWARD,D M P A,"$30,000",No,NA,31
"December 25, 2013",Things,NA,NA,QUIZ ANSWERS,P H W A,"$30,000",No,NA,31
"December 26, 2013",Thing,NA,NA,OFFBEAT COMEDY,D C H I,"$45,000",No,NA,31
"December 27, 2013",Phrase,NA,NA,BY THE POUND,G H B O,"$30,000",Yes,NA,31
"December 30, 2013",Phrase,NA,NA,BEYOND WORDS,C D H I,"$30,000",No,NA,31
"December 31, 2013",Person,NA,NA,POSTER BOY,M D P A,"$30,000",Yes,NA,31
"January 1, 2014",Things,NA,NA,HEADPHONES,D C P O,Chevrolet Camaro,Yes,NA,31
"January 2, 2014",Food & Drink,NA,NA,CHOWDER,C D F I,"$30,000",Yes,NA,31
"January 3, 2014",Phrase,NA,NA,NICE JOB,C D M A,"$30,000",No,NA,31
"January 6, 2014",Things,NA,NA,PROBING QUESTIONS,G C P I,"$30,000",No,NA,31
"January 7, 2014",Thing,NA,NA,BEDROCK,C H D I,"$35,000",Yes,NA,31
"January 8, 2014",Person,NA,NA,COMPANY BIGWIG,C P H O,"$30,000",No,NA,31
"January 9, 2014",Thing,NA,NA,EXHIBITION,C D H O,"$30,000",No,NA,31
"January 10, 2014",Phrase,NA,NA,I'M ON THE LOOKOUT,M H B I P,"$30,000",No,NA,31
"January 13, 2014",Phrase,NA,NA,QUITE A PAIR,H G C A,"$30,000",No,NA,31
"January 14, 2014",Thing,NA,NA,YOUR HOMEWORK,Y C D O,"$30,000",Yes,NA,31
"January 15, 2014",Thing,NA,NA,BEVELED FRAME,G B H O,"$30,000",No,NA,31
"January 16, 2014",Thing,NA,NA,HYBRID VEHICLE,C D H O,"$30,000",Yes,NA,31
"January 17, 2014",Thing,NA,NA,UPLIFTING SPEECH,C D H A,"$40,000",No,NA,31
"January 20, 2014",Person,NA,NA,JOVIAL HOST,C M B A,"$30,000",No,NA,31
"January 21, 2014",Phrase,NA,NA,JUST GOOGLE IT,D P M I,Volkswagen Beetle convertible,No,NA,31
"January 22, 2014",Phrase,NA,NA,ECONOMY SIZE,M C D O,"$30,000",Yes,NA,31
"January 23, 2014",Thing,NA,NA,FLUFFY WOOL,D G C O,"$30,000",No,NA,31
"January 24, 2014",Thing,NA,NA,PINK FEATHER BOA,H M P O,"$45,000",No,NA,31
"January 27, 2014",People,NA,NA,A CAPPELLA GROUP,G M H O D,"$30,000",No,NA,31
"January 28, 2014",Things,NA,NA,WITTY PUNS,H F P I,"$40,000",No,NA,31
"January 29, 2014",Things,NA,NA,JUNE JULY AND AUGUST,C M B A,"$35,000",No,NA,31
"January 30, 2014",Thing,NA,NA,GUTSY CHOICE,G C H O,"$30,000",Yes,NA,31
"January 31, 2014",Person,NA,NA,MAJORITY OWNER,M D P I,"$30,000",No,NA,31
"February 3, 2014",Food & Drink,NA,NA,SPICY GUACAMOLE,C P M I,"$30,000",Yes,NA,31
"February 4, 2014",Thing,NA,NA,PREVAILING WIND,C D M A,Audi Convertible,No,NA,31
"February 5, 2014",Phrase,NA,NA,A RISK WORTH TAKING,C D M O,"$30,000",Yes,NA,31
"February 6, 2014",Phrase,NA,NA,WHAT A HOOT,B H D A,"$50,000",Yes,NA,31
"February 7, 2014",Thing,NA,NA,LOGICAL OUTCOME,A B C D,"$30,000",No,NA,31
"February 10, 2014",Thing,NA,NA,BACKUP PLAN,P D M A C,"$50,000",Yes,NA,31
"February 11, 2014",Things,NA,NA,FAMILY VALUES,C D M I,"$30,000",No,NA,31
"February 12, 2014",Thing,NA,NA,ITCHY PALM,C H D O,"$30,000",Yes,NA,31
"February 13, 2014",Place,NA,NA,MAJOR HUB,P C D A,"$30,000",No,NA,31
"February 14, 2014",Place,NA,NA,AN ABBEY,P M C I,"$30,000",No,NA,31
"February 17, 2014",What Are You Doing?,NA,NA,WAFFLING,C G M A,"$30,000",No,NA,31
"February 18, 2014",Thing,NA,NA,CHOREOGRAPHY,D B M A,Chevrolet Camaro,No,NA,31
"February 19, 2014",Thing,NA,NA,LOCKER KEY,B D P A,"$30,000",No,NA,31
"February 20, 2014",Phrase,NA,NA,GOBBLED UP,P M W A,"$35,000",No,NA,31
"February 21, 2014",Thing,NA,NA,JUNCTION,H B C O,"$50,000",Yes,NA,31
"February 24, 2014",Thing,NA,NA,BODY OF WORK,C D P O,"$40,000",Yes,NA,31
"February 25, 2014",Phrase,NA,NA,I'VE GOT HIGH HOPES,C D M O,"$35,000",No,NA,31
"February 26, 2014",Things,NA,NA,VISUAL EFFECTS,H D M A,"$30,000",No,NA,31
"February 27, 2014",Thing,NA,NA,COMPANY POLICY,B F P O M,"$30,000",Yes,NA,31
"February 28, 2014",Phrase,NA,NA,HOMEWARD BOUND,D P F I M,"$45,000",No,NA,31
"March 3, 2014",Thing,NA,NA,BOX OF BAKING SODA,P H F O,"$30,000",No,NA,31
"March 4, 2014",What Are You Doing?,NA,NA,WINDOW-SHOPPING,G D M O,"$30,000",Yes,NA,31
"March 5, 2014",Thing,NA,NA,OPEN VAULT,P M D I,"$50,000",No,NA,31
"March 6, 2014",Phrase,NA,NA,SOMEWHAT OF A SURPRISE,M W P A,"$35,000",Yes,NA,31
"March 7, 2014",Person,NA,NA,POWER BROKER,C H B O,"$30,000",No,NA,31
"March 10, 2014",Thing,NA,NA,WOVEN HANDBAG,M P D A,"$30,000",No,NA,31
"March 11, 2014",Thing,NA,NA,HOT PROSPECT,C W M O,"$45,000",Yes,NA,31
"March 12, 2014",Thing,NA,NA,A NUGGET OF INFORMATION,A F C D,"$45,000",Yes,NA,31
"March 13, 2014",Phrase,NA,NA,FRESH APPROACH,P G M A,"$30,000",No,NA,31
"March 14, 2014",What Are You Doing?,NA,NA,BACKPACKING,D H M A F,"$35,000",No,NA,31
"March 17, 2014",Thing,NA,NA,CHOPPED FIREWOOD,C H D A,Volkswagen Passat,No,NA,31
"March 18, 2014",What Are You Doing?,NA,NA,EVOLVING,M P G A C,"$30,000",No,NA,31
"March 19, 2014",Thing,NA,NA,NEW BABY BUGGY,H M D O,"$45,000",Yes,NA,31
"March 20, 2014",Thing,NA,NA,GROUNDBREAKING WORK,F G Y I,"$30,000",No,NA,31
"March 21, 2014",Thing,NA,NA,FINAL COUNTDOWN,F M P I,"$30,000",Yes,NA,31
"March 24, 2014",Thing,NA,NA,COMPLIMENTARY UPGRADE,C D P O,"$40,000",No,NA,31
"March 25, 2014",What Are You Doing?,NA,NA,BACKPEDALING,M D G A,"$30,000",No,NA,31
"March 26, 2014",Event,NA,NA,TAKING FLIGHT,H C D A M,"$40,000",No,NA,31
"March 27, 2014",Things,NA,NA,JACUZZI BUBBLES,H P C I,"$35,000",No,NA,31
"March 28, 2014",Thing,NA,NA,BUSINESS SAVVY,G B C A M,"$30,000",No,NA,31
"March 31, 2014",Thing,NA,NA,A BRIEF EXPLANATION,P H D A,"$30,000",Yes,NA,31
"April 1, 2014",Phrase,NA,NA,WORKS WONDERS,C D M O,"$30,000",No,NA,31
"April 2, 2014",Occupation,NA,NA,OPTICIAN,C H G I,"$40,000",No,NA,31
"April 3, 2014",Thing,NA,NA,PSYCHOLOGY,H P B O,"$30,000",Yes,NA,31
"April 4, 2014",Thing,NA,NA,BLOG POST,B C M A,"$45,000",No,NA,31
"April 7, 2014",People,NA,NA,OVERACHIEVERS,D C M A,"$30,000",No,NA,31
"April 8, 2014",Event,NA,NA,PUBLIC APOLOGY,D C M A,Ford Escape,No,NA,31
"April 9, 2014",Things,NA,NA,NOUNS AND PRONOUNS,H P D A,"$35,000",No,NA,31
"April 10, 2014",Phrase,NA,NA,HAVING AN IMPACT,D H G O,"$30,000",No,NA,31
"April 11, 2014",Person,NA,NA,TOP DRAFT PICK,H M D I,"$30,000",No,NA,31
"April 14, 2014",Person,NA,NA,WEALTHY WOMAN,C D P A,"$30,000",No,NA,31
"April 15, 2014",Living Thing,NA,NA,NEWBORN PUPPY,C P M O,"$50,000",Yes,NA,31
"April 16, 2014",Things,NA,NA,HOURS OF OPERATION,C D M A,"$30,000",No,NA,31
"April 17, 2014",Thing,NA,NA,BREEZY DAY,C M G O,"$30,000",No,NA,31
"April 18, 2014",Phrase,NA,NA,DOWNRIGHT HILARIOUS,M B P I,Volkswagen Eos convertible,No,NA,31
"April 21, 2014",Phrase,NA,NA,SCOOT OVER,C D H O,"$40,000",Yes,NA,31
"April 22, 2014",Thing,NA,NA,HOBBYHORSE,C M D O,"$45,000",No,NA,31
"April 23, 2014",Phrase,NA,NA,DIVERSE BACKGROUNDS,D C M A G,"$30,000",Yes,NA,31
"April 24, 2014",People,NA,NA,QUALIFIED APPLICANTS,C M P A,"$30,000",No,NA,31
"April 25, 2014",Person,NA,NA,BEAUTY PAGEANT JUDGE,C D M O,"$30,000",No,NA,31
"April 28, 2014",Person,NA,NA,A SOPHOMORE,M P D O,"$30,000",Yes,NA,31
"April 29, 2014",Phrase,NA,NA,WEIGHING MY OPTIONS,F G P O,"$30,000",No,NA,31
"April 30, 2014",Phrase,NA,NA,HIT THE SACK,H P G O,"$30,000",No,NA,31
"May 1, 2014",Thing,NA,NA,VALIANT EFFORT,V F Z O,"$30,000",Yes,NA,31
"May 2, 2014",Thing,NA,NA,BIKE PUMP,M C P A,"$30,000",No,NA,31
"May 5, 2014",Thing,NA,NA,RAPID GROWTH,D M C A,"$30,000",No,NA,31
"May 6, 2014",Thing,NA,NA,KANGAROO POUCH,C G P O,"$45,000",Yes,NA,31
"May 7, 2014",Phrase,NA,NA,BARELY ENOUGH,C P M A,"$30,000",Yes,NA,31
"May 8, 2014",Place,NA,NA,PRIVATE HIDEAWAY,P D M A,"$30,000",Yes,NA,31
"May 9, 2014",Phrase,NA,NA,PAY A VISIT,P M D A,"$40,000",Yes,NA,31
"May 12, 2014",Phrase,NA,NA,STAY AFLOAT,Y M P A,"$50,000",No,NA,31
"May 13, 2014",Thing,NA,NA,VIVID IMAGINATION,D H B O,"$35,000",No,NA,31
"May 14, 2014",Food & Drink,NA,NA,CAKE ICING,M D B I,"$30,000",No,NA,31
"May 15, 2014",Thing,NA,NA,HEAVENLY BODY,Y C H A D,"$35,000",Yes,NA,31
"May 16, 2014",Person,NA,NA,TIGHTROPE WALKER,H G C A,"$30,000",Yes,NA,31
"May 19, 2014",Thing,NA,NA,UNSOLICITED ADVICE,D H C U,"$30,000",Yes,NA,31
"May 20, 2014",Fun & Games,NA,NA,BACKYARD SWING SET,D Y C O,Ford Flex,Yes,NA,31
"May 21, 2014",Phrase,NA,NA,STATE OF EUPHORIA,C F P O,"$30,000",Yes,NA,31
"May 22, 2014",Phrase,NA,NA,DON'T QUIBBLE,G H D A,"$40,000",No,NA,31
"May 23, 2014",Phrase,NA,NA,GOING OVERBOARD,H M P A,"$100,000",No,NA,31
"May 26, 2014",Thing,NA,NA,UNANIMOUS VOTE,D G H O,"$45,000",No,NA,31
"May 27, 2014",Phrase,NA,NA,MIX IT UP,M B H I,"$30,000",Yes,NA,31
"May 28, 2014",Thing,NA,NA,BABY GRAND,P C G I,"$30,000",No,NA,31
"May 29, 2014",People,NA,NA,PICNICKERS,M B G A,"$50,000",No,NA,31
"May 30, 2014",Phrase,NA,NA,FIND YOUR GROOVE,G F M I,Jeep Wrangler,No,NA,31
"June 2, 2014",Thing,NA,NA,HIRING PROCESS,P M D A,Volkswagen Eos,No,NA,31
"June 3, 2014",Phrase,NA,NA,AMONG FRIENDS,D F C O,"$30,000",No,NA,31
"June 4, 2014",Thing,NA,NA,DOG BOWL,G C D A,"$100,000",Yes,NA,31
"June 5, 2014",Place,NA,NA,BUSY BOULEVARD,C D M A,"$45,000",No,NA,31
"June 6, 2014",Person,NA,NA,YOUR BIGGEST FAN,Y H G O,"$35,000",Yes,NA,31
"June 9, 2014",Thing,NA,NA,ALL-OUT BLITZ,H C D O,"$45,000",No,NA,31
"June 10, 2014",Phrase,NA,NA,POINT AND CLICK,C D M O,"$30,000",Yes,NA,31
"June 11, 2014",Thing,NA,NA,DIGITAL DOWNLOAD,C H Y O,"$30,000",No,NA,31
"June 12, 2014",Event,NA,NA,JOYOUS OCCASION,C D M O,"$35,000",Yes,NA,31
"June 13, 2014",Phrase,NA,NA,FULLY GROWN,D M P O,Chevrolet Tahoe,No,NA,31
"September 15, 2014",Thing,NA,NA,VALIDATION,H C O D,"$32,000",No,NA,32
"September 16, 2014",Food & Drink,NA,NA,A BOWL OF FRUIT,B D M A,"$32,000",Yes,NA,32
"September 17, 2014",Thing,NA,NA,LOUD LAUGHTER,D G H O,"$1,000,000",Yes,NA,32
"September 18, 2014",Thing,NA,NA,ICONIC GAME,B D M A,"$45,000",No,NA,32
"September 19, 2014",Food & Drink,NA,NA,PIPING HOT BISCUIT,D H B A,"$32,000",No,NA,32
"September 22, 2014",Event,NA,NA,JAZZ FESTIVAL,F H M O,"$32,000",No,NA,32
"September 23, 2014",Living Things,NA,NA,ADORABLE PUPPIES,D C H O,"$32,000",Yes,NA,32
"September 24, 2014",Thing,NA,NA,VALUABLE CARGO,C D H A M,Nissan Leaf,No,NA,32
"September 25, 2014",What Are You Doing?,NA,NA,GOOFING AROUND,D P M O H,"$32,000",Yes,NA,32
"September 26, 2014",Things,NA,NA,PAPERBACKS,D M G I,"$32,000",No,NA,32
"September 29, 2014",What Are You Doing?,NA,NA,GOING BACKSTAGE,D G M A,"$32,000",Yes,NA,32
"September 30, 2014",Thing,NA,NA,GUIDED TOUR,P H D O,"$32,000",No,NA,32
"October 1, 2014",Thing,NA,NA,MOBILE DEVICE,H D M O,"$32,000",Yes,NA,32
"October 2, 2014",Phrase,NA,NA,JUMP ON THE BANDWAGON,D P M O,"$40,000",Yes,NA,32
"October 3, 2014",Phrase,NA,NA,IT TAKES KNOW-HOW,M C D I,Ford C-Max Hybrid,No,NA,32
"October 6, 2014",Thing,NA,NA,GLAMOROUS IMAGE,P C F O,"$32,000",No,NA,32
"October 7, 2014",Person,NA,NA,LUCKY GUY,C D M O,"$32,000",Yes,NA,32
"October 8, 2014",Thing,NA,NA,AUTOGRAPHED BOOK,K M B A H,"$32,000",Yes,NA,32
"October 9, 2014",Thing,NA,NA,AN OUNCE OF GOLD,F D G A,"$32,000",Yes,NA,32
"October 10, 2014",Phrase,NA,NA,POETIC JUSTICE,C M P U,"$32,000",Yes,NA,32
"October 13, 2014",Phrase,NA,NA,THAT WORKS,C H D A,"$32,000",No,NA,32
"October 14, 2014",Person,NA,NA,TUBA PLAYER,P M C A,"$32,000",Yes,NA,32
"October 15, 2014",Place,NA,NA,JUICE BAR,M C D A,"$45,000",Yes,NA,32
"October 16, 2014",Phrase,NA,NA,IN HOG HEAVEN,D M B A C,"$32,000",No,NA,32
"October 17, 2014",Thing,NA,NA,EMPTY COOKIE JAR,C H M A W,"$32,000",No,NA,32
"October 20, 2014",Phrase,NA,NA,PICK UP THE PHONE,P C H O,"$32,000",Yes,NA,32
"October 21, 2014",Thing,NA,NA,HIGH GEAR,C D M O,"$45,000",No,NA,32
"October 22, 2014",Phrase,NA,NA,BEYOND THE HORIZON,P C H O,"$32,000",No,NA,32
"October 23, 2014",Thing,NA,NA,GROWTH SPURT,C G Y I,"$32,000",No,NA,32
"October 24, 2014",Things,NA,NA,JOB QUALIFICATIONS,H D M A,"$32,000",No,NA,32
"October 27, 2014",Phrase,NA,NA,POINT THE WAY,P C M O,"$100,000",No,NA,32
"October 28, 2014",Thing,NA,NA,BUSHY TAIL,C M H O,"$32,000",Yes,NA,32
"October 29, 2014",Thing,NA,NA,UNIQUE WORK OF ART,Q K W O,"$32,000",Yes,NA,32
"October 30, 2014",Thing,NA,NA,BAGGAGE FEE,H M C O G,"$32,000",Yes,NA,32
"October 31, 2014",Phrase,NA,NA,A PIECE OF THE PIE,B M F A,"$32,000",No,NA,32
"November 3, 2014",Food & Drink,NA,NA,RIPE AVOCADO,C B P I,"$32,000",No,NA,32
"November 4, 2014",People,NA,NA,FAMOUS DUO,K M P O B,"$32,000",Yes,NA,32
"November 5, 2014",Phrase,NA,NA,BACK TO SQUARE ONE,Q B K O,"$32,000",Yes,NA,32
"November 6, 2014",Person,NA,NA,YOUNG ADULT,C M G A,"$32,000",No,NA,32
"November 7, 2014",Phrase,NA,NA,LIKE WALKING ON AIR,P G M O,"$40,000",No,NA,32
"November 10, 2014",Person,NA,NA,AUTHORITY FIGURE,D H C A M,"$32,000",No,NA,32
"November 11, 2014",What Are You Doing?,NA,NA,MOVING QUICKLY,G M D A,"$45,000",No,NA,32
"November 12, 2014",Food & Drink,NA,NA,PIZZA TOPPING,H G P A,"$32,000",Yes,NA,32
"November 13, 2014",Person,NA,NA,BASHFUL KID,M G D A,"$32,000",No,NA,32
"November 14, 2014",Phrase,NA,NA,GO FOR A JOG,M C D A,"$32,000",No,NA,32
"November 17, 2014",Thing,NA,NA,MAJOR UPGRADE,D C M O,"$32,000",No,NA,32
"November 18, 2014",Food & Drink,NA,NA,FROZEN WAFFLES,F W Z O,Chevy Camaro,Yes,NA,32
"November 19, 2014",Thing,NA,NA,EXCITING SUBJECT,B C D I,"$32,000",Yes,NA,32
"November 20, 2014",Things,NA,NA,OFFICE PRODUCTS,C B M A,"$32,000",Yes,NA,32
"November 21, 2014",Thing,NA,NA,YOGA POSE,H B D O,"$40,000",Yes,NA,32
"November 24, 2014",Phrase,NA,NA,THE WHOLE BALL OF WAX,D C F O M,"$32,000",Yes,NA,32
"November 25, 2014",Thing,NA,NA,BIG BEAR HUG,C D M I,"$40,000",No,NA,32
"November 26, 2014",Phrase,NA,NA,WATCH OUT BELOW,C D M A,"$32,000",No,NA,32
"November 27, 2014",Phrase,NA,NA,A BABE IN THE WOODS,M D H O,"$32,000",No,NA,32
"November 28, 2014",Place,NA,NA,NARROW PATHWAY,C D P O,"$45,000",No,NA,32
"December 1, 2014",Place,NA,NA,BUSY HARBOR,C H K A,"$32,000",Yes,NA,32
"December 2, 2014",Food & Drink,NA,NA,HANDPICKED FRUIT,F P C A,"$40,000",No,NA,32
"December 3, 2014",Thing,NA,NA,HEAVY PACKAGE,D M P I,"$32,000",No,NA,32
"December 4, 2014",Things,NA,NA,FUZZY EARMUFFS,D M C A,"$32,000",No,NA,32
"December 5, 2014",Person,NA,NA,FIELD HOCKEY GOALIE,P H D O,"$32,000",No,NA,32
"December 8, 2014",Things,NA,NA,GUITAR CHORDS,C W D A,"$32,000",Yes,NA,32
"December 9, 2014",Thing,NA,NA,AVERAGE PRICE,Y M C A,"$40,000",Yes,NA,32
"December 10, 2014",Thing,NA,NA,QUILTED BLANKET,C D H A,"$32,000",Yes,NA,32
"December 11, 2014",Event,NA,NA,HISTORIC VOYAGE,M P C A,Pair of Ford Flexes,No,NA,32
"December 12, 2014",Thing,NA,NA,EXIT POLL,P X D I,"$45,000",Yes,NA,32
"December 15, 2014",Thing,NA,NA,LATE-NIGHT INFOMERCIAL,D H P A,Ford Flex,No,NA,32
"December 16, 2014",Things,NA,NA,BAY WINDOWS,C D P A,"$40,000",No,NA,32
"December 17, 2014",Phrase,NA,NA,ABOVE THE CLOUDS,M D P A C,"$45,000",Yes,NA,32
"December 18, 2014",On the Map,NA,NA,AUGUSTA GEORGIA,M P D A,"$32,000",Yes,NA,32
"December 19, 2014",Thing,NA,NA,MONTHLY BUDGET,C K M A,"$32,000",No,NA,32
"December 22, 2014",Things,NA,NA,GAME HIGHLIGHTS,B G M I,"$32,000",Yes,NA,32
"December 23, 2014",Person,NA,NA,HUMBLE HERO,D H W U,"$32,000",No,NA,32
"December 24, 2014",Phrase,NA,NA,WEALTH OF IDEAS,M C G I,"$32,000",No,NA,32
"December 25, 2014",Place,NA,NA,BACK OFFICE,M P B A,"$50,000",No,NA,32
"December 26, 2014",Thing,NA,NA,WOODEN GAVEL,H C B A,"$32,000",No,NA,32
"December 29, 2014",Show Biz,NA,NA,BROADWAY,P M D O,BMW X3,Yes,NA,32
"December 30, 2014",Things,NA,NA,FADED BLUE JEANS,C G P I,"$32,000",No,NA,32
"December 31, 2014",Thing,NA,NA,BUZZWORD,D H C O,"$32,000",No,NA,32
"January 1, 2015",Thing,NA,NA,ROUSING APPLAUSE,C G D O,"$40,000",No,NA,32
"January 2, 2015",Thing,NA,NA,WEDDING BOUQUET,P H G I,"$40,000",Yes,NA,32
"January 5, 2015",Event,NA,NA,EXCHANGE OF VOWS,M D F O H,"$32,000",No,NA,32
"January 6, 2015",Phrase,NA,NA,RAISE YOUR VOICE,H G D O,"$32,000",Yes,NA,32
"January 7, 2015",Place,NA,NA,FROG POND,P G D O,Volkwagen Beetle convertible,Yes,NA,32
"January 8, 2015",Thing,NA,NA,BALD HEAD,D P H O,"$45,000",Yes,NA,32
"January 9, 2015",Thing,NA,NA,MOUND OF PAPERWORK,M D G I,"$32,000",No,NA,32
"January 12, 2015",Phrase,NA,NA,I FOUND YOU,H D P O,"$32,000",No,NA,32
"January 13, 2015",Phrase,NA,NA,WHAT A MOUTHFUL,C M F O,"$32,000",Yes,NA,32
"January 14, 2015",Place,NA,NA,BOYHOOD HOME,C M P A,"$45,000",No,NA,32
"January 15, 2015",Things,NA,NA,DAILY FLIGHTS,M P D A,"$32,000",No,NA,32
"January 16, 2015",Thing,NA,NA,TRANQUIL WATER,G W D A Q,"$32,000",Yes,NA,32
"January 19, 2015",Thing,NA,NA,JUICER,C H M A D,"$32,000",No,NA,32
"January 20, 2015",Food & Drink,NA,NA,CHEWY TAFFY,D M W A,"$32,000",No,NA,32
"January 21, 2015",Thing,NA,NA,COMBINED WEIGHT,P M C A,"$32,000",No,NA,32
"January 22, 2015",Thing,NA,NA,WIPER FLUID,C P D O,"$32,000",Yes,NA,32
"January 23, 2015",Phrase,NA,NA,BY THE QUART,C M P O,"$32,000",No,NA,32
"January 26, 2015",Phrase,NA,NA,NICE VARIETY,P C H A,"$45,000",No,NA,32
"January 27, 2015",Thing,NA,NA,BUBBLY SOAP,M C D A,"$45,000",Yes,NA,32
"January 28, 2015",Phrase,NA,NA,FILL IN THE GAPS,P H G O,"$32,000",Yes,NA,32
"January 29, 2015",Thing,NA,NA,A WARM GLOW,D C W O,"$32,000",Yes,NA,32
"January 30, 2015",Thing,NA,NA,BLUE SKY,P C Y U,"$32,000",Yes,NA,32
"February 2, 2015",Thing,NA,NA,VINYL BOOTH,C B M O,"$32,000",No,NA,32
"February 3, 2015",Thing,NA,NA,BACKYARD GAZEBO,C D H A,"$32,000",No,NA,32
"February 4, 2015",Thing,NA,NA,WATER VAPOR,H M P A,"$32,000",Yes,NA,32
"February 5, 2015",Living Thing,NA,NA,TINY GUPPY,C D M I,"$100,000",No,NA,32
"February 6, 2015",Thing,NA,NA,LUXURY VEHICLE,D C P O,"$32,000",Yes,NA,32
"February 9, 2015",Thing,NA,NA,FOAMY LATHER,H D M I,"$45,000",No,NA,32
"February 10, 2015",Food & Drink,NA,NA,FLUFFY PANCAKES,P D M A,"$32,000",No,NA,32
"February 11, 2015",Person,NA,NA,PUBLIC OFFICIAL,P G H O,"$50,000",No,NA,32
"February 12, 2015",Thing,NA,NA,BARGAINING CHIP,C H P A,"$32,000",Yes,NA,32
"February 13, 2015",Thing,NA,NA,CLEVER PUZZLE,C D P O,"$32,000",No,NA,32
"February 16, 2015",What Are You Doing?,NA,NA,PAYING A FEW BILLS,P H G A,"$32,000",No,NA,32
"February 17, 2015",What Are You Doing?,NA,NA,PICKING UP THE KIDS,G D H A,"$50,000",No,NA,32
"February 18, 2015",Occupation,NA,NA,FACTORY WORKER,P M C O,"$32,000",Yes,NA,32
"February 19, 2015",People,NA,NA,GYM BUDDIES,M C D A,"$32,000",No,NA,32
"February 20, 2015",Event,NA,NA,HEROIC ACT,M D B O,"$32,000",No,NA,32
"February 23, 2015",Thing,NA,NA,UPHOLSTERY FABRIC,Y C P U,"$100,000",Yes,NA,32
"February 24, 2015",Things,NA,NA,PHOTOS AND VIDEOS,C F H O,"$32,000",Yes,NA,32
"February 25, 2015",What Are You Doing?,NA,NA,HOVERING,P B G O,"$32,000",Yes,NA,32
"February 26, 2015",Event,NA,NA,BUYING A HOUSE,G C M A,"$32,000",No,NA,32
"February 27, 2015",Thing,NA,NA,AUXILIARY POWER,C P B O,"$32,000",No,NA,32
"March 2, 2015",Phrase,NA,NA,HIGH IMPACT,P G C A,"$32,000",No,NA,32
"March 3, 2015",Things,NA,NA,FANCY COWBOY BOOTS,C D M A,"$32,000",No,NA,32
"March 4, 2015",Phrase,NA,NA,GIFT IDEAS FOR HIM,M B H O,"$32,000",No,NA,32
"March 5, 2015",Person,NA,NA,AVID GOLFER,C H B A,"$32,000",No,NA,32
"March 6, 2015",Phrase,NA,NA,BOGGED DOWN,P G D A,"$45,000",No,NA,32
"March 9, 2015",Phrase,NA,NA,POSITIVE VIEW,G F P O,"$32,000",No,NA,32
"March 10, 2015",Things,NA,NA,BIG PAWS,B D M A,"$32,000",No,NA,32
"March 11, 2015",Living Things,NA,NA,WILD FAUNA,D G C O,"$32,000",No,NA,32
"March 12, 2015",Phrase,NA,NA,WORTH WAITING FOR,H G F I C,"$32,000",Yes,NA,32
"March 13, 2015",Thing,NA,NA,AUTHORIZED BIOGRAPHY,D C P A,"$50,000",No,NA,32
"March 16, 2015",Thing,NA,NA,AUDIO FREQUENCY,C P M I,"$32,000",No,NA,32
"March 17, 2015",Phrase,NA,NA,THE EXACT AMOUNT,H D C O,"$32,000",No,NA,32
"March 18, 2015",Things,NA,NA,BREAKING WAVES,P H G O,"$32,000",No,NA,32
"March 19, 2015",Thing,NA,NA,GROUP PORTRAIT,C P M A,"$32,000",Yes,NA,32
"March 20, 2015",Thing,NA,NA,VALID LOGIC,D P C O,"$32,000",Yes,NA,32
"March 23, 2015",Thing,NA,NA,MAHOGANY WOOD,M P D A,"$32,000",No,NA,32
"March 24, 2015",Place,NA,NA,BUMPY PATH,D C M O,"$32,000",No,NA,32
"March 25, 2015",Phrase,NA,NA,ACHIEVE YOUR GOAL,B M D O,"$32,000",Yes,NA,32
"March 26, 2015",Thing,NA,NA,POCKET DIARY,G P H O,"$32,000",No,NA,32
"March 27, 2015",Phrase,NA,NA,BUSY WITH WORK,H G D A C,"$32,000",No,NA,32
"March 30, 2015",Phrase,NA,NA,JUMP IN THE BACK,H C G O,"$32,000",No,NA,32
"March 31, 2015",Person,NA,NA,WACKY NEIGHBOR,P H G O,"$32,000",Yes,NA,32
"April 1, 2015",Thing,NA,NA,FLOWING GOWN,G H F A,"$32,000",Yes,NA,32
"April 2, 2015",Phrase,NA,NA,WITHOUT A DOUBT,C P M A,"$1,000,000",No,NA,32
"April 3, 2015",Things,NA,NA,ZODIAC SYMBOLS,H M P A,"$45,000",No,NA,32
"April 6, 2015",Thing,NA,NA,BUG ZAPPER,D M H A,"$32,000",No,NA,32
"April 7, 2015",Phrase,NA,NA,A VERY FIRM HOLD,D P C O M,"$40,000",No,NA,32
"April 8, 2015",Thing,NA,NA,TOUGH QUIZ,H C D A,"$32,000",No,NA,32
"April 9, 2015",Phrase,NA,NA,WAY BEHIND,D B K I,"$32,000",No,NA,32
"April 10, 2015",Thing,NA,NA,ULTIMATE GUIDEBOOK,D H M O,"$32,000",No,NA,32
"April 13, 2015",Person,NA,NA,AVIATOR,M P D I,"$100,000",No,NA,32
"April 14, 2015",Thing,NA,NA,RICH FLAVOR,C G F O,"$32,000",Yes,NA,32
"April 15, 2015",Thing,NA,NA,POKER FACE,G M D I,"$32,000",No,NA,32
"April 16, 2015",Phrase,NA,NA,FIGURE OUT HOW,P H G O D,"$32,000",No,NA,32
"April 17, 2015",Phrase,NA,NA,A WHIFF OF PERFUME,P H G O,"$40,000",No,NA,32
"April 20, 2015",Thing,NA,NA,AUTOPILOT,H D C O G,"$45,000",No,NA,32
"April 21, 2015",Thing,NA,NA,THOROUGH OVERHAUL,H G M A,"$32,000",Yes,NA,32
"April 22, 2015",Things,NA,NA,HIGH-TECH GADGETS,D H B A M,"$50,000",Yes,NA,32
"April 23, 2015",Thing,NA,NA,FOOD PACKAGING,M C D A,"$32,000",No,NA,32
"April 24, 2015",Person,NA,NA,BUILDING OWNER,G C D I,"$32,000",No,NA,32
"April 27, 2015",Things,NA,NA,A FEW CHOICES,C D M A H,"$32,000",No,NA,32
"April 28, 2015",Thing,NA,NA,WISP OF HAIR,M P K O,"$45,000",Yes,NA,32
"April 29, 2015",Phrase,NA,NA,ZIPPING BY,C D M A,"$32,000",No,NA,32
"April 30, 2015",Thing,NA,NA,PROVEN VALUE,G M D I,"$32,000",No,NA,32
"May 1, 2015",Phrase,NA,NA,OVER YONDER,D B G O,"$32,000",Yes,NA,32
"May 4, 2015",People,NA,NA,YOUNG CROWD,P M G I,"$100,000",No,NA,32
"May 5, 2015",Phrase,NA,NA,WIGGLE AROUND,B D G I,"$32,000",No,NA,32
"May 6, 2015",Phrase,NA,NA,WHAT TO AVOID,M D P O,"$32,000",No,NA,32
"May 7, 2015",Phrase,NA,NA,WAVE YOUR MAGIC WAND,M D Y A,"$45,000",Yes,NA,32
"May 8, 2015",Thing,NA,NA,PATIO UMBRELLA,G D M O,"$32,000",Yes,NA,32
"May 11, 2015",Thing,NA,NA,BANDWIDTH,H C P A,"$32,000",Yes,NA,32
"May 12, 2015",Phrase,NA,NA,AWFULLY KIND,D M P A,"$40,000",No,NA,32
"May 13, 2015",Phrase,NA,NA,PHASED OUT,P M D A C,"$40,000",Yes,NA,32
"May 14, 2015",Person,NA,NA,POWERFUL TYCOON,C D P A,"$32,000",No,NA,32
"May 15, 2015",Thing,NA,NA,HOURLY FORECAST,D M C O,"$32,000",No,NA,32
"May 18, 2015",Phrase,NA,NA,GO VIRAL,M D C I G,"$50,000",No,NA,32
"May 19, 2015",Phrase,NA,NA,APPLY FOR A JOB,D M P A,"$32,000",No,NA,32
"May 20, 2015",Phrase,NA,NA,DIVE RIGHT IN,C M D O,"$32,000",No,NA,32
"May 21, 2015",Phrase,NA,NA,ZOOM OUT,P H G O,"$32,000",No,NA,32
"May 22, 2015",Thing,NA,NA,OVERHEAD LIGHT,G P B I,"$32,000",No,NA,32
"May 25, 2015",Phrase,NA,NA,SWOOPING DOWN,D P M I,"$45,000",No,NA,32
"May 26, 2015",Phrase,NA,NA,WHAT A BUSYBODY,C D H A,"$32,000",No,NA,32
"May 27, 2015",Thing,NA,NA,AN OLD MYTH,D M W O,"$32,000",No,NA,32
"May 28, 2015",Thing,NA,NA,STRIPED AWNING,G D P I,"$32,000",Yes,NA,32
"May 29, 2015",Thing,NA,NA,GLOBAL MAP,H D F U,"$32,000",No,NA,32
"June 1, 2015",People,NA,NA,ADVISORY BOARD,D P C O,"$32,000",Yes,NA,32
"June 2, 2015",Thing,NA,NA,WORLDWIDE PHENOMENON,C D M A,"$32,000",Yes,NA,32
"June 3, 2015",Phrase,NA,NA,WITHIN THE HOUR,H M Y O,"$32,000",Yes,NA,32
"June 4, 2015",Phrase,NA,NA,PROPER USAGE,P G C U,"$32,000",Yes,NA,32
"June 5, 2015",Person,NA,NA,HIGHEST BIDDER,P C B I,"$45,000",Yes,NA,32
"June 8, 2015",Thing,NA,NA,OBVIOUS ANSWER,G H C A M,"$32,000",No,NA,32
"June 9, 2015",Fun & Games,NA,NA,BUMPER POOL,D F M O,"$32,000",Yes,NA,32
"June 10, 2015",Thing,NA,NA,PROBABILITY,P H G O,"$32,000",Yes,NA,32
"June 11, 2015",Phrase,NA,NA,DABBLE IN THE KITCHEN,C M P A,"$32,000",No,NA,32
"June 12, 2015",Phrase,NA,NA,TOO MUCH HYPE,H G P O,"$32,000",Yes,NA,32
"September 14, 2015",Thing,NA,NA,YUMMY RECIPE,D M C A,"$33,000",Yes,NA,33
"September 15, 2015",Phrase,NA,NA,JUST SHOWING OFF,C P G O,"$33,000",No,NA,33
"September 16, 2015",Thing,NA,NA,AVIATOR JACKET,P G H O,"$33,000",No,NA,33
"September 17, 2015",Thing,NA,NA,HOURLY UPDATE,P D M A,"$33,000",Yes,NA,33
"September 18, 2015",Thing,NA,NA,MUGGY NIGHT,G H M I,"$33,000",Yes,NA,33
"September 21, 2015",Phrase,NA,NA,I JUMPED FOR JOY,C D F A,Jeep Cherokee Latitude,No,NA,33
"September 22, 2015",Phrase,NA,NA,QUICK TURNAROUND,G D H O,Jeep Cherokee Latitude,No,NA,33
"September 23, 2015",Phrase,NA,NA,HI FOLKS,M Y G O,"$40,000",No,NA,33
"September 24, 2015",Thing,NA,NA,GLOWING REVIEW,G P H O,"$33,000",No,NA,33
"September 25, 2015",Thing,NA,NA,SWAYING HAMMOCK,G H C I,Jeep Cherokee Latitude,No,NA,33
"September 28, 2015",Living Thing,NA,NA,FAITHFUL DOG,H C D A P,"$33,000",Yes,NA,33
"September 29, 2015",Thing,NA,NA,OVERSIZED WATCH,C H G A Y,Winnebago,No,NA,33
"September 30, 2015",People,NA,NA,YOUNG HOMEBUYERS,C D M O,"$33,000",No,NA,33
"October 1, 2015",Things,NA,NA,VACUUM-PACKED BAGS,D C H A,"$33,000",No,NA,33
"October 2, 2015",Thing,NA,NA,FULL COOKIE JAR,G H C O,"$33,000",No,NA,33
"October 5, 2015",Living Things,NA,NA,PINK DAFFODILS,P C D I,"$33,000",Yes,NA,33
"October 6, 2015",Thing,NA,NA,DAILY JOURNAL,C M H A,"$33,000",No,NA,33
"October 7, 2015",Food & Drink,NA,NA,FUJI APPLE,G H P O,"$45,000",Yes,NA,33
"October 8, 2015",Thing,NA,NA,BARITONE VOICE,D M P I,"$33,000",No,NA,33
"October 9, 2015",What Are You Doing?,NA,NA,WAXING MY CAR,G D C I,"$33,000",No,NA,33
"October 12, 2015",Thing,NA,NA,OAK BOOKCASE,M G P O H,"$33,000",No,NA,33
"October 13, 2015",Phrase,NA,NA,WOVEN TOGETHER,P G H O,Chevrolet Camaro,No,NA,33
"October 14, 2015",Thing,NA,NA,UNIQUE POINT OF VIEW,M H W A,"$33,000",No,NA,33
"October 15, 2015",Thing,NA,NA,VIDEO BLOG,D C P I,Chevrolet Camaro,No,NA,33
"October 16, 2015",Thing,NA,NA,PAGEANT GOWN,G H P O,"$40,000",Yes,NA,33
"October 19, 2015",Phrase,NA,NA,KEEP PUSHING FORWARD,C G Y O,"$33,000",No,NA,33
"October 20, 2015",Phrase,NA,NA,I PLAYED A HUNCH,G P D A B,"$50,000",No,NA,33
"October 21, 2015",Thing,NA,NA,MAXIMUM AMOUNT,C D M O,"$33,000",Yes,NA,33
"October 22, 2015",Thing,NA,NA,UNBIASED OPINION,D M H O,"$33,000",No,NA,33
"October 23, 2015",Thing,NA,NA,A HUGE GAMBLE,C H P O,"$33,000",No,NA,33
"October 26, 2015",Food & Drink,NA,NA,BAKED SQUASH,H M D I,"$33,000",No,NA,33
"October 27, 2015",Place,NA,NA,CLUBHOUSE,P B C O,Mini Cooper,Yes,NA,33
"October 28, 2015",Phrase,NA,NA,I ADMIRE YOU,C D M A,"$45,000",Yes,NA,33
"October 29, 2015",Thing,NA,NA,VALUABLE IDEA,C P D O,"$33,000",No,NA,33
"October 30, 2015",Thing,NA,NA,YOUNG ADULT FICTION,G Q P I,"$45,000",No,NA,33
"November 2, 2015",Thing,NA,NA,HIGH VELOCITY,P H D A,"$50,000",Yes,NA,33
"November 3, 2015",Thing,NA,NA,BIG PAYCHECK,D M H I G,"$40,000",No,NA,33
"November 4, 2015",Thing,NA,NA,GIGABYTE,M P G A,"$33,000",No,NA,33
"November 5, 2015",Thing,NA,NA,YOUR DAY JOB,Y C D O,"$33,000",No,NA,33
"November 6, 2015",Thing,NA,NA,QUICK GUIDE,G P H O,"$33,000",No,NA,33
"November 9, 2015",Thing,NA,NA,FILM FOOTAGE,C D P I,"$33,000",No,NA,33
"November 10, 2015",Phrase,NA,NA,BY APPOINTMENT,H M C O,"$33,000",No,NA,33
"November 11, 2015",Living Thing,NA,NA,SOARING HAWK,P B D O,"$40,000",No,NA,33
"November 12, 2015",What Are You Doing?,NA,NA,WARMING UP THE OVEN,P H G O,Ford C-Max Hybrid,No,NA,33
"November 13, 2015",Thing,NA,NA,HOT BATH,M C P A,"$33,000",Yes,NA,33
"November 16, 2015",Thing,NA,NA,HAPPY CHILDHOOD,D C M A,"$40,000",Yes,NA,33
"November 17, 2015",What Are You Doing?,NA,NA,VACUUMING THE HOUSE,D H C A F,"$33,000",No,NA,33
"November 18, 2015",Thing,NA,NA,FROZEN ICE PACK,G P M I,"$33,000",No,NA,33
"November 19, 2015",Things,NA,NA,MORNING DEWDROPS,M G C O,"$33,000",No,NA,33
"November 20, 2015",Thing,NA,NA,A WORKING MODEL,C H M A,"$33,000",No,NA,33
"November 23, 2015",Thing,NA,NA,PHILANTHROPY,D G C A,"$33,000",Yes,NA,33
"November 24, 2015",Phrase,NA,NA,HAVE SOME FUN,C D M O P,"$33,000",Yes,NA,33
"November 25, 2015",Phrase,NA,NA,OVERWHELMING FAVORITE,C D M I,Jeep Wrangler,No,NA,33
"November 26, 2015",What Are You Doing?,NA,NA,CHOOSING A MAJOR,P G H O D,"$45,000",No,NA,33
"November 27, 2015",Thing,NA,NA,PORCH AWNING,D M H A,"$40,000",No,NA,33
"November 30, 2015",Thing,NA,NA,PHOTOGRAPHY EXHIBIT,M H C O,"$33,000",Yes,NA,33
"December 1, 2015",Thing,NA,NA,PROFITABILITY,C M G U H,"$33,000",No,NA,33
"December 2, 2015",What Are You Doing?,NA,NA,WAITING ANXIOUSLY,G Y C I,"$40,000",Yes,NA,33
"December 3, 2015",Food & Drink,NA,NA,FLAVORFUL APPETIZER,F P G A,"$33,000",Yes,NA,33
"December 4, 2015",Thing,NA,NA,VOCAL HARMONY,P F G O,"$33,000",No,NA,33
"December 7, 2015",Thing,NA,NA,PUFFY JACKET,D M P O,"$33,000",No,NA,33
"December 8, 2015",Phrase,NA,NA,BUSY WITH HOUSEWORK,P C D A,"$33,000",No,NA,33
"December 9, 2015",Phrase,NA,NA,AHEAD OF THE PACK,F P D A,"$33,000",Yes,NA,33
"December 10, 2015",Phrase,NA,NA,WHAT A CRAZY DAY,H M P A,Fiat 500C,No,NA,33
"December 11, 2015",Thing,NA,NA,FANCY HANDBAG,G B M O,"$33,000",No,NA,33
"December 14, 2015",Thing,NA,NA,UTILITY VEHICLE,H B M I,"$33,000",No,NA,33
"December 15, 2015",Phrase,NA,NA,DOWNRIGHT HYSTERICAL,B C D I,"$33,000",Yes,NA,33
"December 16, 2015",Thing,NA,NA,POPULAR OPTION,G M P O,Ford Flex,Yes,NA,33
"December 17, 2015",What Are You Doing?,NA,NA,JOINING A BOOK CLUB,C D M I,"$45,000",No,NA,33
"December 18, 2015",Things,NA,NA,BASIC QUALIFICATIONS,P C M I,"$33,000",No,NA,33
"December 21, 2015",Phrase,NA,NA,POP OPEN THE HOOD,H P D A,"$33,000",Yes,NA,33
"December 22, 2015",Phrase,NA,NA,ON MY WAY HOME,M C D I,"$33,000",Yes,NA,33
"December 23, 2015",Phrase,NA,NA,HOT AND JUICY,D H M A,"$100,000",No,NA,33
"December 24, 2015",Thing,NA,NA,WITTY JOKE,C D M O,Nissan Rogue,No,NA,33
"December 25, 2015",Thing,NA,NA,PRIVACY POLICY,M D B A,"$45,000",No,NA,33
"December 28, 2015",Thing,NA,NA,GUST OF AIR,H M C A,Volkswagen Beetle convertible,No,NA,33
"December 29, 2015",Thing,NA,NA,A PACKAGE IN YOUR MAILBOX,P H G O,"$33,000",No,NA,33
"December 30, 2015",What Are You Doing?,NA,NA,UPDATING MY WEBSITE,G P H O,Ford C-Max Hybrid,No,NA,33
"December 31, 2015",What Are You Doing?,NA,NA,DOWNLOADING A VIDEO,C D G I,Nissan Rogue,Yes,NA,33
"January 1, 2016",Phrase,NA,NA,I GOT A KICK OUT OF IT,H G B A C,"$33,000",No,NA,33
"January 4, 2016",What Are You Doing?,NA,NA,BOOKING MY OWN FLIGHT,G M F I,"$33,000",No,NA,33
"January 5, 2016",Thing,NA,NA,DISCIPLINED APPROACH,H M P O,"$33,000",Yes,NA,33
"January 6, 2016",Things,NA,NA,A BUNCH OF COPIES,G D P O,"$33,000",No,NA,33
"January 7, 2016",Thing,NA,NA,ACADEMIC PROGRAM,C H G O,Jeep Compass,No,NA,33
"January 8, 2016",Thing,NA,NA,BIDDING WAR,B D M O,"$33,000",No,NA,33
"January 11, 2016",Place,NA,NA,OFFICE PARK,C K H A,"$50,000",No,NA,33
"January 12, 2016",Thing,NA,NA,HUGE YACHT,H M G I,"$33,000",No,NA,33
"January 13, 2016",Phrase,NA,NA,QUITE A HAUL,H P D A,"$33,000",Yes,NA,33
"January 14, 2016",Thing,NA,NA,HOLIDAY WREATH,C P D A,"$33,000",No,NA,33
"January 15, 2016",What Are You Doing?,NA,NA,PAYING IT FORWARD,C D B A,"$50,000",No,NA,33
"January 18, 2016",What Are You Doing?,NA,NA,FILLING MY QUOTA,Y F D A,"$40,000",No,NA,33
"January 19, 2016",Thing,NA,NA,PIGEONHOLE,C P G A,"$33,000",No,NA,33
"January 20, 2016",Phrase,NA,NA,MIX THINGS UP,H P C I,"$33,000",No,NA,33
"January 21, 2016",What Are You Doing?,NA,NA,BROWSING THE AISLES,C G H I,"$50,000",No,NA,33
"January 22, 2016",Thing,NA,NA,JOINT VENTURE,G D F U,"$33,000",No,NA,33
"January 25, 2016",Thing,NA,NA,YOUR IMAGINATION,C H D A,"$33,000",Yes,NA,33
"January 26, 2016",Phrase,NA,NA,JUST ABOVE A WHISPER,F C D A,"$33,000",No,NA,33
"January 27, 2016",Phrase,NA,NA,WAITING FOR HOURS,F H D O,"$40,000",No,NA,33
"January 28, 2016",Things,NA,NA,CARDBOARD BOXES,P H G O,"$40,000",No,NA,33
"January 29, 2016",Phrase,NA,NA,BY THE BOOK,D H F I,"$33,000",No,NA,33
"February 1, 2016",Thing,NA,NA,DYNAMIC VOICE,C P M O,Ford Mustang convertible,No,NA,33
"February 2, 2016",Person,NA,NA,AMAZING PIANIST,G D P O,"$33,000",No,NA,33
"February 3, 2016",Phrase,NA,NA,ON OUR WAY TO THE GYM,F H C I,"$33,000",No,NA,33
"February 4, 2016",Thing,NA,NA,FLOPPY HAT,C H D A,"$33,000",No,NA,33
"February 5, 2016",Phrase,NA,NA,OVER THE HUMP,H V P O,"$33,000",No,NA,33
"February 8, 2016",Person,NA,NA,PROUD OWNER,P D I M,"$33,000",Yes,NA,33
"February 9, 2016",Thing,NA,NA,FUDGE BROWNIE RECIPE,D M G A,"$33,000",Yes,NA,33
"February 10, 2016",Phrase,NA,NA,IN GOOD COMPANY,P D O M,"$33,000",Yes,NA,33
"February 11, 2016",Things,NA,NA,PACKAGING SUPPLIES,D M C I,"$33,000",No,NA,33
"February 12, 2016",Thing,NA,NA,CHILLY OCEAN WIND,Y D M A,"$33,000",No,NA,33
"February 15, 2016",Phrase,NA,NA,SHAKE OFF THE COBWEBS,M G P O,"$33,000",No,NA,33
"February 16, 2016",Thing,NA,NA,HEROIC JOURNEY,C D P O,"$33,000",No,NA,33
"February 17, 2016",Phrase,NA,NA,IT BOILS DOWN TO THIS,P H G O,"$33,000",Yes,NA,33
"February 18, 2016",Phrase,NA,NA,PAVED THE WAY,M D B I,"$45,000",No,NA,33
"February 19, 2016",Person,NA,NA,FAMOUS COMPOSER,G H B I,"$33,000",No,NA,33
"February 22, 2016",Thing,NA,NA,MAGIC POWER,G H F O,"$33,000",No,NA,33
"February 23, 2016",Thing,NA,NA,PAISLEY FABRIC,C H D A,"$45,000",No,NA,33
"February 24, 2016",Place,NA,NA,OFFICE CUBICLE,C M D O,Lincoln MKC,Yes,NA,33
"February 25, 2016",Phrase,NA,NA,QUITE CURIOUS,H C M O D,"$33,000",Yes,NA,33
"February 26, 2016",Person,NA,NA,AMAZING KID,C P B A,"$33,000",No,NA,33
"February 29, 2016",Thing,NA,NA,MY BIG BREAK,H D G A,"$33,000",No,NA,33
"March 1, 2016",Phrase,NA,NA,JOT DOWN YOUR THOUGHTS,G H P O,Mini Cooper,No,NA,33
"March 2, 2016",Thing,NA,NA,UPBEAT OUTLOOK,C D H A,"$45,000",No,NA,33
"March 3, 2016",Things,NA,NA,COMPUTER GRAPHICS,C M D A,"$33,000",Yes,NA,33
"March 4, 2016",Thing,NA,NA,A JOYOUS WELCOME,D P M A,"$33,000",No,NA,33
"March 7, 2016",Place,NA,NA,SUBWAY PLATFORM,D M C A,"$33,000",No,NA,33
"March 8, 2016",Things,NA,NA,LIGHTING FIXTURES,P G H O,"$33,000",No,NA,33
"March 9, 2016",Thing,NA,NA,OVERDUE BOOK,M B P A,"$33,000",No,NA,33
"March 10, 2016",Thing,NA,NA,COMFY BOOTH,C D M A,"$40,000",No,NA,33
"March 11, 2016",Person,NA,NA,FUTURE WIFE,M D C A,"$33,000",Yes,NA,33
"March 14, 2016",Thing,NA,NA,JOB OPPORTUNITY,G P H O,"$33,000",Yes,NA,33
"March 15, 2016",Phrase,NA,NA,BOUND TO HAPPEN,C D P O,"$50,000",Yes,NA,33
"March 16, 2016",Phrase,NA,NA,I FEEL GIDDY,P D C O,"$50,000",Yes,NA,33
"March 17, 2016",Thing,NA,NA,AUTHORIZATION CODE,C D F A,"$33,000",Yes,NA,33
"March 18, 2016",Thing,NA,NA,MAJOR POINT,P C G I,Ford Mustang convertible,No,NA,33
"March 21, 2016",Thing,NA,NA,VERY BUSY SCHEDULE,G H P O,"$40,000",Yes,NA,33
"March 22, 2016",Things,NA,NA,UPLIFTING WORDS,G D C I,"$50,000",No,NA,33
"March 23, 2016",Thing,NA,NA,WINDOW FRAME,C D M A,"$33,000",No,NA,33
"March 24, 2016",Things,NA,NA,ECHOING VOICES,P H G O,"$50,000",No,NA,33
"March 25, 2016",Things,NA,NA,GOOFY PICTURES,Y G H O,"$45,000",Yes,NA,33
"March 28, 2016",Things,NA,NA,COMFY PAJAMAS,C M D O,Jeep Wrangler,No,NA,33
"March 29, 2016",Thing,NA,NA,BIOLOGY EXAM,D P C A,"$33,000",No,NA,33
"March 30, 2016",Phrase,NA,NA,WRAP IT UP,M H D O B,"$33,000",No,NA,33
"March 31, 2016",Phrase,NA,NA,JUST KIDDING,C H D A M,Jeep Wrangler,No,NA,33
"April 1, 2016",Things,NA,NA,HEALTHY HABITS,H M D O C,"$33,000",Yes,NA,33
"April 4, 2016",Thing,NA,NA,BASKET OF GOODIES,D G C I,"$33,000",Yes,NA,33
"April 5, 2016",Thing,NA,NA,COMPANY PROFILE,D M V A,"$33,000",Yes,NA,33
"April 6, 2016",Thing,NA,NA,DUPLICATE KEY,C B D I G,"$33,000",No,NA,33
"April 7, 2016",Thing,NA,NA,A BIG MOVE,B D M A,"$33,000",No,NA,33
"April 8, 2016",Thing,NA,NA,VIGOROUS ACTIVITY,G H M A,"$50,000",No,NA,33
"April 11, 2016",Thing,NA,NA,YOUR POCKETBOOK,C D M O,"$33,000",Yes,NA,33
"April 12, 2016",Person,NA,NA,AVID OUTDOORSMAN,C D P O,"$33,000",No,NA,33
"April 13, 2016",Person,NA,NA,JOB APPLICANT,M C H A,Mini Cooper,No,NA,33
"April 14, 2016",Things,NA,NA,HOUSEHOLD APPLIANCES,C P G O,Fiat 500X Trekking,Yes,NA,33
"April 15, 2016",What Are You Doing?,NA,NA,VOICING MY OPINION,G D B I,"$50,000",No,NA,33
"April 18, 2016",Thing,NA,NA,FUZZY BEARD,D Y H A,"$40,000",No,NA,33
"April 19, 2016",Phrase,NA,NA,VERY INSIGHTFUL,C D M I,"$50,000",No,NA,33
"April 20, 2016",Things,NA,NA,BULKY ITEMS,M B H I,Cadillac SRX,No,NA,33
"April 21, 2016",Thing,NA,NA,AFTERTHOUGHT,H G C O,"$33,000",Yes,NA,33
"April 22, 2016",Phrase,NA,NA,BOUNCING BACK,C Y V O,"$33,000",Yes,NA,33
"April 25, 2016",Person,NA,NA,FORMER OLYMPIAN,C D M A,"$33,000",No,NA,33
"April 26, 2016",Thing,NA,NA,PERFECT DISGUISE,F M C I,"$33,000",Yes,NA,33
"April 27, 2016",Phrase,NA,NA,LIVING UP TO THE HYPE,P G H O,"$33,000",Yes,NA,33
"April 28, 2016",Phrase,NA,NA,HIGHLY MOTIVATED,H D G O,"$100,000",Yes,NA,33
"April 29, 2016",Things,NA,NA,QUICK FIXES,G H P O D,"$45,000",No,NA,33
"May 2, 2016",Thing,NA,NA,OUR OBJECTIVE,C D H I,"$33,000",No,NA,33
"May 3, 2016",Thing,NA,NA,FINAL APPROVAL,P G H O,"$33,000",Yes,NA,33
"May 4, 2016",What Are You Doing?,NA,NA,GOING ABROAD,G M D I,"$33,000",No,NA,33
"May 5, 2016",Thing,NA,NA,DAMP WEATHER,H F P A,"$33,000",No,NA,33
"May 6, 2016",Thing,NA,NA,GEOGRAPHY QUIZ,G H D O,"$33,000",Yes,NA,33
"May 9, 2016",Thing,NA,NA,HOME PROJECT,C H P O,"$33,000",Yes,NA,33
"May 10, 2016",Phrase,NA,NA,I AM BAFFLED,G M C A,"$45,000",Yes,NA,33
"May 11, 2016",Thing,NA,NA,CUTE OUTFIT,C H M O,"$33,000",No,NA,33
"May 12, 2016",Phrase,NA,NA,BACK IN THE GROOVE,H C M O P,"$33,000",No,NA,33
"May 13, 2016",Phrase,NA,NA,AMONG THE BEST,H C K A,"$33,000",No,NA,33
"May 16, 2016",What Are You Doing?,NA,NA,MAKING THE ROUNDS,B G M U,"$40,000",Yes,NA,33
"May 17, 2016",Thing,NA,NA,DISPLAY OF AFFECTION,M P B O,"$33,000",No,NA,33
"May 18, 2016",Phrase,NA,NA,PAID IN FULL,F C H A,"$33,000",Yes,NA,33
"May 19, 2016",Things,NA,NA,DAILY COUPONS,D M C I,"$33,000",Yes,NA,33
"May 20, 2016",Person,NA,NA,COURAGEOUS WOMAN,P C G A,"$33,000",No,NA,33
"May 23, 2016",Thing,NA,NA,HEAVY BAGGAGE,M C D A,"$33,000",No,NA,33
"May 24, 2016",Thing,NA,NA,WINDY DAY,D C Y A,"$45,000",Yes,NA,33
"May 25, 2016",Phrase,NA,NA,POUR YOUR HEART OUT,P H C O,"$100,000",Yes,NA,33
"May 26, 2016",Things,NA,NA,POETIC WORDS,G H P O D,"$33,000",Yes,NA,33
"May 27, 2016",Person,NA,NA,QUIRKY CHARACTER,P C M O,BMW 228i,No,NA,33
"May 30, 2016",Phrase,NA,NA,BY NIGHTFALL,C H B A,"$33,000",Yes,NA,33
"May 31, 2016",Thing,NA,NA,HONEST WORK,F D P O,"$33,000",Yes,NA,33
"June 1, 2016",Phrase,NA,NA,WHAT TO BUY,G H P O,"$33,000",No,NA,33
"June 2, 2016",Phrase,NA,NA,JOINING FORCES,P G H O D,Ford Escape,No,NA,33
"June 3, 2016",Phrase,NA,NA,A WHOLE BUNCH,D H C I P,"$45,000",Yes,NA,33
"June 6, 2016",Thing,NA,NA,MAGAZINE AD,B D M O,"$33,000",Yes,NA,33
"June 7, 2016",Thing,NA,NA,REUSABLE BAG,P G H O,"$40,000",No,NA,33
"June 8, 2016",Thing,NA,NA,CASH AWARD,C D G O,"$33,000",No,NA,33
"June 9, 2016",Event,NA,NA,MIRACULOUS DISCOVERY,Y B P A,"$40,000",No,NA,33
"June 10, 2016",Phrase,NA,NA,OUT OF CURIOSITY,G P H A,Chevrolet Camaro,No,NA,33
"September 12, 2016",Phrase,NA,NA,TIDY UP THE HOUSE,C P B I G,"$34,000",No,NA,34
"September 13, 2016",Thing,NA,NA,WHIMSICAL RHYME,M C H I,Ford Escape,Yes,NA,34
"September 14, 2016",Thing,NA,NA,PIANO MUSIC,D K M A,"$40,000",Yes,NA,34
"September 15, 2016",What Are You Doing?,NA,NA,CARPOOLING TO WORK,H C D O B,Ford Escape,Yes,NA,34
"September 16, 2016",Thing,NA,NA,ACTIVEWEAR,C D M A,Ford Escape,No,NA,34
"September 19, 2016",Thing,NA,NA,UPBEAT PERSONALITY,P G Q O H,Chevrolet Equinox,No,NA,34
"September 20, 2016",Thing,NA,NA,FOOD JOURNAL,C D M A,"$34,000",No,NA,34
"September 21, 2016",Phrase,NA,NA,IN THE BACKGROUND,H G D O,"$34,000",No,NA,34
"September 22, 2016",Thing,NA,NA,GROUP PHOTO,C D M A,Chevrolet Equinox,No,NA,34
"September 23, 2016",Thing,NA,NA,POWERFUL IMAGE,P G H O,"$45,000",No,NA,34
"September 26, 2016",Phrase,NA,NA,HUMBLY YOURS,P C H O D,"$34,000",No,NA,34
"September 27, 2016",Phrase,NA,NA,CHOKED UP,G D P A M,"$40,000",No,NA,34
"September 28, 2016",Thing,NA,NA,POSITIVE OPINION,P G H O,"$34,000",Yes,NA,34
"September 29, 2016",Food & Drink,NA,NA,FRESH HONEYDEW,F H C A,"$34,000",Yes,NA,34
"September 30, 2016",Thing,NA,NA,A HEFTY CHUNK,D H M A,"$45,000",No,NA,34
"October 3, 2016",Phrase,NA,NA,ON OUR WAY TO HAPPY HOUR,D F M O,"$34,000",No,NA,34
"October 4, 2016",Phrase,NA,NA,GAVE HIM AN EARFUL,H D P O,"$100,000",No,NA,34
"October 5, 2016",Food & Drink,NA,NA,JUICY PLUM,C H D A,"$34,000",No,NA,34
"October 6, 2016",Phrase,NA,NA,OUT OF THE BOX,H D M A,Ford Explorer,No,NA,34
"October 7, 2016",Phrase,NA,NA,APPLYING YOURSELF,P H G I,Ford Explorer,Yes,NA,34
"October 10, 2016",Person,NA,NA,JAZZ GUITARIST,C D M I,"$34,000",No,NA,34
"October 11, 2016",What Are You Doing?,NA,NA,BAKING A PIE,G D M A,"$34,000",Yes,NA,34
"October 12, 2016",Thing,NA,NA,BASIC MATH,G Y P O,"$34,000",No,NA,34
"October 13, 2016",Thing,NA,NA,POPULAR VIEW,G M B O,GMC Terrain,No,NA,34
"October 14, 2016",Thing,NA,NA,FABULOUS ADVICE,D G H O,GMC Terrain,No,NA,34
"October 17, 2016",What Are You Doing?,NA,NA,PARADING AROUND,D C P A,Jeep Compass,Yes,NA,34
"October 18, 2016",Phrase,NA,NA,FLIPPING A SWITCH,H P M O,"$50,000",Yes,NA,34
"October 19, 2016",Phrase,NA,NA,EMBARK ON A JOURNEY,D G H O,"$34,000",No,NA,34
"October 20, 2016",Phrase,NA,NA,DIFFICULT TO IGNORE,P C D A,"$40,000",No,NA,34
"October 21, 2016",Things,NA,NA,ADORABLE DIMPLES,H P C O,"$40,000",No,NA,34
"October 24, 2016",Person,NA,NA,HANDY GUY,W D C I M,"$34,000",No,NA,34
"October 25, 2016",Phrase,NA,NA,I HAVE NO IDEA,M C D A,Fiat 500X Easy,Yes,NA,34
"October 26, 2016",Phrase,NA,NA,ON A BUDGET,C D M A,Fiat 500X Easy,No,NA,34
"October 27, 2016",Things,NA,NA,DAILY UPDATES,C D M A,"$34,000",No,NA,34
"October 28, 2016",Thing,NA,NA,FOGGY MORNING,H P C I,"$40,000",No,NA,34
"October 31, 2016",Phrase,NA,NA,TOYING AROUND,G Y D I,Ford C-MAX,Yes,NA,34
"November 1, 2016",Phrase,NA,NA,UNBEATABLE COMBINATION,D H C O,"$40,000",No,NA,34
"November 2, 2016",Thing,NA,NA,BRIGHT GLOW,C D M O,"$34,000",No,NA,34
"November 3, 2016",Phrase,NA,NA,JOINING HANDS,C D M O,"$34,000",No,NA,34
"November 4, 2016",Phrase,NA,NA,PAYING MY DUES,G C M I,"$34,000",No,NA,34
"November 7, 2016",Thing,NA,NA,A BIG FACTOR,D H M A,"$34,000",No,NA,34
"November 8, 2016",Phrase,NA,NA,MY HAPPY PLACE,M Y D A,"$34,000",Yes,NA,34
"November 9, 2016",Phrase,NA,NA,JOG YOUR MEMORY,M D P A,"$34,000",No,NA,34
"November 10, 2016",Phrase,NA,NA,POINT IT OUT,D P H A,Ford Explorer,Yes,NA,34
"November 11, 2016",Things,NA,NA,GROCERY BAGS,P H M I,Ford Explorer,No,NA,34
"November 14, 2016",Thing,NA,NA,AMBITIOUS PLAN,P C M O,"$34,000",Yes,NA,34
"November 15, 2016",Thing,NA,NA,DOUBLE EXPOSURE,C G D U,"$34,000",Yes,NA,34
"November 16, 2016",Things,NA,NA,DAYLIGHT HOURS,D C P A,"$34,000",Yes,NA,34
"November 17, 2016",Thing,NA,NA,FUNNY CAPTION,C M H A,"$34,000",No,NA,34
"November 18, 2016",Place,NA,NA,COZY BUNGALOW,C M D O G,"$34,000",No,NA,34
"November 21, 2016",Phrase,NA,NA,I HAVE TO GO HOME,D M P I,Ford Escape,No,NA,34
"November 22, 2016",Thing,NA,NA,WOOL JACKET,D C H O,Jeep Compass,No,NA,34
"November 23, 2016",Person,NA,NA,MUSICAL PRODIGY,C H P O,"$34,000",Yes,NA,34
"November 24, 2016",Phrase,NA,NA,HOPE YOU HAVE FUN,H C P I,Ford Explorer,No,NA,34
"November 25, 2016",Thing,NA,NA,OUR TOP PRIORITY,P H G O C,GMC Terrain,Yes,NA,34
"November 28, 2016",Phrase,NA,NA,BACK IT UP,C P D I,"$34,000",Yes,NA,34
"November 29, 2016",Thing,NA,NA,HUGE JACKPOT,G C M O,"$34,000",No,NA,34
"November 30, 2016",Thing,NA,NA,A UNIQUE VOICE,H G M O,"$100,000",No,NA,34
"December 1, 2016",Phrase,NA,NA,OPEN DAILY,D M P O,"$100,000",Yes,NA,34
"December 2, 2016",Thing,NA,NA,AN ONGOING EFFORT,C G D O,"$34,000",Yes,NA,34
"December 5, 2016",Phrase,NA,NA,HOWDY FOLKS,C D M A,"$100,000",No,NA,34
"December 6, 2016",Thing,NA,NA,BIOGRAPHICAL INFORMATION,C D M I,"$45,000",No,NA,34
"December 7, 2016",Phrase,NA,NA,DREAM BIG,C H D O,"$34,000",No,NA,34
"December 8, 2016",Place,NA,NA,QUAINT COTTAGE,M C Q A,"$34,000",Yes,NA,34
"December 9, 2016",Thing,NA,NA,IMPULSE PURCHASE,P D H I M,Volkswagen Golf,Yes,NA,34
"December 12, 2016",Phrase,NA,NA,YOUNG AND HIP,G D M O,Mini Cooper Clubman,No,NA,34
"December 13, 2016",Phrase,NA,NA,MAKE IT HAPPEN,C D M A,"$34,000",Yes,NA,34
"December 14, 2016",On the Map,NA,NA,AKRON OHIO,P G H O,"$34,000",Yes,NA,34
"December 15, 2016",Thing,NA,NA,VIVID IMAGE,M D P A,"$50,000",No,NA,34
"December 16, 2016",Phrase,NA,NA,OUT ON THE PATIO,D M C A,"$50,000",No,NA,34
"December 19, 2016",Event,NA,NA,BINGO PARTY,P G H O,"$45,000",Yes,NA,34
"December 20, 2016",Phrase,NA,NA,ALWAYS FAITHFUL,P M C O,Toyota RAV4,No,NA,34
"December 21, 2016",Thing,NA,NA,BOLD IDEA,C M H O,Toyota RAV4,No,NA,34
"December 22, 2016",Phrase,NA,NA,IN A GOOD GROOVE,C P G O,Toyota RAV4,Yes,NA,34
"December 23, 2016",Thing,NA,NA,VOCABULARY QUIZ,M C H A,"$34,000",No,NA,34
"December 26, 2016",Thing,NA,NA,SUPERB TECHNIQUE,C M D A,Ford Explorer,Yes,NA,34
"December 27, 2016",What Are You Doing?,NA,NA,MAKING AN APPOINTMENT,G P D I,"$45,000",Yes,NA,34
"December 28, 2016",Place,NA,NA,PACKED AUDITORIUM,D G M O,"$34,000",No,NA,34
"December 29, 2016",What Are You Doing?,NA,NA,PRYING IT OPEN,P G H O,"$34,000",Yes,NA,34
"December 30, 2016",Phrase,NA,NA,LOWER THE BOOM,M H C O D,"$34,000",Yes,NA,34
"January 2, 2017",Place,NA,NA,GORGEOUS VINEYARD,P M C O,"$34,000",Yes,NA,34
"January 3, 2017",Thing,NA,NA,FOOLPROOF METHOD,G H P O,Ford Mustang,Yes,NA,34
"January 4, 2017",Phrase,NA,NA,BEYOND QUESTION,G H D U,Ford Mustang,No,NA,34
"January 5, 2017",Phrase,NA,NA,HOME BEFORE DARK,C D M O,"$45,000",Yes,NA,34
"January 6, 2017",Things,NA,NA,MIXED REVIEWS,C D M A,"$34,000",Yes,NA,34
"January 9, 2017",Thing,NA,NA,HANDY GUIDEBOOK,D G P A,"$40,000",No,NA,34
"January 10, 2017",Things,NA,NA,DAZZLING GOOD LOOKS,B P H I,"$45,000",No,NA,34
"January 11, 2017",Thing,NA,NA,A QUIET BREAK,C M P A,"$34,000",No,NA,34
"January 12, 2017",Phrase,NA,NA,IN A VACUUM,P H G O,"$45,000",No,NA,34
"January 13, 2017",Phrase,NA,NA,HIGHLY GIFTED,C M H A,Nissan Juke,No,NA,34
"January 16, 2017",Phrase,NA,NA,POLAR OPPOSITE,C F H O,"$45,000",No,NA,34
"January 17, 2017",Phrase,NA,NA,WILD ABOUT THE IDEA,D G H O,"$34,000",No,NA,34
"January 18, 2017",Phrase,NA,NA,BELOW THE HORIZON,M W D O C,"$34,000",Yes,NA,34
"January 19, 2017",Thing,NA,NA,HUMAN BEHAVIOR,C H P I,"$50,000",No,NA,34
"January 20, 2017",Phrase,NA,NA,DABBLING IN MAGIC,P G H O,Winnebago,No,NA,34
"January 23, 2017",Phrase,NA,NA,ABOVE THE FRAY,H C D A,"$100,000",No,NA,34
"January 24, 2017",Living Things,NA,NA,BABY FOXES,C B P A,Lincoln MKC,No,NA,34
"January 25, 2017",Phrase,NA,NA,PLUG THE GAP,C M D A,Lincoln MKC,No,NA,34
"January 26, 2017",Phrase,NA,NA,I BOUGHT A FEW GIFTS,P G H O,"$40,000",No,NA,34
"January 27, 2017",Phrase,NA,NA,OUR FIRST VOYAGE,F C D I,"$50,000",No,NA,34
"January 30, 2017",What Are You Doing?,NA,NA,PAYING A VISIT,C D M O,"$34,000",No,NA,34
"January 31, 2017",Phrase,NA,NA,IN ABOUT AN HOUR,D M H O,"$34,000",No,NA,34
"February 1, 2017",Thing,NA,NA,GLOB OF PAINT,C D M A,"$34,000",Yes,NA,34
"February 2, 2017",Phrase,NA,NA,WITHOUT A WORD,D G M O,"$34,000",No,NA,34
"February 3, 2017",Thing,NA,NA,PREVIOUS JOB,P G H O,Jeep Cherokee,No,NA,34
"February 6, 2017",Show Biz,NA,NA,AUDITIONING,G D M O C,Audi A3,No,NA,34
"February 7, 2017",Thing,NA,NA,AERIAL PHOTO,C P H O,"$34,000",Yes,NA,34
"February 8, 2017",Phrase,NA,NA,I CAUGHT A GLIMPSE,P D M A,"$34,000",Yes,NA,34
"February 9, 2017",Phrase,NA,NA,MOVE ALONG,P G C I,"$34,000",No,NA,34
"February 10, 2017",Phrase,NA,NA,HIGHEST QUALITY,M G P O,Audi A3,No,NA,34
"February 13, 2017",Phrase,NA,NA,YOU DO THE MATH,H M C A,"$34,000",No,NA,34
"February 14, 2017",People,NA,NA,ADVISORY GROUP,C D M A,"$50,000",No,NA,34
"February 15, 2017",Thing,NA,NA,AMPLIFIED MUSIC,P C D O,"$34,000",No,NA,34
"February 16, 2017",Phrase,NA,NA,WAY OUT OF BOUNDS,P G H O,"$45,000",No,NA,34
"February 17, 2017",Phrase,NA,NA,FAR FROM OVER,C D Y O,"$34,000",Yes,NA,34
"February 20, 2017",Place,NA,NA,OUR HANGOUT,P G H O,"$34,000",Yes,NA,34
"February 21, 2017",People,NA,NA,POWER COUPLE,C M G I,"$40,000",No,NA,34
"February 22, 2017",Things,NA,NA,YOGA PANTS,P M H O,"$40,000",Yes,NA,34
"February 23, 2017",Thing,NA,NA,GOPHER HOLE,P M C O,"$34,000",Yes,NA,34
"February 24, 2017",Phrase,NA,NA,I MADE A PROMISE,P G H O,"$34,000",Yes,NA,34
"February 27, 2017",What Are You Doing?,NA,NA,FLIPPING A COIN,G C H A,"$34,000",Yes,NA,34
"February 28, 2017",Phrase,NA,NA,DURING THE BREAK,C H D A,"$34,000",Yes,NA,34
"March 1, 2017",Thing,NA,NA,BODYBUILDING,C M G A,"$34,000",No,NA,34
"March 2, 2017",Phrase,NA,NA,CLOGGED UP,B C M A,"$100,000",No,NA,34
"March 3, 2017",Thing,NA,NA,VALUABLE INFORMATION,M C P A,"$34,000",Yes,NA,34
"March 6, 2017",Phrase,NA,NA,RIGHT BEHIND YOU,P G D O,Fiat 124 Spider,Yes,NA,34
"March 7, 2017",People,NA,NA,GROWN KIDS,G C W O,Fiat 124 Spider,Yes,NA,34
"March 8, 2017",Thing,NA,NA,FAVORITE PHOTO,C M P A,Fiat 124 Spider,No,NA,34
"March 9, 2017",Phrase,NA,NA,BARELY MADE IT,D G H O,"$45,000",No,NA,34
"March 10, 2017",Person,NA,NA,MY BIGGEST FAN,C G M A,Fiat 124 Spider,Yes,NA,34
"March 13, 2017",Phrase,NA,NA,GET BACK TO BASICS,P G H O D,Nissan Juke,No,NA,34
"March 14, 2017",Thing,NA,NA,OFFICE JARGON,C D M A,"$40,000",No,NA,34
"March 15, 2017",Phrase,NA,NA,VAST QUANTITY,C P M A,"$50,000",Yes,NA,34
"March 16, 2017",Phrase,NA,NA,GRAB YOUR PHONE,H C M O,Jeep Cherokee,No,NA,34
"March 17, 2017",Phrase,NA,NA,WITHIN A YEAR,C D M A H,Audi A3,No,NA,34
"March 20, 2017",Phrase,NA,NA,PACK YOUR BAGS,M P C O,"$34,000",Yes,NA,34
"March 21, 2017",Things,NA,NA,BOYISH LOOKS,H P C A,"$34,000",No,NA,34
"March 22, 2017",Phrase,NA,NA,UNIVERSAL APPEAL,C V D I,"$50,000",No,NA,34
"March 23, 2017",Thing,NA,NA,MATH FORMULA,P G H O,"$45,000",No,NA,34
"March 24, 2017",Phrase,NA,NA,HIGH POINT OF MY DAY,C D M O,"$100,000",No,NA,34
"March 27, 2017",Phrase,NA,NA,MAKE WAY,B M D O,"$34,000",No,NA,34
"March 28, 2017",Phrase,NA,NA,BACK ON TOP,P B H O G,Volkswagen Passat,Yes,NA,34
"March 29, 2017",Thing,NA,NA,POPULAR QUOTE,H C D O F,"$45,000",Yes,NA,34
"March 30, 2017",What Are You Doing?,NA,NA,WEIGHING OPTIONS,G M C I,"$34,000",Yes,NA,34
"March 31, 2017",Phrase,NA,NA,OUT OF YOUR COMFORT ZONE,P G H O,"$34,000",Yes,NA,34
"April 3, 2017",What Are You Doing?,NA,NA,WORKING OUT THE KINKS,D C P O,"$34,000",Yes,NA,34
"April 4, 2017",Phrase,NA,NA,YOU READ MY MIND,M H P O,"$34,000",No,NA,34
"April 5, 2017",Thing,NA,NA,APPROVING NOD,G M H I,"$34,000",No,NA,34
"April 6, 2017",Phrase,NA,NA,CHOOSE WISELY,M P D I,"$34,000",No,NA,34
"April 7, 2017",Thing,NA,NA,EXCLUSIVE OFFER,F G H I,"$34,000",Yes,NA,34
"April 10, 2017",Phrase,NA,NA,BUNDLE UP,G H P O,Mini Cooper convertible,Yes,NA,34
"April 11, 2017",Phrase,NA,NA,AMONG OTHER THINGS,H M C U,"$34,000",Yes,NA,34
"April 12, 2017",Thing,NA,NA,VICTORY DANCE,C P F I,"$40,000",No,NA,34
"April 13, 2017",Phrase,NA,NA,FIX IT UP,P G D O,"$34,000",No,NA,34
"April 14, 2017",Thing,NA,NA,A PIECE OF ADVICE,G H C A,Volkswagen Passat,Yes,NA,34
"April 17, 2017",Thing,NA,NA,HARD WORK,Y C K O,"$100,000",No,NA,34
"April 18, 2017",Phrase,NA,NA,WAY OVER YONDER,P G H O,"$50,000",No,NA,34
"April 19, 2017",Place,NA,NA,VINTAGE BOUTIQUE,M P D O C,Mercedes-Benz CLA 250,No,NA,34
"April 20, 2017",Person,NA,NA,HARMONICA PLAYER,F Y Q A,"$34,000",No,NA,34
"April 21, 2017",Thing,NA,NA,FLICKERING BULB,C D G O,"$100,000",No,NA,34
"April 24, 2017",Thing,NA,NA,MAJOR IMPACT,B G M O,Volkswagen Beetle convertible,No,NA,34
"April 25, 2017",Phrase,NA,NA,JOIN THE PARTY,P Y M A,"$34,000",No,NA,34
"April 26, 2017",Thing,NA,NA,GOOD QUESTION,G D P I,"$34,000",Yes,NA,34
"April 27, 2017",Phrase,NA,NA,INFORMATION OVERLOAD,P M C O,"$34,000",Yes,NA,34
"April 28, 2017",Phrase,NA,NA,POISED TO WIN,H D F O,Volkswagen Beetle convertible,No,NA,34
"May 1, 2017",Thing,NA,NA,VIVID COLOR,M D H A,Ford Mustang convertible,No,NA,34
"May 2, 2017",Phrase,NA,NA,JUST A QUICK PEEK,P D M A,"$34,000",No,NA,34
"May 3, 2017",Things,NA,NA,PUFFY CHEEKS,D K M O,Ford Mustang convertible,No,NA,34
"May 4, 2017",Thing,NA,NA,MY FAVORITE HANDBAG,G M P O,"$34,000",No,NA,34
"May 5, 2017",Thing,NA,NA,PAVED ROADWAY,G H D O,"$34,000",No,NA,34
"May 8, 2017",Thing,NA,NA,PROM GOWN,B M D A,"$34,000",No,NA,34
"May 9, 2017",Phrase,NA,NA,BACK AT WORK,C H K O,"$34,000",Yes,NA,34
"May 10, 2017",Thing,NA,NA,HOT PROPERTY,C P D O,Mini Cooper,Yes,NA,34
"May 11, 2017",On the Map,NA,NA,BUFFALO AND ITHACA,P G H O,"$34,000",No,NA,34
"May 12, 2017",Phrase,NA,NA,MOVE FORWARD,C M P O,"$34,000",No,NA,34
"May 15, 2017",Thing,NA,NA,PACKAGE DEAL,D C H A,"$34,000",Yes,NA,34
"May 16, 2017",Phrase,NA,NA,THE UPPER HAND,P C H I,"$34,000",Yes,NA,34
"May 17, 2017",Phrase,NA,NA,WALK ON BY,G P F O,"$34,000",Yes,NA,34
"May 18, 2017",Phrase,NA,NA,GO WITH YOUR FIRST CHOICE,D F H O M,"$45,000",Yes,NA,34
"May 19, 2017",Phrase,NA,NA,OUT OF FOCUS,P D M I,Lincoln MKC,No,NA,34
"May 22, 2017",Thing,NA,NA,PATCHWORK,P M D A B,"$40,000",No,NA,34
"May 23, 2017",Thing,NA,NA,BOUQUET,P G H O,"$45,000",No,NA,34
"May 24, 2017",Thing,NA,NA,VERY THICK FOG,D H M O,Chevrolet Camaro,No,NA,34
"May 25, 2017",Phrase,NA,NA,YOU HAVE MY WORD,F M D O,"$45,000",No,NA,34
"May 26, 2017",Phrase,NA,NA,BEFORE DAWN,M H C A D,Chevrolet Camaro,Yes,NA,34
"May 29, 2017",What Are You Doing?,NA,NA,OVERCOMING OBSTACLES,G H M O,"$45,000",Yes,NA,34
"May 30, 2017",Phrase,NA,NA,HEAR US OUT,C P H O,Volkswagen Beetle convertible,Yes,NA,34
"May 31, 2017",Things,NA,NA,VACUUM BAGS,C G H O P,Mini Cooper,No,NA,34
"June 1, 2017",Phrase,NA,NA,ON OUR BEHALF,F D P O,"$34,000",Yes,NA,34
"June 2, 2017",Food & Drink,NA,NA,JUICY PEACH,C P M O,Jeep Wrangler,No,NA,34
"June 5, 2017",Thing,NA,NA,OFFBEAT APPROACH,C H D I G,"$34,000",No,NA,34
"June 6, 2017",Thing,NA,NA,HUGE FAVOR,D P G O,"$34,000",Yes,NA,34
"June 7, 2017",On the Map,NA,NA,WICHITA AND TOPEKA,G H C O M,Jeep Wrangler,No,NA,34
"June 8, 2017",Thing,NA,NA,AWKWARD MOMENT,D M H O,"$40,000",No,NA,34
"June 9, 2017",Phrase,NA,NA,BEYOND COMPARE,D P O C,Jeep Wrangler,No,NA,34
"September 11, 2017",What Are You Doing?,Phrase,Food & Drink,UNPACKING BAGS,P G D O,"$35,000",No,NA,35
"September 12, 2017",Event,Living Thing,In the Kitchen,HOUSE PARTY,H P D A,"$35,000",Yes,NA,35
"September 13, 2017",Show Biz,Thing,Fun & Games,GOLD ALBUM,H P F A,Mercedes-Benz GLA,No,NA,35
"September 14, 2017",What Are You Doing?,On the Map,Living Thing,BROWSING AROUND,B C G O,Mercedes-Benz GLA,No,NA,35
"September 15, 2017",People,Event,Around the House,ANCIENT AZTECS,C Z B A,"$35,000",Yes,NA,35
"September 18, 2017",People,Place,What Are You Doing?,A GROUP OF KIDS,C P M A,"$35,000",No,NA,35
"September 19, 2017",Living Thing,Event,Around the House,PLAYFUL GREYHOUND,G H P A,Chevrolet Equinox,Yes,NA,35
"September 20, 2017",Character,Thing,Food & Drink,EVIL WIZARD,G H D A,"$35,000",Yes,NA,35
"September 21, 2017",What Are You Wearing?,On the Map,Event,BROWN CORDUROY,B G H O,"$100,000",No,NA,35
"September 22, 2017",Occupation,Phrase,In the Kitchen,DOG GROOMER,P H G O,Chevrolet Equinox,Yes,NA,35
"September 25, 2017",Event,Living Thing,Show Biz,JOB PROMOTION,C H M A,"$35,000",Yes,NA,35
"September 26, 2017",Character,Phrase,Around the House,YOUNG HOBBIT,C M P O,"$35,000",No,NA,35
"September 27, 2017",Food & Drink,On the Map,Occupation,FRESH PAPAYA,P C D A,Mazda CX-5,Yes,NA,35
"September 28, 2017",Place,Thing,Fun & Games,PIZZA PARLOR,C D P A G,"$35,000",Yes,NA,35
"September 29, 2017",In the Kitchen,Person,Event,CITRUS JUICER,D B H A,Mazda CX-5,No,NA,35
"October 2, 2017",Food & Drink,Phrase,Living Thing,BAKED YAMS,P D M A,Mini Cooper convertible,No,NA,35
"October 3, 2017",Thing,Event,Character,BOLD CONCEPT,P K H O,"$35,000",Yes,NA,35
"October 4, 2017",Food & Drink,Fun & Games,Occupation,ORGANIC YOGURT,G M P O,Mini Cooper convertible,Yes,NA,35
"October 5, 2017",Show Biz,Person,Place,VAMPIRE MOVIE,H G C A,"$35,000",No,NA,35
"October 6, 2017",On the Map,Occupation,In the Kitchen,GLACIER BAY,P C G O,"$35,000",No,NA,35
"October 9, 2017",Living Thing,Phrase,Around the House,WILD BRONCO,C D M A,Ford Edge,No,NA,35
"October 10, 2017",What Are You Wearing?,Person,Place,BOMBER JACKET,G D H O,Ford Edge,No,NA,35
"October 11, 2017",Thing,Character,In the Kitchen,A HOUSEHOLD WORD,C D M A,"$35,000",No,NA,35
"October 12, 2017",Event,Food & Drink,Show Biz,YEARLY BASH,D C P O,Ford Edge,No,NA,35
"October 13, 2017",Phrase,On the Map,What Are You Doing?,HUDDLE UP,B C K U,"$35,000",No,NA,35
"October 16, 2017",What Are You Wearing?,Thing,Fun & Games,YOGA APPAREL,P D C O,"$35,000",No,NA,35
"October 17, 2017",Food & Drink,People,In the Kitchen,MANGO JUICE,M C P A,"$35,000",Yes,NA,35
"October 18, 2017",Around the House,Place,Show Biz,PHOTO BOX,P G H O D,"$35,000",No,NA,35
"October 19, 2017",What Are You Wearing?,Person,Living Thing,COWBOY OUTFIT,G M C O,"$35,000",No,NA,35
"October 20, 2017",In the Kitchen,Phrase,Person,COMPACT MICROWAVE,P G C O M,Mercedes-Benz CLA,Yes,NA,35
"October 23, 2017",Around the House,Event,Fun & Games,PAIR OF HEADPHONES,P G H O,"$35,000",Yes,NA,35
"October 24, 2017",On the Map,Characters,In the Kitchen,BEIJING AND SHANGHAI,D M P I,"$50,000",Yes,NA,35
"October 25, 2017",Food & Drink,Place,Fun & Games,GOOEY FUDGE,C D P A,"$45,000",No,NA,35
"October 26, 2017",Person,Event,On the Map,OFFICIAL BIOGRAPHER,C D M I,"$35,000",No,NA,35
"October 27, 2017",What Are You Doing?,Person,Living Thing,GULPING DOWN COFFEE,B C H O,"$35,000",Yes,NA,35
"October 30, 2017",Character,Phrase,Around the House,GIANT CYCLOPS,C D P O,"$45,000",No,NA,35
"October 31, 2017",On the Map,Event,Living Thing,FARGO AND BISMARCK,H C G O,Volkswagen Tiguan,Yes,NA,35
"November 1, 2017",Place,Thing,What Are You Wearing?,OFFICE BUILDING,C D B I,Volkswagen Tiguan,Yes,NA,35
"November 2, 2017",Fun & Games,Person,Around the House,ROOKS AND PAWNS,M P G O,"$50,000",Yes,NA,35
"November 3, 2017",Characters,Living Thing,In the Kitchen,JAMES BOND VILLAINS,G C B A,"$35,000",No,NA,35
"November 6, 2017",Around the House,Thing,Character,BABY QUILT,B Y P I,"$35,000",Yes,NA,35
"November 7, 2017",What Are You Wearing?,Place,Phrase,HEAVY PARKA,G B P A,"$100,000",No,NA,35
"November 8, 2017",Event,Food & Drink,People,MAGICAL VOYAGE,C D M O,"$35,000",No,NA,35
"November 9, 2017",In the Kitchen,Fun & Games,Living Thing,BUTCHER PAPER,M F C A,"$35,000",No,NA,35
"November 10, 2017",Occupation,Person,What Are You Doing?,WILDLIFE BIOLOGIST,C G M O,"$100,000",No,NA,35
"November 13, 2017",Around the House,Event,Thing,PATIO CUSHIONS,C D M A,"$35,000",Yes,NA,35
"November 14, 2017",Thing,Phrase,In the Kitchen,MINOR QUIBBLE,D M P A F,"$35,000",No,NA,35
"November 15, 2017",Food & Drink,Phrase,Living Thing,BAKED ZUCCHINI,C D P O,"$1,000,000",No,NA,35
"November 16, 2017",Place,Person,Show Biz,WIDE BOULEVARD,C M H O G,"$35,000",No,NA,35
"November 17, 2017",What Are You Doing?,Thing,People,PROVIDING USEFUL ADVICE,D F H I,"$35,000",No,NA,35
"November 20, 2017",Event,Person,Around the House,BEAUTY PAGEANT,D F P A,Mercedes-Benz GLA,Yes,NA,35
"November 21, 2017",People,Thing,What Are You Doing?,BOYHOOD PALS,P M D O,"$35,000",No,NA,35
"November 22, 2017",In the Kitchen,Place,Thing,WIRE WHISK,C D M A,Mini Cooper convertible,No,NA,35
"November 23, 2017",Fun & Games,Person,Living Thing,LOGIC PUZZLE,P M D I,"$45,000",Yes,NA,35
"November 24, 2017",Thing,Show Biz,Fun & Games,INGENIOUS INVENTION,C D G O,"$35,000",Yes,NA,35
"November 27, 2017",On the Map,Phrase,People,KYOTO JAPAN,D M P O,"$35,000",No,NA,35
"November 28, 2017",What Are You Doing?,Place,Thing,WARMING UP MY VOICE,G F M I,"$35,000",No,NA,35
"November 29, 2017",Living Thing,Person,Around the House,GYPSY MOTH,C H G A,Jeep Grand Cherokee,No,NA,35
"November 30, 2017",Fun & Games,Show Biz,What Are You Wearing?,KARAOKE PARTY,P C D I,"$35,000",No,NA,35
"December 1, 2017",Phrase,Thing,What Are You Doing?,ON THE HIGHWAY,G B P O,"$35,000",No,NA,35
"December 4, 2017",Event,Place,What Are You Doing?,JOURNEY BY BOAT,D C H A M,Mazda CX-3,No,NA,35
"December 5, 2017",Around the House,Phrase,Thing,BASKETS AND HAMPERS,D B H A,"$35,000",No,NA,35
"December 6, 2017",On the Map,Thing,In the Kitchen,YOUNGSTOWN OHIO,H G P I,"$35,000",Yes,NA,35
"December 7, 2017",Phrase,Show Biz,Living Thing,HUGS ALL AROUND,D G H A M,"$35,000",Yes,NA,35
"December 8, 2017",People,Thing,Around the House,EGYPTIAN PHARAOHS,H P C O,Mazda CX-3,Yes,NA,35
"December 11, 2017",Fun & Games,Thing,Place,QUICK JOG IN THE PARK,H M D I,"$45,000",No,NA,35
"December 12, 2017",Event,Phrase,Living Things,JUBILANT GALA,P G H O,"$35,000",No,NA,35
"December 13, 2017",On the Map,Show Biz,What Are You Wearing?,CAPE OF GOOD HOPE,C P D O,"$35,000",Yes,NA,35
"December 14, 2017",In the Kitchen,Phrase,Place,MIXING BOWLS WITH LIDS,P D G O,Toyota RAV-4,No,NA,35
"December 15, 2017",Event,Living Thing,Food & Drink,POWER FAILURE,P W F A,Toyota RAV-4,Yes,NA,35
"December 18, 2017",On the Map,Place,Show Biz,BILOXI AND JACKSON,D M P O,"$35,000",No,NA,35
"December 19, 2017",Characters,Living Thing,Around the House,BASHFUL AND GRUMPY,M P D I,"$35,000",Yes,NA,35
"December 20, 2017",What Are You Wearing?,Thing,Place,WHITE BLAZER,G F C A B,"$35,000",No,NA,35
"December 21, 2017",Fun & Games,Person,In the Kitchen,OCEAN KAYAKING,H P D I,"$1,000,000",No,NA,35
"December 22, 2017",Thing,Occupation,Fun & Games,SHOCK WAVE,C D P O M,"$35,000",Yes,NA,35
"December 25, 2017",Fun & Games,Phrase,Event,PLAYING IN THE BACKYARD,C D P A,Mini Cooper convertible,Yes,NA,35
"December 26, 2017",Food & Drink,Thing,Person,BAG OF CHIPS,F C M U,Mini Cooper convertible,Yes,NA,35
"December 27, 2017",Show Biz,Thing,Living Things,BRIEF CAMEO,C D M O,Mini Cooper convertible,Yes,NA,35
"December 28, 2017",Around the House,Person,Fun & Games,WOOD VANITY,P H M O,"$35,000",No,NA,35
"December 29, 2017",Occupation,Thing,Living Things,FAMILY PHYSICIAN,D M P A F,"$35,000",Yes,NA,35
"January 1, 2018",Living Thing,Person,Fun & Games,GIANT IGUANA,B D H A,"$100,000",No,NA,35
"January 2, 2018",Character,On the Map,What Are You Doing?,WICKED QUEEN,C D M A F,"$35,000",No,NA,35
"January 3, 2018",Place,Person,Thing,ITALIAN BAKERY,P G H O D,"$35,000",No,NA,35
"January 4, 2018",What Are You Doing?,Fun & Games,Living Things,GOING WAY OVERBOARD,D C H O,Mini Cooper,No,NA,35
"January 5, 2018",Place,Event,Food & Drink,THE USUAL HANGOUT,C D M O W,"$100,000",No,NA,35
"January 8, 2018",Thing,On the Map,What Are You Wearing?,MATH WORKBOOK,C D M O,"$35,000",No,NA,35
"January 9, 2018",Food & Drink,Thing,Phrase,HANDPICKED AVOCADO,M C P A,"$35,000",No,NA,35
"January 10, 2018",Phrase,Event,Living Thing,JOIN OUR GROUP,C M D O,"$35,000",No,NA,35
"January 11, 2018",Place,Thing,Person,UPSCALE BOUTIQUE,C D P O,"$35,000",No,NA,35
"January 12, 2018",Show Biz,Thing,Living Things,FILM CLIP,D M P A C,"$35,000",No,NA,35
"January 15, 2018",What Are You Doing?,Thing,Person,TAKING A POP QUIZ,C D M A,"$50,000",No,NA,35
"January 16, 2018",What Are You Wearing?,Phrase,Thing,BLACK PUMPS,C P F O,"$35,000",No,NA,35
"January 17, 2018",Thing,Event,In the Kitchen,AMBITIOUS PROJECT,M D P A,"$35,000",No,NA,35
"January 18, 2018",Phrase,Thing,Living Thing,WIGGLE OUT OF IT,C F M O,BMW 3 series,No,NA,35
"January 19, 2018",Around the House,Thing,Living Thing,A JAR OF COINS,C D M O,BMW 3 series,Yes,NA,35
"January 22, 2018",What Are You Wearing?,Thing,On the Map,FUZZY WARM GLOVES,C H D A,"$35,000",No,NA,35
"January 23, 2018",Phrase,Person,Living Things,THAT ABOUT WRAPS IT UP,H C P A,Mini Cooper,Yes,NA,35
"January 24, 2018",Living Things,Place,Thing,SWOOPING HAWKS,G P D A,"$35,000",No,NA,35
"January 25, 2018",Place,Thing,Person,CROWDED GYM,P G D O,Mini Cooper,No,NA,35
"January 26, 2018",People,Fun & Games,Living Things,KINGS AND DUKES,D M C A,"$35,000",No,NA,35
"January 29, 2018",What Are You Wearing?,Thing,Living Thing,BEIGE KHAKIS,M H C I,"$35,000",Yes,NA,35
"January 30, 2018",Phrase,Thing,In the Kitchen,I FOUND A WAY,H C P A,"$35,000",No,NA,35
"January 31, 2018",Living Things,Thing,People,PINK BEGONIAS,H G D O,"$35,000",No,NA,35
"February 1, 2018",In the Kitchen,Thing,Living Things,CERAMIC BAKEWARE,P H G O,"$35,000",No,NA,35
"February 2, 2018",Food & Drink,Thing,Person,BLACK OLIVES,C D M A P,"$35,000",No,NA,35
"February 5, 2018",What Are You Wearing?,Event,Person,FANCY GOLD WATCH,C H F A,"$35,000",Yes,NA,35
"February 6, 2018",What Are You Doing?,Thing,Phrase,TAKING UP A HOBBY,G D C A,"$35,000",No,NA,35
"February 7, 2018",Food & Drink,Phrase,Living Things,GROUND PAPRIKA,D H C A,"$35,000",No,NA,35
"February 8, 2018",Event,Person,Fun & Games,JUNIOR PROM,G D P O,"$35,000",Yes,NA,35
"February 9, 2018",Person,Thing,Around the House,QUALIFIED BUYER,C M P A G,"$35,000",No,NA,35
"February 12, 2018",What Are You Doing?,Phrase,Event,FORGING ONWARD,G M P A,"$35,000",Yes,NA,35
"February 13, 2018",Person,Thing,Fun & Games,CREATIVE VISIONARY,P C D A,"$35,000",No,NA,35
"February 14, 2018",What Are You Doing?,Place,Living Thing,WITHDRAWING FUNDS,C D M O,"$35,000",No,NA,35
"February 15, 2018",Phrase,Show Biz,Around the House,WHAT AN AMAZING DAY,C H P O,"$35,000",No,NA,35
"February 16, 2018",What Are You Doing?,Place,Fun & Games,KICKING AROUND IDEAS,G H C O P,"$35,000",No,NA,35
"February 19, 2018",What Are You Wearing?,Thing,Living Thing,WOOL PANTS,P W F A,"$35,000",Yes,NA,35
"February 20, 2018",In the Kitchen,On the Map,Phrase,DOUBLE BOILER,D B C O,"$50,000",Yes,NA,35
"February 21, 2018",Living Things,Phrase,Fun & Games,BABY GROUNDHOGS,G H P O,"$35,000",No,NA,35
"February 22, 2018",Place,Thing,Around the House,QUIET OFFICE,P G M O,"$45,000",No,NA,35
"February 23, 2018",Living Thing,Thing,Around the House,HUNGRY JAGUAR,C M H O,Volkswagen Jetta,No,NA,35
"February 26, 2018",Phrase,Thing,Living Things,GO WILD,D M P I,Jeep Compass,No,NA,35
"February 27, 2018",Event,Thing,On the Map,HAPPY OCCASION,P H D O,"$45,000",Yes,NA,35
"February 28, 2018",Food & Drink,Thing,Person,YUMMY POUND CAKE,D C H A,Jeep Compass,No,NA,35
"March 1, 2018",Place,Person,Phrase,SPACIOUS BACKYARD,C D M A,"$35,000",No,NA,35
"March 2, 2018",Thing,Person,Living Thing,VIRAL VIDEO,C D M A,"$35,000",Yes,NA,35
"March 5, 2018",Person,Phrase,Thing,AVID BACKPACKER,G C H I,"$35,000",No,NA,35
"March 6, 2018",On the Map,Thing,Living Things,KALAMAZOO AND SAGINAW,M H D O,"$35,000",No,NA,35
"March 7, 2018",In the Kitchen,Person,Phrase,MUGS AND CUPS,D P C A,Mazda MX-5 Miata,No,NA,35
"March 8, 2018",Place,Thing,Living Things,VAST WAREHOUSE,P F H A,"$45,000",Yes,NA,35
"March 9, 2018",On the Map,Phrase,Thing,IDAHO AND WYOMING,C D M I,"$35,000",Yes,NA,35
"March 12, 2018",Place,Person,Living Thing,HIDDEN COVE,M H D A,"$35,000",No,NA,35
"March 13, 2018",Phrase,Thing,Living Things,BUBBLE OVER,D C F O,"$35,000",No,NA,35
"March 14, 2018",Fun & Games,Thing,Person,RIDING PIGGYBACK,M D C O,Ford Focus Electric,No,NA,35
"March 15, 2018",Person,Event,Things,VICTORIOUS BOXER,D M P A,Jeep Compass,No,NA,35
"March 16, 2018",Person,Thing,Living Thing,KAYAKER,P H G O,"$100,000",No,NA,35
"March 19, 2018",What Are You Wearing?,Person,Living Thing,BAGGY PAJAMAS,D B M I H,Volkswagen Beetle convertible,No,NA,35
"March 20, 2018",On the Map,Thing,Around the House,QUEBEC AND MANITOBA,D C H O,Volkswagen Beetle convertible,No,NA,35
"March 21, 2018",Food & Drink,Thing,Living Things,CHEWY JERKY,C Y D O H,"$100,000",Yes,NA,35
"March 22, 2018",Things,Place,Around the House,JOURNAL PAGES,C M P O,"$35,000",No,NA,35
"March 23, 2018",Event,Thing,Food & Drink,BUYING A CONDO,C D M A,"$35,000",No,NA,35
"March 26, 2018",Living Things,Phrase,Places,BLOOMING MARIGOLDS,C B H A,"$100,000",No,NA,35
"March 27, 2018",Thing,Phrase,Around the House,A QUIRKY SUBJECT,B G P O,"$35,000",No,NA,35
"March 28, 2018",Food & Drink,Place,Living Thing,PIZZA BAGELS,P C W A,Chevrolet Camaro,Yes,NA,35
"March 29, 2018",In the Kitchen,Person,Things,WARM GRIDDLE,C M D I,"$35,000",Yes,NA,35
"March 30, 2018",On the Map,Fun & Games,What Are You Wearing?,JUNEAU AND ANCHORAGE,D M C O,Chevrolet Camaro,Yes,NA,35
"April 2, 2018",Food & Drink,Phrase,Thing,GOLDEN WAFFLES,D C P I,Ford Focus Electric,No,NA,35
"April 3, 2018",Living Things,Thing,Person,FLUFFY KOALAS,C F H A,"$35,000",Yes,NA,35
"April 4, 2018",Character,People,Thing,BRUCE WAYNE,M H D O,"$35,000",No,NA,35
"April 5, 2018",Event,Thing,What Are You Wearing?,MOVIE NIGHT,G H C I,"$35,000",Yes,NA,35
"April 6, 2018",What Are You Doing?,Phrase,Living Thing,MAKING A WISH,C H P A,"$45,000",No,NA,35
"April 9, 2018",Around the House,Person,Phrase,BEAUTY PRODUCTS,P G H O,BMW 320i,No,NA,35
"April 10, 2018",Food & Drink,Thing,Event,CRISP FUJI APPLE,H P C O,Volkswagen Beetle convertible,No,NA,35
"April 11, 2018",Place,Event,Person,WRAPAROUND PORCH,D H C O,Chevrolet Camaro,No,NA,35
"April 12, 2018",Food & Drink,Thing,Living Things,BATCH OF BROWNIES,C D K I,"$35,000",No,NA,35
"April 13, 2018",Living Things,Things,People,CUDDLY PUPPIES,B G H O D,"$35,000",No,NA,35
"April 16, 2018",Place,Thing,Phrase,MY WORKSPACE,C D P I,BMW 320i,No,NA,35
"April 17, 2018",Thing,On the Map,Living Things,DAILY OUTPUT,M H C I,BMW 320i,No,NA,35
"April 18, 2018",Place,Phrase,What Are You Wearing?,JAM-PACKED HOUSE,H G P O,BMW 320i,No,NA,35
"April 19, 2018",Living Thing,Thing,Around the House,FOXHOUND,G M B I,"$35,000",No,NA,35
"April 20, 2018",What Are You Wearing?,Thing,Places,BROWN HIP BOOTS,B P D A,"$50,000",Yes,NA,35
"April 23, 2018",Thing,Fun & Games,Living Things,WAVE OF EUPHORIA,M P H O,"$35,000",No,NA,35
"April 24, 2018",What Are You Wearing?,Person,Thing,COLORFUL PONCHO,C D H O,Mini Cooper,Yes,NA,35
"April 25, 2018",In the Kitchen,Event,Living Thing,DISPOSABLE CHOPSTICKS,M H C A,Mini Cooper,No,NA,35
"April 26, 2018",Food & Drink,Thing,On the Map,SAVORY DIP,C Y H I,Mini Cooper,No,NA,35
"April 27, 2018",Place,People,Phrase,CROWDED HARBOR,G C P O,Mini Cooper,No,NA,35
"April 30, 2018",Place,Event,Thing,GRAVEL PATH,C M H I,"$35,000",No,NA,35
"May 1, 2018",Living Things,Thing,On the Map,PURPLE ORCHIDS,C D M A,"$35,000",Yes,NA,35
"May 2, 2018",Show Biz,Thing,Around the House,AUDITIONING FOR A PLAY,C D M A,"$35,000",Yes,NA,35
"May 3, 2018",Person,Thing,In the Kitchen,PAGEANT COMPETITOR,C G H O P,"$35,000",Yes,NA,35
"May 4, 2018",What Are You Wearing?,Place,On the Map,POLKA-DOT BOXERS,B M D A,"$35,000",No,NA,35
"May 7, 2018",Place,Food & Drink,Living Things,MOUNTAIN HIDEAWAY,M P G O,Fiat 124 Spider,No,NA,35
"May 8, 2018",Thing,Event,People,MAJOR OBJECTIVE,C G B A,"$35,000",No,NA,35
"May 9, 2018",What Are You Doing?,Thing,Places,WALKING MY BIKE,G W C A,"$35,000",No,NA,35
"May 10, 2018",Living Things,Thing,Phrase,A PAIR OF GOLDFINCHES,P F M A,Fiat 124 Spider,No,NA,35
"May 11, 2018",Place,Phrase,Person,VACATION HOME,G D P A,"$35,000",No,NA,35
"May 14, 2018",What Are You Wearing?,Thing,Phrase,HOODED JACKET,C P M A,"$35,000",No,NA,35
"May 15, 2018",Living Thing,Person,Event,ADORABLE GUINEA PIG,C M H A,"$35,000",No,NA,35
"May 16, 2018",Food & Drink,Phrase,Around the House,QUART OF JUICE,F D C A,"$35,000",Yes,NA,35
"May 17, 2018",On the Map,Thing,What Are You Doing?,OSHKOSH AND MILWAUKEE,D H C I,"$35,000",Yes,NA,35
"May 18, 2018",Living Things,People,Phrase,HOWLING WOLVES,G M P I,Toyota Highlander,No,NA,35
"May 21, 2018",On the Map,Thing,Around the House,DAVENPORT IOWA,C M P A,Ford Escape,Yes,NA,35
"May 22, 2018",What Are You Doing?,People,Thing,ORDERING APPETIZERS,D G P O,Ford Escape,Yes,NA,35
"May 23, 2018",Food & Drink,Event,Phrase,PIPING HOT BROTH,P M B O,"$35,000",No,NA,35
"May 24, 2018",Living Things,Phrase,Person,QUACKING DUCKS,G P H O,"$100,000",No,NA,35
"May 25, 2018",What Are You Wearing?,Thing,Places,MY FAVORITE CARDIGAN,M F V O,"$35,000",No,NA,35
"May 28, 2018",What Are You Doing?,Phrase,Food & Drink,MAKING QUICK WORK OF IT,G D C A,Mini Cooper,No,NA,35
"May 29, 2018",Living Things,Thing,Fun & Games,A GROUP OF HEDGEHOGS,G F M A,Toyota Highlander,Yes,NA,35
"May 30, 2018",In the Kitchen,Thing,Fun & Games,WOKS AND PANS,D H B A,Ford Escape,No,NA,35
"May 31, 2018",Around the House,Person,Living Thing,MOVING BOXES,P G H O,"$35,000",Yes,NA,35
"June 1, 2018",Around the House,Event,Food & Drink,ANTIQUE HUTCH,B F G O,"$35,000",No,NA,35
"June 4, 2018",Living Thing,Person,Phrase,YOUNG JACKRABBIT,D P C O H,Audi A3,No,NA,35
"June 5, 2018",Person,Thing,In the Kitchen,HIGHLY GIFTED CHILD,D C P O,"$50,000",No,NA,35
"June 6, 2018",Phrase,Places,Characters,I GOOFED UP,C D M A,"$100,000",No,NA,35
"June 7, 2018",People,Thing,Living Thing,WACKY NEIGHBORS,B H M O,"$35,000",No,NA,35
"June 8, 2018",Occupation,Place,Phrase,BAGGAGE HANDLER,M H D I,"$35,000",No,NA,35
"September 10, 2018",In the Kitchen,Thing,Living Things,BAKING DISHES,P H G O,Lincoln MKC,Yes,NA,36
"September 11, 2018",Phrase,Event,Person,QUITE A FEW,P D M O,"$36,000",No,NA,36
"September 12, 2018",Thing,People,Place,BULKY PACKAGE,M D B A,"$36,000",Yes,NA,36
"September 13, 2018",What Are You Wearing?,Thing,Place,LIGHTWEIGHT BLAZER,G B C A,"$45,000",Yes,NA,36
"September 14, 2018",Fun & Games,Living Thing,Around the House,BLOWING A HUGE BUBBLE,P B M O D,"$36,000",Yes,NA,36
"September 17, 2018",Phrase,Person,Living Thing,YOU HAVE TO HURRY,D B M A,"$36,000",No,NA,36
"September 18, 2018",Places,Event,Thing,JAZZ CLUBS,P C D A,"$36,000",No,NA,36
"September 19, 2018",Around the House,Person,Event,WINDOW BOXES,C G M A,"$36,000",No,NA,36
"September 20, 2018",In the Kitchen,Occupation,Place,CHOPPING BLOCK,G M D I,Jeep Cherokee,No,NA,36
"September 21, 2018",Food & Drink,Place,What Are You Wearing?,QUART OF ALMOND MILK,C D M A,Jeep Cherokee,No,NA,36
"September 24, 2018",Living Things,Thing,Event,WHITE ORCHIDS,M D P A,Ford Mustang convertible,No,NA,36
"September 25, 2018",Phrase,Place,Events,OUT OF WHACK,G D P A,Ford Mustang convertible,No,NA,36
"September 26, 2018",Food & Drink,On the Map,Phrase,SPICY GOULASH,H D M I,"$36,000",No,NA,36
"September 27, 2018",Food & Drink,Place,Thing,ORGANIC KALE AND SPINACH,D M P O,Ford Mustang convertible,No,NA,36
"September 28, 2018",People,Occupations,Around the House,HIGH BIDDERS,P G H O,"$36,000",No,NA,36
"October 1, 2018",On the Map,People,Living Things,BOLIVIA AND PERU,P D H A,"$36,000",No,NA,36
"October 2, 2018",Fun & Games,Occupation,In the Kitchen,PLAYING HOPSCOTCH,P G C A,Ford Flex SEL,Yes,NA,36
"October 3, 2018",Food & Drink,Phrase,On the Map,MAPLE TAFFY,C D M I,Ford Flex SEL,No,NA,36
"October 4, 2018",What Are You Doing?,Place,Show Biz,BIKING TO WORK,G C P O,"$36,000",No,NA,36
"October 5, 2018",Event,Thing,Around the House,VICTORY PARADE,P G H O,Ford Flex SEL,No,NA,36
"October 8, 2018",Around the House,Thing,Food & Drink,PORCELAIN GRAVY BOAT,P C D A,"$45,000",Yes,NA,36
"October 9, 2018",Living Thing,Phrase,What Are You Wearing?,GREYHOUND PUPPY,C D P I H,Mini Cooper convertible,No,NA,36
"October 10, 2018",What Are You Doing?,Occupation,Fun & Games,CAUSING AN UPROAR,D G P O,"$36,000",No,NA,36
"October 11, 2018",On the Map,Event,Living Things,PHOENIX AND FLAGSTAFF,C A M P,Mini Cooper convertible,No,NA,36
"October 12, 2018",Phrase,Thing,Person,MIGHTY FINE,D G P O,"$36,000",No,NA,36
"October 15, 2018",Food & Drink,On the Map,Event,APRICOT JAM,P G H O,"$36,000",No,NA,36
"October 16, 2018",Place,Thing,Living Things,PAVILION IN THE PARK,Y G H I,"$36,000",No,NA,36
"October 17, 2018",Event,Person,Living Things,BUYING A VEHICLE,C G H A,"$45,000",Yes,NA,36
"October 18, 2018",What Are You Wearing?,People,Thing,OLIVE KHAKIS,B K M I,Mazda CX-3,Yes,NA,36
"October 19, 2018",What Are You Doing?,Thing,Fun & Games,COMBING MY HAIR,H P D A,"$36,000",Yes,NA,36
"October 22, 2018",Around the House,Events,Phrase,BATH PRODUCTS,C H D A B,Chevrolet Traverse,Yes,NA,36
"October 23, 2018",Living Things,Thing,Food & Drink,COUGARS IN THE WILD,H C P A,Chevrolet Traverse,Yes,NA,36
"October 24, 2018",Phrase,Person,Thing,FUN TO WATCH,F H C A,"$45,000",Yes,NA,36
"October 25, 2018",Person,Living Thing,Phrase,A YOUTHFUL GUY,B D G O,"$36,000",No,NA,36
"October 26, 2018",Phrase,Place,Things,IN A FEW HOURS,D W Y A F,"$36,000",No,NA,36
"October 29, 2018",Phrase,Thing,Living Things,BEYOND DESCRIPTION,C G M I,"$36,000",No,NA,36
"October 30, 2018",Around the House,Event,Thing,FOLDING WORKBENCH,C H P O,"$36,000",Yes,NA,36
"October 31, 2018",What Are You Doing?,Thing,Living Things,MIXING PAINT,C P G A,Volkswagen Beetle convertible,Yes,NA,36
"November 1, 2018",Phrase,Places,Fun & Games,POISED FOR VICTORY,P G H O,"$36,000",No,NA,36
"November 2, 2018",What Are You Wearing?,Thing,Event,PAIR OF COWBOY BOOTS,C D H O,"$45,000",No,NA,36
"November 5, 2018",In the Kitchen,Person,Living Things,MICROWAVE EGG POACHER,C H M O,"$36,000",Yes,NA,36
"November 6, 2018",Thing,Phrase,Events,POSITIVE OUTCOME,C A M P,"$36,000",No,NA,36
"November 7, 2018",Place,On the Map,Around the House,VIDEO ARCADE,C H P O,Mazda CX-3,No,NA,36
"November 8, 2018",Fun & Games,Thing,Living Thing,NEW GOLF BAG,C D M O,"$36,000",No,NA,36
"November 9, 2018",Person,Living Things,Around the House,HEAVYWEIGHT BOXER,P H G A,"$100,000",No,NA,36
"November 12, 2018",People,Fun & Games,Phrase,JOYFUL PARTYGOERS,P C M O,"$36,000",No,NA,36
"November 13, 2018",Event,Thing,Living Things,A JOURNEY BY FOOT,D F C O,Toyota Highlander,No,NA,36
"November 14, 2018",Event,Thing,Food & Drink,ICY BLIZZARD,D H G O,"$36,000",No,NA,36
"November 15, 2018",Phrase,Events,Food & Drink,JUST A GLIMPSE,C D P O,Toyota Highlander,No,NA,36
"November 16, 2018",Phrase,Places,Food & Drink,I FOUND OUT,G D H A,"$100,000",Yes,NA,36
"November 19, 2018",What Are You Doing?,Thing,Person,BUBBLING OVER WITH JOY,H C D A Y,Toyota C-HR,No,NA,36
"November 20, 2018",Thing,Place,Food & Drink,QUOTE OF THE DAY,C D M I,"$45,000",No,NA,36
"November 21, 2018",On the Map,Phrase,Living Things,MADAGASCAR,M C P O,Toyota C-HR,No,NA,36
"November 22, 2018",Living Things,Phrase,Around the House,WOMBATS AND KOALAS,D W C O,"$36,000",No,NA,36
"November 23, 2018",What Are You Doing?,Person,Phrase,FIXING A GLITCH,M G D A P,"$36,000",Yes,NA,36
"November 26, 2018",Food & Drink,Things,Place,A BOWL OF YOGURT,B G F O,"$36,000",Yes,NA,36
"November 27, 2018",Events,Food & Drink,What Are You Doing?,POWER OUTAGES,C P M A,Alfa Romeo Stelvio,No,NA,36
"November 28, 2018",Phrase,Thing,Places,JUICY AND DELICIOUS,C M W A,"$36,000",No,NA,36
"November 29, 2018",What Are You Doing?,Phrase,Living Things,FLEXING MY BICEPS,G C D A,Alfa Romeo Stelvio,No,NA,36
"November 30, 2018",Phrase,Person,Thing,HIGHLY QUESTIONABLE,C D B I,"$36,000",No,NA,36
"December 3, 2018",Events,Person,Thing,PROMS AND GALAS,C H M O,"$36,000",No,NA,36
"December 4, 2018",Phrase,Place,Things,WAY ABOVE AVERAGE,H D M P A,"$36,000",Yes,NA,36
"December 5, 2018",What Are You Doing?,Thing,Person,OVERCOMING HURDLES,C H M O,"$36,000",Yes,NA,36
"December 6, 2018",Living Things,Event,Phrase,HAWKS IN FLIGHT,H M P O,Ford Escape,No,NA,36
"December 7, 2018",What Are You Wearing?,Show Biz,Thing,FUZZY PAJAMAS,P G H A,"$36,000",No,NA,36
"December 10, 2018",Phrase,Places,Living Things,YOU HAVE A CHOICE,C D G A,Mercedes-Benz CLA,Yes,NA,36
"December 11, 2018",What Are You Doing?,Events,Thing,PUSHING FORWARD,G H P O,Mercedes-Benz CLA,No,NA,36
"December 12, 2018",Phrase,Things,Place,OUT OF PRACTICE,C D P A,"$36,000",Yes,NA,36
"December 13, 2018",Food & Drink,Thing,Living Things,BOILED CABBAGE,P C H O,"$100,000",No,NA,36
"December 14, 2018",Phrase,Place,Thing,WORLDS APART,H P M A,"$45,000",Yes,NA,36
"December 17, 2018",Thing,Person,Food & Drink,HUGE WAVE,H M C A G,"$50,000",No,NA,36
"December 18, 2018",Living Thing,Thing,Event,NEWBORN FAWN,W B D O,"$36,000",Yes,NA,36
"December 19, 2018",What Are You Doing?,Person,Thing,DOCKING A BOAT,P G H O,"$36,000",No,NA,36
"December 20, 2018",What Are You Doing?,Thing,Phrase,APPLYING FOR A JOB,G B F A,"$36,000",No,NA,36
"December 21, 2018",Person,Thing,Food & Drink,PROSPECTIVE BUYER,B C F I,"$36,000",No,NA,36
"December 24, 2018",Event,Thing,Living Things,BUMPY FLIGHT,M B H A,"$36,000",No,NA,36
"December 25, 2018",What Are You Wearing?,Food & Drink,Thing,BAGGY JEANS,G B H A,"$36,000",Yes,NA,36
"December 26, 2018",Fun & Games,Person,Thing,DUMB JOKES,D G M O P,"$50,000",No,NA,36
"December 27, 2018",What Are You Doing?,Phrase,Thing,HAVING A LAUGH,B Y M U,"$36,000",No,NA,36
"December 28, 2018",Food & Drink,Thing,Show Biz,ZUCCHINI MUFFIN,G B P A,"$36,000",No,NA,36
"December 31, 2018",Food & Drink,Person,Phrase,DRIED MANGO,D C H O,"$36,000",Yes,NA,36
"January 1, 2019",Event,Thing,Show Biz,AMAZING DISCOVERY,C H M I W,Chevrolet Traverse,No,NA,36
"January 2, 2019",Food & Drink,Things,Living Things,BAG OF YUMMY CANDY,C D M A,"$36,000",No,NA,36
"January 3, 2019",What Are You Doing?,Phrase,Living Things,DOUBLE-PARKING,P H D O,Toyota Highlander,Yes,NA,36
"January 4, 2019",Person,Thing,Place,MATH PRODIGY,G Y M A,Volkswagen Tiguan,No,NA,36
"January 7, 2019",Event,Thing,Food & Drink,FAMILY PICNIC,D P C O M,"$36,000",Yes,NA,36
"January 8, 2019",Living Things,Thing,Places,FOXES AND HOUNDS,P M G A,"$36,000",No,NA,36
"January 9, 2019",Person,Phrase,Place,FINANCIAL BACKER,P D G O,"$45,000",No,NA,36
"January 10, 2019",Fun & Games,Place,Thing,BOBBING FOR APPLES,M H P O D,"$36,000",Yes,NA,36
"January 11, 2019",What Are You Doing?,Thing,Occupation,FLIPPING THROUGH PAGES,M P H O,"$1,000,000",No,NA,36
"January 14, 2019",Place,Phrase,Fun & Games,YOUR OWN BACKYARD,D M H O,"$36,000",Yes,NA,36
"January 15, 2019",What Are You Wearing?,Person,Things,FLOPPY BEACH HAT,C M P I,"$45,000",Yes,NA,36
"January 16, 2019",Thing,Show Biz,Place,ANNOYING BUZZER,G B D A,"$1,000,000",No,NA,36
"January 17, 2019",Food & Drink,Thing,Living Things,FANCY CUPCAKES,C D P O,Mercedes-Benz GLA,Yes,NA,36
"January 18, 2019",Fun & Games,Places,Things,BUYING VOWELS,C D G A,"$45,000",No,NA,36
"January 21, 2019",Person,Thing,Phrase,MUTUAL ACQUAINTANCE,M C D A B,Volkswagen Tiguan,Yes,NA,36
"January 22, 2019",Thing,Place,What Are You Doing?,BAFFLING DECISION,G P B O,"$36,000",No,NA,36
"January 23, 2019",Food & Drink,Person,Thing,RAW VEGGIES,D M G I,"$36,000",Yes,NA,36
"January 24, 2019",Person,Thing,Living Things,PUBLIC FIGURE,D H G O M,"$36,000",No,NA,36
"January 25, 2019",Fun & Games,Thing,Living Things,WATCHING A WORKOUT VIDEO,C H P A,"$100,000",No,NA,36
"January 28, 2019",Food & Drink,Show Biz,Thing,APPETIZING MEAL,D M H I,Mazda MX-5 Miata,No,NA,36
"January 29, 2019",What Are You Doing?,Thing,Event,WRITING A DAILY JOURNAL,J W D A,"$36,000",Yes,NA,36
"January 30, 2019",Phrase,People,Thing,GATHER YOUR WITS,H Y C A,"$36,000",Yes,NA,36
"January 31, 2019",Living Things,Thing,Places,HIPPOS AND GIRAFFES,D M H I,Mazda MX-5 Miata,No,NA,36
"February 1, 2019",Phrase,Thing,Occupations,DOUBLE THE AMOUNT,P D M O,"$36,000",Yes,NA,36
"February 4, 2019",Event,Place,Phrase,VERY HEAVY DOWNPOUR,M P H A,"$36,000",No,NA,36
"February 5, 2019",What Are You Doing?,Place,Things,DRAWING A BLANK,G P D A,"$45,000",No,NA,36
"February 6, 2019",Phrase,Thing,Food & Drink,QUIT GOOFING AROUND,H M D I,"$36,000",No,NA,36
"February 7, 2019",Living Things,Person,Things,DOVES AND OWLS,P C H O,"$36,000",Yes,NA,36
"February 8, 2019",Thing,People,What Are You Wearing?,A PROVEN FACT,A V C D,"$36,000",Yes,NA,36
"February 11, 2019",Event,Thing,Living Thing,ADVENTUROUS JOURNEY,G D H A,"$36,000",No,NA,36
"February 12, 2019",What Are You Wearing?,Place,Thing,HOODED CARDIGAN,C D M A,"$45,000",Yes,NA,36
"February 13, 2019",Place,Thing,Person,PAVED DRIVEWAY,P M G O,Jaguar E-PACE S,No,NA,36
"February 14, 2019",Place,Show Biz,Thing,COZY NOOK,C H P I,Jaguar E-PACE S,Yes,NA,36
"February 15, 2019",Food & Drink,Things,Living Thing,GOOEY TOPPING,C M P A,"$36,000",No,NA,36
"February 18, 2019",Place,Thing,Living Thing,MAJOR BOULEVARD,C H P I,Chevrolet Equinox,No,NA,36
"February 19, 2019",Thing,Place,Phrase,OBVIOUS QUESTION,C D M O,"$45,000",Yes,NA,36
"February 20, 2019",Food & Drink,Thing,Event,FROZEN BAGELS,D M B A,Chevrolet Equinox,Yes,NA,36
"February 21, 2019",Place,Things,Living Thing,BASE OF OPERATIONS,D B M O,"$36,000",Yes,NA,36
"February 22, 2019",Food & Drink,Phrase,Thing,PUMPKIN RAVIOLI,B C P A,Chevrolet Equinox,Yes,NA,36
"February 25, 2019",Living Things,Things,Around the House,WILD DAFFODILS,C D P I,"$36,000",Yes,NA,36
"February 26, 2019",Phrase,Place,Thing,JOT DOWN YOUR IDEAS,G Y P I,"$36,000",No,NA,36
"February 27, 2019",Person,Things,Living Thing,BINGO PLAYER,P M Y A,"$36,000",No,NA,36
"February 28, 2019",Places,Thing,Phrase,BIKE PATHS,C G H I,"$36,000",Yes,NA,36
"March 1, 2019",Place,Event,Thing,A VERY BIG HOUSE,P D H O,"$36,000",Yes,NA,36
"March 4, 2019",Fun & Games,Thing,Living Thing,JACK OF DIAMONDS,C P D O,"$36,000",Yes,NA,36
"March 5, 2019",Person,Events,Phrase,AVID GOLF FAN,G M D O,Ford Edge,No,NA,36
"March 6, 2019",Thing,Phrase,Place,FRAGRANT BOUQUET,C D M A,"$36,000",No,NA,36
"March 7, 2019",Phrase,Thing,Occupations,CHECK BACK WITH US,H M D I,"$36,000",No,NA,36
"March 8, 2019",Place,Thing,Living Thing,A COOL HOBBY SHOP,C D H O,"$45,000",No,NA,36
"March 11, 2019",Fun & Games,Things,Person,JOKE OF THE DAY,D P M A,"$36,000",No,NA,36
"March 12, 2019",Food & Drink,Event,Phrase,THICK GUMBO,M C D O,"$36,000",No,NA,36
"March 13, 2019",Person,Place,Thing,COMPANY FOUNDER,C D M A,"$36,000",No,NA,36
"March 14, 2019",Event,Thing,Living Thing,DELIGHTFUL BANQUET,M D G I,"$36,000",Yes,NA,36
"March 15, 2019",Living Things,Place,Thing,POD OF WHALES,C D P O,Nissan Versa and Jaguar E-PACE,Yes,NA,36
"March 18, 2019",Phrase,Thing,Food & Drink,IT MIGHT BE HELPFUL,F H M O,Volkswagen Golf,Yes,NA,36
"March 19, 2019",Place,Thing,Fun & Games,CROWDED WHARF,P G H O,"$36,000",No,NA,36
"March 20, 2019",What Are You Doing?,Things,Phrase,FIXING MY HAIR,G D C O H,"$36,000",No,NA,36
"March 21, 2019",Phrase,Thing,Living Thing,BOUNCE AROUND,C M G A,Volkswagen Golf,No,NA,36
"March 22, 2019",What Are You Doing?,Thing,Phrase,ACTING GOOFY,C G M A,Volkswagen Golf,Yes,NA,36
"March 25, 2019",Living Thing,Thing,Phrase,PACIFIC HALIBUT,D M H A F,"$36,000",No,NA,36
"March 26, 2019",Thing,Event,Phrase,PHILANTHROPIC ORGANIZATION,P C D A,Mini Countryman,No,NA,36
"March 27, 2019",Thing,Events,Food & Drink,A BOX OF GOODIES,P G F A,Mini Countryman,No,NA,36
"March 28, 2019",Phrase,Place,Thing,I WAS KIDDING,G H D A,Mini Countryman,Yes,NA,36
"March 29, 2019",Phrase,Living Thing,What Are You Doing?,YOU MAY HAVE A POINT,H M P A,"$36,000",No,NA,36
"April 1, 2019",Phrase,Event,Thing,I HOPE YOU JOIN,H D C A,"$36,000",No,NA,36
"April 2, 2019",Around the House,Place,Thing,PUFFY QUILT,H M P O,"$45,000",No,NA,36
"April 3, 2019",Food & Drink,Thing,What Are You Doing?,YUMMY FIGS AND OLIVES,P D M I,"$36,000",No,NA,36
"April 4, 2019",Place,Phrase,Thing,OUR FAVORITE HANGOUT,G D C I,"$100,000",No,NA,36
"April 5, 2019",Event,Thing,Show Biz,GLITZY AFFAIR,P G H O B,"$100,000",No,NA,36
"April 8, 2019",People,Thing,Living Thing,AUTHORS AND BLOGGERS,P M C O,"$36,000",No,NA,36
"April 9, 2019",People,Place,Thing,JOB APPLICANTS,P H D O,"$36,000",Yes,NA,36
"April 10, 2019",Person,Things,Place,HIGH ACHIEVER,C D M O,Ford Edge,No,NA,36
"April 11, 2019",Food & Drink,Thing,What Are You Doing?,CUBED HAM,H M D A,"$36,000",No,NA,36
"April 12, 2019",Food & Drink,Show Biz,Thing,AVOCADO APPETIZER,C D P A,"$45,000",No,NA,36
"April 15, 2019",Phrase,People,Thing,HAPPY AND JOYFUL,P G H O,BMW X1,No,NA,36
"April 16, 2019",What Are You Doing?,Things,Living Thing,WALKING MY DOG,C M G I,BMW X1,Yes,NA,36
"April 17, 2019",Place,Thing,Phrase,QUAINT CABIN,C B M A,"$36,000",Yes,NA,36
"April 18, 2019",Food & Drink,Thing,Living Thing,FABULOUS WEDDING CAKE,C D M O,"$36,000",Yes,NA,36
"April 19, 2019",Events,Thing,Place,HOLIDAY BASHES,D H P A,BMW X1,Yes,NA,36
"April 22, 2019",Phrase,Event,Thing,BOUND FOR HOME,G P H O,"$36,000",No,NA,36
"April 23, 2019",Thing,Place,Phrase,A QUICK OVERVIEW,P H D A,"$36,000",No,NA,36
"April 24, 2019",Thing,On the Map,What Are You Doing?,AWKWARD PAUSE,P G H A,"$36,000",No,NA,36
"April 25, 2019",Place,Thing,Phrase,HIDDEN CAVE,C G D I,"$36,000",Yes,NA,36
"April 26, 2019",People,Thing,What Are You Doing?,A BUNCH OF GOOD KIDS,D C B A,"$36,000",Yes,NA,36
"April 29, 2019",Phrase,Show Biz,Thing,ZOMBIE MOVIE,C G M I,Fiat Spider,No,NA,36
"April 30, 2019",What Are You Doing?,Things,Person,PAYING WITH CASH,H B P O,"$45,000",No,NA,36
"May 1, 2019",Place,Person,Thing,FASHIONABLE BOUTIQUE,D G H O,"$36,000",No,NA,36
"May 2, 2019",Occupations,Thing,Event,JUDGE AND BAILIFF,D M P A,Fiat Spider,No,NA,36
"May 3, 2019",Phrase,Thing,Living Things,KEEP FORGING AHEAD,G D M I,Fiat Spider,No,NA,36
"May 6, 2019",Event,Phrase,Things,MAJOR VOYAGE,C G H O P,"$36,000",No,NA,36
"May 7, 2019",What Are You Doing?,Phrase,Living Thing,BLUFFING,G H C O,Mercedes-Benz CLA,No,NA,36
"May 8, 2019",Phrase,Person,Thing,QUICK TO JUDGE,D M F O,"$36,000",No,NA,36
"May 9, 2019",What Are You Doing?,Thing,Living Thing,WAKING UP AT DAWN,G H C I,"$36,000",No,NA,36
"May 10, 2019",Phrase,Thing,People,SO MUCH HYPE,M C G O,Mercedes-Benz CLA,No,NA,36
"May 13, 2019",Food & Drink,Thing,Phrase,FOAMY BEVERAGE,D C P I,"$36,000",No,NA,36
"May 14, 2019",People,Phrase,Things,HAPPY BABIES,C H P O,"$36,000",No,NA,36
"May 15, 2019",What Are You Doing?,Thing,Phrase,WORKING IT OFF,G H M I,"$36,000",No,NA,36
"May 16, 2019",Person,Phrase,Thing,QUIRKY AUTHOR,F G H O,"$36,000",No,NA,36
"May 17, 2019",Phrase,Things,Living Thing,I OWE YOU A FAVOR,H D P O,"$36,000",No,NA,36
"May 20, 2019",What Are You Doing?,Thing,Event,BUZZING AROUND TOWN,H C G A,Ford Mustang convertible,No,NA,36
"May 21, 2019",Phrase,Thing,Living Things,QUITE A BIT,C H G A D,"$36,000",No,NA,36
"May 22, 2019",Phrase,Thing,Living Thing,YOU WON THE JACKPOT,C H M A,"$36,000",No,NA,36
"May 23, 2019",What Are You Doing?,Phrase,Thing,PACKING,B K M I,"$36,000",No,NA,36
"May 24, 2019",Place,Show Biz,Things,BACKYARD HIDEAWAY,D G P O,"$36,000",No,NA,36
"May 27, 2019",People,Phrase,Things,HOCKEY MOMS,H D G O,"$36,000",Yes,NA,36
"May 28, 2019",What Are You Doing?,Things,Fun & Games,MOVING AWAY,M H D O,"$36,000",No,NA,36
"May 29, 2019",On the Map,Thing,People,WYOMING AND THE DAKOTAS,C D M A H,Fiat Spider,No,NA,36
"May 30, 2019",What Are You Doing?,Phrase,Thing,WAVING,M D G O,"$100,000",No,NA,36
"May 31, 2019",What Are You Doing?,Thing,Phrase,PICKING MY OUTFIT,G H C O,Mercedes-Benz CLA,No,NA,36
"June 3, 2019",What Are You Doing?,Thing,Living Thing,JUMPING ON THE BANDWAGON,D M G O,"$45,000",No,NA,36
"June 4, 2019",Thing,Place,Phrase,A VIVID PHOTO,D M H O,"$36,000",No,NA,36
"June 5, 2019",Thing,Phrase,What Are You Doing?,AMAZING BODY OF WORK,F C M A,Toyota 4Runner,No,NA,36
"June 6, 2019",Living Thing,Thing,Fun & Games,SWIFT JACKRABBIT,B D P O H,"$36,000",No,NA,36
"June 7, 2019",What Are You Doing?,Thing,Phrase,JOINING A CLUB,P G M A,Toyota 4Runner,No,NA,36
"September 9, 2019",On the Map,Thing,Phrase,BOISE IDAHO,M D C O,Ford Edge,Yes,NA,37
"September 10, 2019",Places,Thing,Living Thing,DOCKS AND PIERS,H M G O,"$37,000",No,NA,37
"September 11, 2019",Food & Drink,Phrase,Thing,QUART OF SOY MILK,P H G O,"$37,000",No,NA,37
"September 12, 2019",Thing,Person,What Are You Wearing?,A TRICKY MOVE,C M P A,Ford Edge,Yes,NA,37
"September 13, 2019",People,Things,Phrase,JUDGES AND JURIES,D M P O,"$37,000",No,NA,37
"September 16, 2019",Place,Thing,Phrase,ROOMY OFFICE,M H B O,"$37,000",Yes,NA,37
"September 17, 2019",Phrase,Thing,What Are You Doing?,TOO QUICKLY,C Y M O,Chevrolet Blazer,Yes,NA,37
"September 18, 2019",Thing,Phrase,Food & Drink,ABBREVIATION,C G H O,"$37,000",No,NA,37
"September 19, 2019",Living Thing,Thing,Phrase,BEAUTIFUL ORCHID,P C G O M,Chevrolet Blazer,No,NA,37
"September 20, 2019",Phrase,Person,Thing,YOU HAVE TO WAIT,G H P O,Chevrolet Blazer,No,NA,37
"September 23, 2019",What Are You Doing?,Thing,Phrase,BEAMING WITH PRIDE,P B C I,"$37,000",Yes,NA,37
"September 24, 2019",Thing,Person,What Are You Wearing?,PRIZED AUTOGRAPH,D C M A,"$37,000",No,NA,37
"September 25, 2019",Phrase,Thing,Around the House,DIFFICULT TO COMPREHEND,P C A F,Mercedes-Benz GLA,Yes,NA,37
"September 26, 2019",Fun & Games,Thing,Phrase,TOY BUILDING BLOCKS,G C B A,"$45,000",Yes,NA,37
"September 27, 2019",Phrase,Food & Drink,Things,THE WHOLE PACKAGE,H C M O,"$45,000",No,NA,37
"September 30, 2019",Phrase,Food & Drink,Thing,JUST ON A WHIM,C M D A H,Ford Mustang convertible,Yes,NA,37
"October 1, 2019",Phrase,Thing,What Are You Wearing?,BUBBLING OVER,P M C O,"$45,000",No,NA,37
"October 2, 2019",Place,Person,Things,FRIGID LAKE,D B C O,"$37,000",No,NA,37
"October 3, 2019",Phrase,Food & Drink,Living Thing,JOGGING YOUR MEMORY,C M D O,"$37,000",No,NA,37
"October 4, 2019",What Are You Doing?,Thing,Phrase,LOWERING THE BOOM,H P B O,"$37,000",No,NA,37
"October 7, 2019",What Are You Wearing?,Place,Things,HEAVY JACKET,C K P A,"$37,000",Yes,NA,37
"October 8, 2019",Phrase,Thing,Living Thing,BARELY ABOVE A WHISPER,C M P O,"$45,000",Yes,NA,37
"October 9, 2019",People,Things,Living Thing,YOUNG KIDS,G H B A,Mazda CX-5,No,NA,37
"October 10, 2019",What Are You Doing?,People,Living Thing,OUTFOXING THE COMPETITION,C D A M,"$37,000",No,NA,37
"October 11, 2019",What Are You Wearing?,Person,Living Thing,PLAID BLAZER,P M C A,Mazda CX-5,Yes,NA,37
"October 14, 2019",Phrase,Things,Living Thing,IT FAILED TO BUDGE,D M P A C,GMC Terrain,No,NA,37
"October 15, 2019",What Are You Doing?,Phrase,Thing,GIVING MY DOG A BATH,C D P A,GMC Terrain,No,NA,37
"October 16, 2019",What Are You Doing?,Thing,Phrase,GRABBING A QUICK BITE,G C M I,"$37,000",No,NA,37
"October 17, 2019",Phrase,Thing,Food & Drink,VERY DEBATABLE,B M D A C,"$37,000",Yes,NA,37
"October 18, 2019",Things,People,Living Things,PATCHES OF FOG,M G C O F,"$37,000",Yes,NA,37
"October 21, 2019",Thing,Phrase,Food & Drink,A QUIET VOICE,D C P A,"$37,000",No,NA,37
"October 22, 2019",Place,Thing,Living Things,WIDE FAIRWAY,P G H O,"$50,000",No,NA,37
"October 23, 2019",Person,Place,Thing,HAPPY WIFE,G C M A,"$37,000",No,NA,37
"October 24, 2019",Food & Drink,Thing,Phrase,A BOWL OF SPICY GUMBO,C H P A,"$37,000",No,NA,37
"October 25, 2019",People,Thing,Food & Drink,A GROUP OF BOYS,M D H I K,Toyota RAV4,No,NA,37
"October 28, 2019",Food & Drink,Place,Thing,GOOEY FUDGE BROWNIE,D G C I,"$37,000",Yes,NA,37
"October 29, 2019",Phrase,Event,Thing,JOIN US,C D M U,Mini Cooper convertible,Yes,NA,37
"October 30, 2019",Living Thing,Phrase,Thing,ADORABLE FAWN,B G P A,"$37,000",Yes,NA,37
"October 31, 2019",Food & Drink,Thing,Fun & Games,DELICIOUS WINGS,D C O M,"$45,000",No,NA,37
"November 1, 2019",What Are You Doing?,Thing,Living Thing,WATCHING A VIDEO,P G H O,"$37,000",Yes,NA,37
"November 4, 2019",Phrase,Things,Living Things,A THING OF BEAUTY,M P D I,"$45,000",Yes,NA,37
"November 5, 2019",Food & Drink,Thing,Phrase,COOKED YAMS,D M F O,"$37,000",Yes,NA,37
"November 6, 2019",Phrase,People,Thing,ABOUT TO FIND OUT,W D M O,"$37,000",Yes,NA,37
"November 7, 2019",Phrase,Fun & Games,Thing,YOU OWE ME A FAVOR,B H D A G,"$37,000",No,NA,37
"November 8, 2019",Food & Drink,Phrase,Thing,BUFFALO JERKY,P H G O,"$37,000",No,NA,37
"November 11, 2019",Food & Drink,Thing,Phrase,ORGANIC FRUIT JUICE,F D M I,Ford Edge,No,NA,37
"November 12, 2019",What Are You Wearing?,Person,Food & Drink,FANCY BOOTS,C H P A,"$37,000",Yes,NA,37
"November 13, 2019",Fun & Games,Person,Around the House,BACKGAMMON BOARD,D M P O,"$37,000",Yes,NA,37
"November 14, 2019",Around the House,Phrase,Thing,WOODEN FLOWER BOXES,D M B O,"$37,000",No,NA,37
"November 15, 2019",Event,Thing,Food & Drink,DRAMATIC FACE-OFF,P M D O,GMC Terrain,Yes,NA,37
"November 18, 2019",What Are You Doing?,Event,Phrase,FOCUSING ON MY JOB,C D M A,Buick Encore,No,NA,37
"November 19, 2019",Place,Thing,Around the House,UPPER DECK,D M C A,"$37,000",Yes,NA,37
"November 20, 2019",What Are You Doing?,Thing,Event,WIPING MY BROW,C D H A,Buick Encore,No,NA,37
"November 21, 2019",Phrase,Thing,Person,WITHOUT FAIL,M D G O,"$37,000",No,NA,37
"November 22, 2019",What Are You Doing?,Thing,Phrase,MAKING A QUICK BUCK,D C M O,Buick Encore,No,NA,37
"November 25, 2019",Phrase,Thing,Person,JUICY AND SAVORY,D C P A,Volkswagen Beetle convertible,No,NA,37
"November 26, 2019",What Are You Doing?,Thing,Place,FLEXING MY QUADS,C D H O,Volkswagen Beetle convertible,No,NA,37
"November 27, 2019",Fun & Games,Thing,What Are You Doing?,WORD PUZZLE,C D G A,"$37,000",No,NA,37
"November 28, 2019",Event,Thing,Phrase,JOYOUS AFFAIR,P G C U,"$100,000",No,NA,37
"November 29, 2019",Fun & Games,Thing,Phrase,KAYAKING IN A LAGOON,C H P O,"$37,000",No,NA,37
"December 2, 2019",Thing,Event,Show Biz,UPBEAT VIBE,C D H A,"$37,000",No,NA,37
"December 3, 2019",What Are You Doing?,Thing,Person,FIXING BRUNCH,D G W O,"$37,000",No,NA,37
"December 4, 2019",Living Thing,Things,Fun & Games,PLAYFUL FOXHOUND,F P C O,"$37,000",No,NA,37
"December 5, 2019",Phrase,Thing,Living Thing,I HAVE TO FOCUS,C G M O,"$37,000",No,NA,37
"December 6, 2019",Event,Thing,Place,YEARLY COMPANY BASH,G H P A,"$37,000",Yes,NA,37
"December 9, 2019",Phrase,Thing,Living Thing,ON YOUR BEHALF,B Y D O H,"$37,000",Yes,NA,37
"December 10, 2019",Phrase,People,Thing,OUT OF VIEW,H P G O,"$37,000",No,NA,37
"December 11, 2019",Place,Phrase,Thing,QUIET BOULEVARD,H G F O,"$37,000",No,NA,37
"December 12, 2019",Phrase,Person,Things,MAYBE I WAS BLUFFING,M C B I P,"$37,000",No,NA,37
"December 13, 2019",Phrase,Thing,Living Things,I JOINED A GYM,P H C A,"$37,000",No,NA,37
"December 16, 2019",Phrase,Thing,Living Thing,I OWE YOU A HUGE FAVOR,C D H A,"$37,000",No,NA,37
"December 17, 2019",Thing,Phrase,What Are You Doing?,QUICK COMEBACK,P C G A,"$37,000",Yes,NA,37
"December 18, 2019",Phrase,Thing,Living Things,WORTHY OF ADMIRATION,P G H O,"$37,000",No,NA,37
"December 19, 2019",Event,Thing,Around the House,AN EPIC JOURNEY,J Y D O,"$37,000",Yes,NA,37
"December 20, 2019",Fun & Games,Thing,What Are You Doing?,PLAYING A JOKE,P M H A,"$37,000",No,NA,37
"December 30, 2019",Thing,Food & Drink,Living Thing,OBVIOUS FACT,G D C O,"$37,000",Yes,NA,37
"December 31, 2019",Phrase,Things,Living Thing,HIGHLY OPINIONATED,H D M I,"$37,000",No,NA,37
"January 1, 2020",Living Things,Thing,Phrase,BOAS AND PYTHONS,C D M I,"$37,000",No,NA,37
"January 2, 2020",Phrase,Thing,Around the House,HAVING IT BOTH WAYS,G M C I D,"$37,000",No,NA,37
"January 3, 2020",Person,Thing,Place,FINANCIAL WHIZ,C F D O,"$37,000",Yes,NA,37
"January 6, 2020",Living Thing,Thing,Phrase,BUDDING FLOWER,B W H O,"$37,000",No,NA,37
"January 7, 2020",Event,Thing,Phrase,UPCOMING JOB FAIR,G C M I,"$37,000",No,NA,37
"January 8, 2020",What Are You Doing?,Place,Thing,BUILDING A FOUNDATION,G B M A,"$45,000",No,NA,37
"January 9, 2020",Phrase,Thing,Around the House,ABOUT TO BEGIN,M C H O,Volkswagen Golf,Yes,NA,37
"January 10, 2020",Food & Drink,Things,Phrase,VEGGIE WRAP,C H P O,"$37,000",No,NA,37
"January 13, 2020",Food & Drink,Things,Phrase,HOMEMADE FIG JAM,P H C O,"$37,000",No,NA,37
"January 14, 2020",Thing,Person,Phrase,COMPLEX MAZE,C M J I,Ford Escape,No,NA,37
"January 15, 2020",What Are You Doing?,Phrase,Thing,MOVING ONWARD,H P M A,"$37,000",No,NA,37
"January 16, 2020",Show Biz,Thing,What Are You Wearing?,OFFBEAT MOVIE,H M C A,Ford Escape,No,NA,37
"January 17, 2020",Phrase,Thing,Living Thing,ABOVE AND BELOW,H W M O,"$50,000",Yes,NA,37
"January 20, 2020",Phrase,Thing,Living Thing,EMBARK ON A VOYAGE,C M P A,Mini Cooper,No,NA,37
"January 21, 2020",Around the House,Phrase,Thing,OLD VINYL ALBUMS,D F C O,"$37,000",No,NA,37
"January 22, 2020",Phrase,Thing,Living Thing,BOUGHT AND PAID FOR,D B C O,"$37,000",Yes,NA,37
"January 23, 2020",Food & Drink,Phrase,Things,HANDPICKED APPLE,H P D A,"$37,000",Yes,NA,37
"January 24, 2020",Phrase,Place,Thing,FUZZY AND WARM,C H D O,Mini Cooper,No,NA,37
"January 27, 2020",What Are You Doing?,Thing,Phrase,WORKING FROM HOME,C M D I,"$37,000",Yes,NA,37
"January 28, 2020",Living Thing,Thing,Phrase,BABY GIRAFFE,H P G O,"$37,000",No,NA,37
"January 29, 2020",What Are You Doing?,Thing,Phrase,KICKING BACK,G M F A,"$45,000",No,NA,37
"January 30, 2020",Phrase,Thing,What Are You Wearing?,HAVE A FIELD DAY,D M C I B,Volkswagen Tiguan,Yes,NA,37
"January 31, 2020",Phrase,Place,Thing,IT DIDN'T FAZE ME A BIT,M C G I,"$37,000",No,NA,37
"February 3, 2020",What Are You Wearing?,Phrase,Thing,FLOWING CAPE,C M P A,"$37,000",Yes,NA,37
"February 4, 2020",Phrase,Thing,Living Thing,HIGHLY QUALIFIED,D C M A,"$37,000",No,NA,37
"February 5, 2020",Thing,Living Thing,Place,FIXED GAZE,D M G A,Cadillac XT4,No,NA,37
"February 6, 2020",What Are You Doing?,Thing,Phrase,BUYING A JUICER,P C D O,"$37,000",Yes,NA,37
"February 7, 2020",Living Thing,Thing,Phrase,FAITHFUL WATCHDOG,D M P A,"$45,000",No,NA,37
"February 10, 2020",Phrase,Place,Thing,OUR JAWS DROPPED,B M H O,"$37,000",No,NA,37
"February 11, 2020",Phrase,Things,Living Things,A WORD OF CAUTION,M D H A,Mercedes-Benz GLA,No,NA,37
"February 12, 2020",People,Event,Thing,OUTDOORSY GUYS,B M H U,"$37,000",No,NA,37
"February 13, 2020",Phrase,Thing,Place,DON'T WAKE THE KIDS,D H P O,"$37,000",No,NA,37
"February 14, 2020",What Are You Doing?,Thing,Phrase,PICKING AND CHOOSING,G D C A,"$37,000",No,NA,37
"February 17, 2020",Phrase,Place,Thing,SOMEWHAT AWKWARD,C H D A,"$37,000",Yes,NA,37
"February 18, 2020",Phrase,Thing,Food & Drink,FIDDLE AROUND,C D G O,"$45,000",No,NA,37
"February 19, 2020",Living Thing,Thing,Phrase,BROWN FALCON,G C F O,"$37,000",Yes,NA,37
"February 20, 2020",Things,Place,Phrase,VOLUMES OF BOOKS,F D C O,"$37,000",No,NA,37
"February 21, 2020",Fun & Games,Thing,Living Things,MAKING PEOPLE LAUGH,G P C O,Pair of Mini Coopers,No,NA,37
"February 24, 2020",Phrase,Thing,Living Thing,I FOUND IT BAFFLING,G D P O,"$37,000",No,NA,37
"February 25, 2020",Thing,Place,Phrase,FAMOUS QUOTE,C H M I,Jeep Compass,No,NA,37
"February 26, 2020",What Are You Wearing?,Phrase,Thing,BAGGY KHAKIS,D M P O H,"$100,000",No,NA,37
"February 27, 2020",What Are You Doing?,Thing,Phrase,WRAPPING A PACKAGE,B C G A,Jeep Compass,Yes,NA,37
"February 28, 2020",Around the House,Phrase,Thing,COMFY SOFA BED,B M D A,"$37,000",Yes,NA,37
"March 2, 2020",Living Things,Place,Thing,HOOTING OWLS,G M C O,Jeep Wrangler,Yes,NA,37
"March 3, 2020",Phrase,Person,Thing,VACUUM THE HOUSE,M C P O,"$37,000",Yes,NA,37
"March 4, 2020",Phrase,Thing,Living Things,IMPROVED QUALITY,Y D F O,"$37,000",No,NA,37
"March 5, 2020",Things,Phrase,What Are You Doing?,VALOR AND BRAVERY,C D P O,"$37,000",Yes,NA,37
"March 6, 2020",Living Thing,Thing,Phrase,AFGHAN HOUND,G C M O,"$37,000",No,NA,37
"March 9, 2020",Phrase,Thing,Living Thing,FOCUS ON YOUR WORK,P F H O,Ford Escape,Yes,NA,37
"March 10, 2020",What Are You Doing?,Things,Phrase,UPLOADING VIDEOS,C D M I,Cadillac XT4,No,NA,37
"March 11, 2020",What Are You Doing?,Phrase,Thing,BEING GOOFY,C H D A,"$37,000",No,NA,37
"March 12, 2020",Person,Place,Thing,JAZZ LOVER,C M P A,Mercedes-Benz SUV,No,NA,37
"March 13, 2020",Phrase,Thing,Fun & Games,ALWAYS BE HAPPY,P G H I,"$50,000",No,NA,37
"March 16, 2020",What Are You Doing?,Phrase,Thing,APPLYING MYSELF,C H G A,Mazda CX-30,No,NA,37
"March 17, 2020",Place,Things,Phrase,WAVY OCEAN,C W V A,"$37,000",Yes,NA,37
"March 18, 2020",Phrase,Thing,Living Things,OF EQUAL VALUE,G D H O,Mazda CX-30,No,NA,37
"March 19, 2020",Occupation,Thing,What Are You Doing?,PARK GUIDE,P C D A,"$37,000",No,NA,37
"March 20, 2020",What Are You Doing?,Things,Phrase,PACKING OUR BAGS,P G D I,"$37,000",No,NA,37
"March 23, 2020",Phrase,Things,Living Things,A WHOLE LOT OF HYPE,M P G I H,Toyota 4Runner,Yes,NA,37
"March 24, 2020",Place,Thing,Living Thing,BUFFER ZONE,D C H O M,"$37,000",No,NA,37
"March 25, 2020",What Are You Doing?,Things,Phrase,WORKING ON MY BACKHAND,C D M A,Toyota 4Runner,Yes,NA,37
"March 26, 2020",Fun & Games,Things,Phrase,DUNKING BOOTH,M C B A,"$37,000",No,NA,37
"March 27, 2020",Phrase,Thing,Person,HOP ON THE BANDWAGON,M P C A,Toyota 4Runner,Yes,NA,37
"April 6, 2020",Place,Thing,What Are You Doing?,GRAND LOBBY,G H D A F,"$45,000",Yes,NA,37
"April 7, 2020",Living Thing,Thing,Phrase,CUDDLY KOALA,D H M O,"$37,000",No,NA,37
"April 8, 2020",Phrase,Event,Thing,IN A ROUNDABOUT WAY,D W B A,BMW X2,Yes,NA,37
"April 9, 2020",Living Things,Thing,Phrase,PAIR OF JACKRABBITS,P C H O,"$37,000",No,NA,37
"April 10, 2020",Food & Drink,Event,Thing,THICK FLUFFY PANCAKE,C H F O,Mercedes-Benz GLB,Yes,NA,37
"April 20, 2020",Phrase,Fun & Games,Thing,WALK YOUR BIKE,H M C I,"$37,000",No,NA,37
"April 21, 2020",Thing,Event,What Are You Doing?,A FIRM OFFER,D H P O,"$37,000",No,NA,37
"April 22, 2020",Phrase,Thing,Food & Drink,JOT DOWN A FEW WORDS,C H M I D,"$37,000",Yes,NA,37
"April 23, 2020",Thing,Phrase,What Are You Doing?,AN INFORMED OPINION,P M G O,"$37,000",Yes,NA,37
"April 24, 2020",Event,Things,What Are You Doing?,A GLORIOUS OCCASION,C D G O,"$50,000",Yes,NA,37
"April 27, 2020",Phrase,Thing,Living Things,BACK IN A JIFFY,D H M A,"$37,000",No,NA,37
"April 28, 2020",What Are You Wearing?,Thing,Fun & Games,A GLITZY OUTFIT,C H P A,"$100,000",No,NA,37
"April 29, 2020",What Are You Doing?,Phrase,Thing,VIEWING A VIDEO,C D B A,"$37,000",No,NA,37
"April 30, 2020",Event,Person,Thing,LAVISH BANQUET,G H B O,"$37,000",Yes,NA,37
"May 1, 2020",Phrase,Place,Things,BEYOND DISPUTE,D G C A,"$37,000",No,NA,37
"August 3, 2020",Living Things,Things,Phrase,WOLVES AND JACKALS,C H P O,Mercedes-Benz GLB,Yes,NA,37
"August 4, 2020",Food & Drink,Thing,What Are You Wearing?,APPETIZING DISH,D M H I,"$37,000",No,NA,37
"August 5, 2020",Food & Drink,Fun & Games,Thing,LIGHT CRISPY WAFFLE,F M D O,Mercedes-Benz GLB,No,NA,37
"August 6, 2020",What Are You Doing?,Phrase,Thing,BROWSING THROUGH A BOOK,C H P A,"$50,000",No,NA,37
"August 7, 2020",Living Thing,Thing,Phrase,A YOUNG HIPPO,G C P A,"$37,000",No,NA,37
"August 31, 2020",Fun & Games,Event,Thing,A GOLF OUTING,G C B I,Ford Mustang,No,NA,37
"September 1, 2020",Place,Thing,Event,COZY OFFICE,P H G O,"$37,000",No,NA,37
"September 2, 2020",Thing,Phrase,Living Things,VALUABLE ADVICE,D M P O,"$50,000",No,NA,37
"September 3, 2020",Living Things,Phrase,Thing,GROUP OF WILD BOARS,D F C A,"$37,000",Yes,NA,37
"September 4, 2020",What Are You Doing?,Thing,Phrase,COOKING WITH A WOK,C M B A,"$37,000",No,NA,37
"September 8, 2020",Fun & Games,Event,Phrase,A QUICK JOG DURING LUNCH,C G F A M,"$45,000",No,NA,37
"September 10, 2020",Event,Thing,Place,MOVING TO THE CITY,P M C O,Mazda MX-5 Miata,Yes,NA,37
"September 14, 2020",Things,Event,Phrase,POPULAR FADS,H G D A,BMW i3,Yes,NA,38
"September 15, 2020",Phrase,Thing,What Are You Doing?,AT FACE VALUE,P D M A,BMW i3,No,NA,38
"September 16, 2020",Food & Drink,Things,In the Kitchen,JUICY BURGERS,C D M A,BMW i3,No,NA,38
"September 17, 2020",Living Things,Place,Thing,DOLPHINS AT PLAY,P C Y A,BMW i3,Yes,NA,38
"September 18, 2020",Event,Phrase,Thing,ROYAL BANQUET,C D M O,"$45,000",No,NA,38
"September 21, 2020",Event,Phrase,Thing,GALA AFFAIR,C D M A,"$38,000",No,NA,38
"September 22, 2020",Phrase,Thing,What Are You Doing?,JOIN THE GROUP,P G H O,Mazda CX-30,Yes,NA,38
"September 23, 2020",Place,Person,Thing,MAJOR CITY,C M P A,"$100,000",No,NA,38
"September 24, 2020",Person,Things,Phrase,VISIONARY GENIUS,M P G A,"$38,000",Yes,NA,38
"September 25, 2020",Thing,Food & Drink,Phrase,AMBITIOUS GOAL,P M D A,"$38,000",Yes,NA,38
"September 28, 2020",Phrase,People,Thing,BEYOND ALL DOUBT,P C H A,"$38,000",No,NA,38
"September 29, 2020",Around the House,Thing,Food & Drink,THICK QUILT,C M P A,"$45,000",No,NA,38
"September 30, 2020",In the Kitchen,Person,Thing,CERAMIC MIXING BOWLS,B G C O,"$50,000",Yes,NA,38
"October 1, 2020",Food & Drink,Event,Thing,HOMEMADE TAFFY,D F C O,"$38,000",Yes,NA,38
"October 2, 2020",Phrase,Event,Thing,THAT WOULD BE IDEAL,B C D A,"$38,000",Yes,NA,38
"October 5, 2020",Living Things,People,Phrase,BABY KOALAS,M D C A,"$45,000",No,NA,38
"October 6, 2020",What Are You Doing?,Phrase,Event,WALKING AROUND,G F Y I,"$38,000",No,NA,38
"October 7, 2020",Occupation,Things,Phrase,PRIVATE CHEF,C P H I,"$38,000",Yes,NA,38
"October 8, 2020",Phrase,Person,Thing,IN PLAIN VIEW,C M P A G,Mini Cooper convertible,Yes,NA,38
"October 9, 2020",Phrase,Things,What Are You Wearing?,QUALIFIED FOR THE JOB,C P G A,Mini Cooper convertible,No,NA,38
"October 12, 2020",Place,Thing,What Are You Wearing?,MY FAVORITE HANGOUT,C P D O,"$100,000",Yes,NA,38
"October 13, 2020",What Are You Doing?,Thing,Phrase,OFFERING A HAND,G M D I,Ford Escape,No,NA,38
"October 14, 2020",Phrase,People,Thing,YOUNG AND BRASH,D C H O,"$38,000",No,NA,38
"October 15, 2020",Phrase,Thing,Food & Drink,BUZZING WITH ACTIVITY,G H P O,Ford Escape,No,NA,38
"October 16, 2020",Food & Drink,Person,Thing,QUART OF WHOLE MILK,C H P O,Ford Escape,No,NA,38
"October 19, 2020",Food & Drink,Phrase,Thing,A DOZEN BAGELS,A F D M,"$38,000",Yes,NA,38
"October 20, 2020",Phrase,Event,Thing,I APPLAUD YOU,P H G O,"$38,000",No,NA,38
"October 21, 2020",Event,Thing,What Are You Doing?,YEARLY FESTIVAL,H G P I,Ford Explorer,Yes,NA,38
"October 22, 2020",What Are You Doing?,Thing,Fun & Games,FIXING MY BIKE,P G D A,Ford Explorer,No,NA,38
"October 23, 2020",Living Thing,Thing,What Are You Wearing?,HONEYSUCKLE VINE,C B M O,"$38,000",No,NA,38
"October 26, 2020",Phrase,Thing,Around the House,JOT DOWN YOUR GOALS,P G H O,"$50,000",No,NA,38
"October 27, 2020",What Are You Doing?,Thing,Food & Drink,HUGGING MY PILLOW,G F P O,"$38,000",No,NA,38
"October 28, 2020",Person,Thing,Phrase,HUMORIST,G H P I,"$38,000",Yes,NA,38
"October 29, 2020",Food & Drink,Thing,Fun & Games,SAVORY APPETIZER,C M D A H,Buick Encore,Yes,NA,38
"October 30, 2020",People,Phrase,Thing,A HUGE CROWD,C P M I,Buick Encore,No,NA,38
"November 2, 2020",Place,Thing,What Are You Doing?,BUSY AIRPORT,D Y C A,"$38,000",Yes,NA,38
"November 3, 2020",What Are You Doing?,Thing,Event,PAYING THE FARE,C H M G I,"$38,000",No,NA,38
"November 4, 2020",What Are You Wearing?,Things,Phrase,WORK GLOVES,C M D A,"$38,000",No,NA,38
"November 5, 2020",Food & Drink,Phrase,Thing,YUMMY BROWNIES,C G M O,"$38,000",No,NA,38
"November 6, 2020",Phrase,Person,Thing,NOTHING TO QUIBBLE ABOUT,H G C O,"$38,000",No,NA,38
"November 9, 2020",Food & Drink,Thing,What Are You Doing?,DELICIOUS WAFFLES,D C M O,BMW i3,No,NA,38
"November 10, 2020",Thing,People,Phrase,FABULOUS VIEW,P G D A,"$38,000",No,NA,38
"November 11, 2020",What Are You Doing?,Event,Thing,BROWSING,B K G I,"$38,000",No,NA,38
"November 12, 2020",Fun & Games,People,Thing,SIDEWALK HOPSCOTCH,P G H O,"$38,000",No,NA,38
"November 13, 2020",In the Kitchen,Thing,Food & Drink,A HOT WOK,P K D A,"$45,000",Yes,NA,38
"November 16, 2020",Place,Thing,In the Kitchen,POPULAR BAKERY,G P H O,Jeep Compass,No,NA,38
"November 17, 2020",Thing,People,Phrase,WOBBLY CHAIR,D M H O,"$38,000",No,NA,38
"November 18, 2020",Food & Drink,Thing,Phrase,FLUFFY BISCUITS,C P D O,"$38,000",No,NA,38
"November 19, 2020",Food & Drink,Thing,Around the House,PIPING HOT GUMBO,H P B O,"$38,000",Yes,NA,38
"November 20, 2020",Event,Thing,What Are You Doing?,JUBILANT HOMECOMING,G H P O,"$38,000",Yes,NA,38
"November 23, 2020",What Are You Wearing?,Thing,Living Things,BAGGY UNIFORM,D B C A M,"$38,000",No,NA,38
"November 24, 2020",What Are You Doing?,Person,Thing,BUYING A JACKET,C H M I,"$38,000",No,NA,38
"November 25, 2020",In the Kitchen,Event,Living Things,ICING SPATULA,P C F A,"$38,000",Yes,NA,38
"November 26, 2020",What Are You Wearing?,Thing,Living Things,FANCY WATCH,C H P A,"$45,000",Yes,NA,38
"November 27, 2020",Phrase,Show Biz,Thing,SAY THE MAGIC WORD,C B D A G,"$38,000",Yes,NA,38
"November 30, 2020",Place,Phrase,Thing,A CROWDED BOULEVARD,P H G O,"$38,000",No,NA,38
"December 1, 2020",People,Place,Thing,QUIET NEIGHBORS,C M D O,"$100,000",No,NA,38
"December 2, 2020",Event,Phrase,Things,PAID VACATION,C M G I,Toyota Highlander,No,NA,38
"December 3, 2020",Person,Thing,Phrase,FORMER MAYOR,C D M O,"$38,000",No,NA,38
"December 4, 2020",Living Things,Thing,Event,HAWKS AND OWLS,K Y J I,Toyota Highlander,No,NA,38
"December 7, 2020",What Are You Doing?,Thing,Phrase,FINDING MY GROOVE,M C P I,"$45,000",No,NA,38
"December 8, 2020",Phrase,Place,Thing,I TOOK A QUICK JAUNT,P M G A,Ford Edge,No,NA,38
"December 9, 2020",Fun & Games,Phrase,Thing,BIKING IN UTAH,G M D A,Ford Edge,No,NA,38
"December 10, 2020",Event,Phrase,Thing,HISTORIC FLIGHT,M H D I,"$38,000",Yes,NA,38
"December 11, 2020",Phrase,Thing,What Are You Wearing?,BEGINNING TO FIZZLE,G H P O,"$38,000",No,NA,38
"December 14, 2020",Thing,Phrase,Person,YOUTHFUL APPEARANCE,C H M A,"$38,000",No,NA,38
"December 15, 2020",Phrase,Place,Thing,IT WAS A MAJOR VICTORY,H M Y A D,"$38,000",Yes,NA,38
"December 16, 2020",In the Kitchen,Thing,Phrase,MANUAL JUICER,C D M I H,Ford Edge,No,NA,38
"December 17, 2020",People,Thing,Phrase,FINICKY KIDS,C D M A,"$50,000",No,NA,38
"December 18, 2020",What Are You Doing?,Thing,Living Things,JUMPING AROUND,G F H O,Ford Edge,No,NA,38
"December 21, 2020",Thing,Phrase,In the Kitchen,A POWERFUL JOLT,D G H O,"$38,000",No,NA,38
"December 22, 2020",Food & Drink,Thing,What Are You Wearing?,FROZEN PIZZA,F M D A,"$38,000",No,NA,38
"December 23, 2020",Place,Thing,Phrase,A LUXURY BOUTIQUE,C W P O M,"$38,000",No,NA,38
"December 24, 2020",Thing,Phrase,Person,FAINT GLOW,M C D I,"$38,000",No,NA,38
"December 25, 2020",What Are You Doing?,Thing,Phrase,FLEXING BOTH BICEPS,C G M I,"$45,000",No,NA,38
"December 28, 2020",Around the House,Phrase,Thing,EMPTY JARS,H D C A,"$38,000",No,NA,38
"December 29, 2020",Phrase,Thing,Living Thing,WEIGH THE ODDS,D C M A,"$38,000",No,NA,38
"December 30, 2020",Around the House,Place,Thing,ANTIQUE WOODEN HUTCH,H D P O,"$38,000",No,NA,38
"December 31, 2020",Food & Drink,Phrase,Thing,BROILED FISH,H M G A,"$38,000",No,NA,38
"January 1, 2021",What Are You Wearing?,Thing,Phrase,NAVY BLAZER,M P D O,"$38,000",Yes,NA,38
"January 4, 2021",Food & Drink,Event,Thing,BOWL OF APPLES,C G P A H,"$100,000",Yes,NA,38
"January 5, 2021",Living Things,Thing,Event,QUACKING DUCKLINGS,D G K A B,Jeep Compass,No,NA,38
"January 6, 2021",Food & Drink,Thing,Living Things,FUDGE POPSICLE,M C P I,"$38,000",No,NA,38
"January 7, 2021",Phrase,Thing,What Are You Wearing?,WE QUICKLY FOUND OUT,D F B O,"$38,000",No,NA,38
"January 8, 2021",Fun & Games,Thing,Food & Drink,A WORD PUZZLE,M C W A,Toyota Highlander,No,NA,38
"January 11, 2021",Living Thing,Thing,Place,A WILD BUFFALO,M C H O,"$38,000",No,NA,38
"January 12, 2021",What Are You Doing?,Phrase,Thing,MAKING IT HAPPEN,G H P I,"$38,000",Yes,NA,38
"January 13, 2021",Place,Thing,What Are You Doing?,LOCAL HOBBY SHOP,C D B A,"$45,000",Yes,NA,38
"January 14, 2021",People,Thing,Living Things,GOOD BUDDIES,H C D A,"$45,000",No,NA,38
"January 15, 2021",In the Kitchen,Show Biz,Thing,PAIR OF CHOPSTICKS,G D C O,Subaru Outback,Yes,NA,38
"January 18, 2021",Phrase,Thing,Living Things,FOCUS YOUR MIND,D P G I,BMW X1,No,NA,38
"January 19, 2021",Place,Thing,Phrase,QUIET HIDEAWAY,P D M O,BMW X1,No,NA,38
"January 20, 2021",Phrase,Thing,Living Things,I AM OVERJOYED,C M P A D,"$100,000",No,NA,38
"January 21, 2021",Place,Thing,In the Kitchen,MY HUMBLE ABODE,C H M O,BMW X1,No,NA,38
"January 22, 2021",What Are You Doing?,Event,Thing,JOINING A BAND,G M H A,"$38,000",Yes,NA,38
"January 25, 2021",Living Thing,Thing,Phrase,A BLOOMING ORCHID,P H M O,"$38,000",Yes,NA,38
"January 26, 2021",What Are You Doing?,Place,Thing,SHOPPING FOR FOOD,P G D A,"$38,000",Yes,NA,38
"January 27, 2021",What Are You Wearing?,Show Biz,Thing,BEIGE SLACKS,H G C I,Jeep Wrangler,Yes,NA,38
"January 28, 2021",Living Things,Phrase,Thing,CUDDLY DOGS,B C G A,"$38,000",No,NA,38
"January 29, 2021",Phrase,Place,Thing,BOUNCING AROUND,G D C A,"$38,000",Yes,NA,38
"February 1, 2021",Show Biz,Thing,What Are You Doing?,MOVIE MAGIC,C H P A,"$38,000",No,NA,38
"February 2, 2021",Around the House,Phrase,Thing,WORKBENCH IN THE GARAGE,D P M O,"$38,000",No,NA,38
"February 3, 2021",Event,Thing,In the Kitchen,HUGE BASH,H P B O,Chevrolet Equinox,No,NA,38
"February 4, 2021",Phrase,Thing,Living Things,BASED ON AVAILABILITY,B C D A,Chevrolet Equinox,Yes,NA,38
"February 5, 2021",What Are You Doing?,Thing,Phrase,VOICING AN OPINION,W C G A,"$38,000",No,NA,38
"February 8, 2021",Thing,Living Things,What Are You Doing?,FABULOUS BARGAIN,P H G O,"$38,000",Yes,NA,38
"February 9, 2021",In the Kitchen,Phrase,Thing,PORCELAIN BAKEWARE,P C M I,"$45,000",No,NA,38
"February 10, 2021",In the Kitchen,Event,Thing,FOIL AND PLASTIC WRAP,C M D A,GMC Terrain,No,NA,38
"February 11, 2021",Event,Thing,Living Things,GROUNDBREAKING DISCOVERY,M D B A,GMC Terrain,No,NA,38
"February 12, 2021",Food & Drink,Event,Thing,CUP OF WARM BROTH,B H M O,"$50,000",Yes,NA,38
"February 15, 2021",Person,Phrase,Thing,MY WACKY NEIGHBOR,G B M A,Ford Bronco,No,NA,38
"February 16, 2021",Around the House,Thing,Phrase,OLD FAMILY PHOTOS,D B M A,"$38,000",No,NA,38
"February 17, 2021",Person,Place,Phrase,POTENTIAL HOMEBUYER,D G P I,"$100,000",No,NA,38
"February 18, 2021",Living Things,Thing,Event,PIGEONS AND DOVES,D C P A,"$38,000",Yes,NA,38
"February 19, 2021",What Are You Doing?,Things,Food & Drink,WEIGHING THE OPTIONS,B D C I,Ford Bronco,No,NA,38
"February 22, 2021",Event,Thing,Phrase,MORNING BRIEFING,D M B O,"$38,000",No,NA,38
"February 23, 2021",Phrase,Place,Thing,DON'T MOVE A MUSCLE,D M H A,Ford Mustang convertible,Yes,NA,38
"February 24, 2021",Event,Thing,Phrase,AMAZING JOURNEY,J P G O,"$38,000",Yes,NA,38
"February 25, 2021",Food & Drink,Thing,What Are You Doing?,BARBECUE SAUCE,B D C A M,Ford Mustang convertible,Yes,NA,38
"February 26, 2021",Place,Thing,What Are You Wearing?,LUXURY DUPLEX,M C P A,"$100,000",No,NA,38
"March 1, 2021",What Are You Wearing?,Event,Person,WARM JACKET,J D C O,"$38,000",No,NA,38
"March 2, 2021",Food & Drink,Thing,Event,MANGO AND KIWI,M B D O,"$38,000",No,NA,38
"March 3, 2021",Phrase,Thing,Food & Drink,OUT OF FASHION,G F H O,Mercedes-Benz GLB,Yes,NA,38
"March 4, 2021",Phrase,Event,Thing,I HAVE A VAGUE IDEA,W P M A,Mercedes-Benz GLB,No,NA,38
"March 5, 2021",What Are You Doing?,Thing,Person,TAKING BOLD ACTION,W D C O B,"$100,000",Yes,NA,38
"March 8, 2021",Occupation,Things,Food & Drink,GEOLOGIST,C P H I D,"$45,000",No,NA,38
"March 9, 2021",Phrase,Thing,What Are You Doing?,FOR A CHANGE,C F O M,"$38,000",No,NA,38
"March 10, 2021",What Are You Wearing?,Things,Phrase,MY FAVORITE OUTFIT,G D C O,"$45,000",No,NA,38
"March 11, 2021",Fun & Games,Person,Thing,FIELD HOCKEY,H D F O,"$38,000",Yes,NA,38
"March 12, 2021",Thing,Living Things,Around the House,MOVING COMPANY,D M G A,"$38,000",Yes,NA,38
"March 15, 2021",What Are You Wearing?,Event,Thing,WARM PARKA,P B D A,Subaru Outback,Yes,NA,38
"March 16, 2021",Food & Drink,Things,Event,ORGANIC JAMS,C F M U,BMW X1,No,NA,38
"March 17, 2021",What Are You Doing?,Things,Phrase,PLAYING A VIDEO,P G M A,"$38,000",No,NA,38
"March 18, 2021",What Are You Wearing?,Thing,Living Things,FLOWING WHITE GOWN,P H G O,"$100,000",Yes,NA,38
"March 19, 2021",Food & Drink,Thing,Living Things,POACHED HALIBUT,P G C O,"$50,000",No,NA,38
"March 22, 2021",Show Biz,Phrase,Living Things,COMPLEX CHOREOGRAPHY,D H G O,"$38,000",Yes,NA,38
"March 23, 2021",Things,Food & Drink,Event,POPULAR EXHIBITS,C F D A H,Ford Edge,No,NA,38
"March 24, 2021",Around the House,Person,Thing,HEAVY LAUNDRY BASKET,D B M A,"$38,000",No,NA,38
"March 25, 2021",What Are You Wearing?,Thing,Phrase,JEAN JACKET,D M P I F,Ford Edge,Yes,NA,38
"March 26, 2021",Living Things,Place,Thing,DOZENS OF DAFFODILS,P H M O,"$38,000",No,NA,38
"March 29, 2021",Living Things,Thing,Phrase,BIRDS IN FLIGHT,P H G O,Volkswagen Atlas,Yes,NA,38
"March 30, 2021",Around the House,Phrase,Thing,DIMMER SWITCH,C P D O,"$38,000",No,NA,38
"March 31, 2021",Food & Drink,Thing,Event,FOAMY CAPPUCCINO,M C P A,"$45,000",No,NA,38
"April 1, 2021",What Are You Doing?,Thing,Food & Drink,CHANGING COURSE,D H P O,"$38,000",No,NA,38
"April 2, 2021",Person,Event,Things,A COOL DUDE,B P C A,Volkswagen Atlas,No,NA,38
"April 5, 2021",Around the House,Event,Thing,SOAP DISH,D P M O,Mini Cooper,Yes,NA,38
"April 6, 2021",Food & Drink,Thing,What Are You Doing?,WAFFLE CONE,P C H I,"$45,000",Yes,NA,38
"April 7, 2021",People,Thing,Fun & Games,ROCK CLIMBERS,P M C A,"$45,000",No,NA,38
"April 8, 2021",Phrase,Thing,Living Things,SOME FOOD FOR THOUGHT,H G F O,"$38,000",Yes,NA,38
"April 9, 2021",Food & Drink,Thing,Phrase,YOGURT WITH FRUIT,M H P I,"$38,000",No,NA,38
"April 12, 2021",Phrase,Things,Food & Drink,WAVE YOUR HANDS,H D M O,"$38,000",Yes,NA,38
"April 13, 2021",What Are You Doing?,Thing,Living Things,TAKING PICTURES,P C K A,"$38,000",Yes,NA,38
"April 14, 2021",What Are You Doing?,Thing,Phrase,CHECKING MY AVAILABILITY,P H G O,"$38,000",No,NA,38
"April 15, 2021",Phrase,Thing,Living Things,QUITE FRANKLY,A P G H,"$38,000",No,NA,38
"April 16, 2021",Food & Drink,Thing,Show Biz,CREAMY ARTICHOKE DIP,C F H A,Mini Cooper,Yes,NA,38
"April 19, 2021",Event,Person,Thing,SPECIAL OCCASION,P C D O,"$38,000",Yes,NA,38
"April 20, 2021",Fun & Games,Thing,Living Things,PLAYING GOLF,C W H I,Chevrolet Camaro,No,NA,38
"April 21, 2021",Around the House,Thing,Phrase,EMPTY HAMPER,M D G O,"$100,000",No,NA,38
"April 22, 2021",What Are You Doing?,Phrase,Thing,APPLYING FOR THE POSITION,G F M O,Chevrolet Camaro,No,NA,38
"April 23, 2021",Food & Drink,Thing,In the Kitchen,FIG BAR,G H D O,"$38,000",No,NA,38
"April 26, 2021",Around the House,Phrase,Thing,WICKER BASKET,D C M O,"$38,000",No,NA,38
"April 27, 2021",Phrase,Event,Thing,I CAUGHT A GLIMPSE,G H P O,House,Yes,NA,38
"April 28, 2021",Living Thing,Thing,Person,HONEY BADGER,B M P A,Volkswagen Golf,No,NA,38
"April 29, 2021",Around the House,Event,Thing,JUNK DRAWER,C H P O,"$38,000",No,NA,38
"April 30, 2021",Living Things,Thing,Phrase,GIANT OAKS,P H G O,"$38,000",Yes,NA,38
"May 3, 2021",Person,Things,What Are You Doing?,AVID SUPPORTER,P G B I,"$38,000",No,NA,38
"May 4, 2021",Food & Drink,Phrase,Thing,FROZEN JUICE,F C M O,BMW 228i,Yes,NA,38
"May 5, 2021",Phrase,Thing,Living Things,YOU MAY QUOTE ME,M G P A,"$38,000",No,NA,38
"May 6, 2021",What Are You Doing?,Phrase,Thing,MAKING GOOFY FACES,C D H A,"$38,000",No,NA,38
"May 7, 2021",What Are You Doing?,Thing,Event,ADJUSTING MY OFFICE CHAIR,G H M O,"$38,000",No,NA,38
"May 10, 2021",What Are You Doing?,Phrase,Thing,AVOIDING THE CROWDS,C D G A,Nissan Rogue,Yes,NA,38
"May 11, 2021",Phrase,Thing,Show Biz,THE WAIT IS OVER,H M P A C,"$38,000",Yes,NA,38
"May 12, 2021",Person,Thing,Phrase,PAGEANT JUDGE,C H G O P,Nissan Rogue,Yes,NA,38
"May 13, 2021",Phrase,Place,Thing,DOWN THE PATH,C D M I P,"$45,000",Yes,NA,38
"May 14, 2021",What Are You Wearing?,Thing,Person,WATERPROOF PONCHO,D W Y O C,"$38,000",Yes,NA,38
"May 17, 2021",What Are You Doing?,Phrase,Thing,CHATTING WITH MOM,G H C A,"$100,000",Yes,NA,38
"May 18, 2021",Food & Drink,Things,Around the House,GARLIC BREAD,D M G A,Ford Mustang,Yes,NA,38
"May 19, 2021",In the Kitchen,Thing,Occupation,BUN WARMER,M W B A,"$38,000",Yes,NA,38
"May 20, 2021",Event,Thing,Living Thing,FESTIVE HOLIDAY,P C M O,"$50,000",No,NA,38
"May 21, 2021",What Are You Doing?,Place,Thing,KEEPING A JOURNAL,J G K A,"$38,000",Yes,NA,38
"May 24, 2021",Living Things,Phrase,Thing,GOPHERS IN THE BACKYARD,C G P O,Ford Escape,Yes,NA,38
"May 25, 2021",Phrase,Thing,Living Thing,DABBLE IN PHOTOGRAPHY,M C D A,Ford Escape,Yes,NA,38
"May 26, 2021",Around the House,Thing,Person,FAMILY SCRAPBOOK,H M K A,"$45,000",No,NA,38
"May 27, 2021",What Are You Doing?,Phrase,Thing,QUOTING A MOVIE,H C Y A F,Ford Escape,No,NA,38
"May 28, 2021",What Are You Doing?,Thing,Phrase,TAKING THE BOULEVARD,H K D A,Ford Escape,Yes,NA,38
"May 31, 2021",Event,Thing,What Are You Doing?,CHARITY AUCTION,H D G O,Chevrolet Camaro,Yes,NA,38
"June 1, 2021",Phrase,Thing,Living Things,FROM DUSK TO DAWN,M D C O H,"$38,000",Yes,NA,38
"June 2, 2021",Phrase,Thing,Living Things,WRAP IT UP IN A JIFFY,F D M O H,"$38,000",No,NA,38
"June 3, 2021",Phrase,Thing,Food & Drink,YOU ALMOST HAD IT,F H C I,Chevrolet Camaro,No,NA,38
"June 4, 2021",What Are You Doing?,Phrase,Thing,MOVING QUICKLY,D B M I,Ford Escape,No,NA,38
"June 7, 2021",What Are You Doing?,Phrase,Thing,FIXING THE VACUUM,D B M O,Mercedes-Benz C300,No,NA,38
"June 8, 2021",Around the House,Thing,Food & Drink,PUFFY BEANBAG,D M C A,"$45,000",No,NA,38
"June 9, 2021",Living Things,Thing,Food & Drink,HUGE POD OF WHALES,P H D O,"$38,000",Yes,NA,38
"June 10, 2021",Living Thing,Thing,Phrase,YOUNG GIRAFFE,P G C O,"$50,000",No,NA,38
"June 11, 2021",Person,Things,Living Thing,FORMER JOCK,M K D O,Mercedes-Benz C300,Yes,NA,38
"September 13, 2021",Place,Phrase,Around the House,GARDEN PATH,H G P O,"$39,000",Yes,NA,39
"September 14, 2021",What Are You Wearing?,Phrase,Things,PLAID BOXERS,C D M A H,"$39,000",Yes,NA,39
"September 15, 2021",Person,Thing,Food & Drink,HAPPY CUSTOMER,H D M A,"$45,000",Yes,NA,39
"September 16, 2021",Event,Thing,Phrase,GOING ON SAFARI,D P H O,"$39,000",No,NA,39
"September 17, 2021",Place,Thing,Living Things,QUITE COVE,P D G O,"$45,000",No,NA,39
"September 20, 2021",Show Biz,Phrase,Things,EPISODE GUIDE,D H M A,Volkswagen ID.4,No,NA,39
"September 21, 2021",Food & Drink,Thing,What Are You Doing?,HOLIDAY FRUITCAKE,C D M A,"$39,000",Yes,NA,39
"September 22, 2021",Living Things,Phrase,Thing,JASMINE BLOOMS,H C D I,"$39,000",No,NA,39
"September 23, 2021",Thing,Phrase,What Are You Wearing?,A USEFUL DEVICE,F C D U,"$39,000",Yes,NA,39
"September 24, 2021",Phrase,Things,Living Things,FACE THE FACT,F B H O,"$39,000",No,NA,39
"September 27, 2021",Thing,Phrase,What Are You Doing?,YOUR BACK POCKET,H C P O,Mini Cooper,No,NA,39
"September 28, 2021",What Are You Doing?,Place,Thing,LOOKING FOR A QUICK FIX,F D H O,Mini Cooper,No,NA,39
"September 29, 2021",Phrase,Things,Living Thing,GIVE HIM SOME ADVICE,D W M A,Mini Cooper,No,NA,39
"September 30, 2021",What Are You Wearing?,Thing,Phrase,DARK GRAY BLAZER,C D P O,"$39,000",No,NA,39
"October 1, 2021",Around the House,Phrase,Thing,FRAGILE VASE,P H G O D,"$50,000",No,NA,39
"October 4, 2021",Phrase,Thing,What Are You Doing?,IN AN AWKWARD POSITION,M P D A,"$100,000",No,NA,39
"October 5, 2021",Phrase,Thing,Around the House,YOU HAVE TO BE KIDDING,C H G O,"$39,000",No,NA,39
"October 6, 2021",Living Thing,Thing,What Are You Doing?,BABY IGUANA,P G M O,"$39,000",No,NA,39
"October 7, 2021",What Are You Doing?,Place,Thing,PIVOTING,G P H A,"$39,000",No,NA,39
"October 8, 2021",Around the House,Thing,Place,HEAVY QUILT,M H D A,"$45,000",No,NA,39
"October 11, 2021",What Are You Doing?,Phrase,Thing,FLIPPING OUT,M J D A,Mazda CX-5,Yes,NA,39
"October 12, 2021",Things,Phrase,Living Thing,VALUABLE GOODS,C H G I,"$39,000",No,NA,39
"October 13, 2021",Place,Thing,Around the House,QUAINT HOME,G P H O,"$39,000",No,NA,39
"October 14, 2021",What Are You Doing?,Phrase,Things,VIEWING A MOVIE,G P H A,Mazda CX-5,No,NA,39
"October 15, 2021",Food & Drink,Place,Around the House,BAG OF MIXED VEGGIES,C F M U,"$39,000",No,NA,39
"October 18, 2021",Event,Thing,Phrase,MAKING A BREAKTHROUGH,C O M D,"$39,000",Yes,NA,39
"October 19, 2021",What Are You Doing?,Thing,Place,FOCUSING ON THE POSITIVE,P H G O,"$39,000",No,NA,39
"October 20, 2021",What Are You Wearing?,Thing,Living Things,LIGHTWEIGHT HOODIE,C D H O,"$39,000",Yes,NA,39
"October 21, 2021",Around the House,Thing,Person,OUTDOOR JACUZZI,C D M O,"$39,000",No,NA,39
"October 22, 2021",Phrase,Place,Thing,IT HAS A HIGH PROBABILITY,D H W A,Volkswagen Taos,No,NA,39
"October 25, 2021",Phrase,Thing,Living Thing,I BOUGHT A VOWEL,H G M A,Ford Bronco Sport,No,NA,39
"October 26, 2021",Event,Thing,Phrase,A MAJOR DISCOVERY,H M Y A,"$45,000",No,NA,39
"October 27, 2021",Phrase,Place,Thing,QUITE PROFOUND,C H D O,"$39,000",No,NA,39
"October 28, 2021",Phrase,Thing,Person,THEY DO FABULOUS WORK,D C P A,"$45,000",Yes,NA,39
"October 29, 2021",Food & Drink,Place,Thing,JUICY PLUMS,G H P O,Ford Bronco Sport,No,NA,39
"November 1, 2021",Living Thing,Place,Thing,GORGEOUS FAWN,D M C A,"$100,000",No,NA,39
"November 2, 2021",What Are You Doing?,Phrase,Thing,MOVING BACK HOME,G M P A,"$39,000",No,NA,39
"November 3, 2021",Living Thing,Thing,Place,CUTE JACKRABBIT,G D C A,"$39,000",Yes,NA,39
"November 4, 2021",Phrase,Event,Thing,WE GO BY THE BOOK,B D M O,"$50,000",No,NA,39
"November 5, 2021",What Are You Doing?,Thing,Phrase,JOCKEYING FOR POSITION,P G M O D,"$39,000",No,NA,39
"November 8, 2021",Phrase,Things,Around the House,BUZZING WITH IDEAS,H M G I,Volkswagen ID.4,Yes,NA,39
"November 9, 2021",Person,Thing,Living Thing,GIGGLING CHILD,D C H A M,Infiniti QX50,No,NA,39
"November 10, 2021",Place,Thing,What Are You Doing?,WAVY LAGOON,C G P A,"$39,000",No,NA,39
"November 11, 2021",Phrase,Things,Around the House,PAY YOUR DUES,Y D C A,"$39,000",Yes,NA,39
"November 12, 2021",Living Things,Things,Phrase,JAGUARS IN THE WILD,P H G O,Mazda CX-5,Yes,NA,39
"November 15, 2021",Phrase,Thing,Living Thing,HE WAS BAMBOOZLED,M D H A,"$39,000",Yes,NA,39
"November 16, 2021",Phrase,Thing,Living Thing,I BOUGHT A JACKET,M C B A,"$39,000",Yes,NA,39
"November 17, 2021",What Are You Doing?,Phrase,Thing,WORKING MY WAY BACK,H C D A,"$39,000",No,NA,39
"November 18, 2021",Place,Thing,What Are You Doing?,FLOWING BROOK,G P C O,"$39,000",No,NA,39
"November 19, 2021",Phrase,Thing,Around the House,IT WAS A HUGE CROWD,C D G A,"$39,000",Yes,NA,39
"November 22, 2021",Living Things,Things,Person,FINICKY CATS,B D M I,"$39,000",No,NA,39
"November 23, 2021",What Are You Doing?,Thing,Phrase,BUYING A WHOLE BUNCH,M D H A,"$39,000",No,NA,39
"November 24, 2021",What Are You Doing?,Place,Thing,QUACKING LIKE A DUCK,H G P O,Ford Escape,No,NA,39
"November 25, 2021",Phrase,Thing,Person,IT HAPPENS DAILY,K H G A,Ford Escape,No,NA,39
"November 26, 2021",Place,Thing,Living Thing,BAMBOO GROVE,G M D O,Ford Escape,Yes,NA,39
"November 29, 2021",Thing,Phrase,Living Things,GIANT JACKPOT,D P W A,Mini Cooper,No,NA,39
"November 30, 2021",Food & Drink,Phrase,Thing,FRESH AVOCADO DIP,H C M A,"$39,000",No,NA,39
"December 1, 2021",Person,Thing,Phrase,QUALIFIED APPLICANT,M D B A P,"$39,000",Yes,NA,39
"December 2, 2021",Living Thing,Thing,Place,ADULT HIPPO,G H P O,"$39,000",No,NA,39
"December 3, 2021",What Are You Doing?,Thing,Phrase,FINDING MY WAY,C D M A,"$39,000",No,NA,39
"December 6, 2021",Phrase,Thing,Around the House,I BEG YOUR PARDON,C Y H O,"$39,000",No,NA,39
"December 7, 2021",Thing,Person,Place,QUIRKY HUMOR,M D C O,"$100,000",No,NA,39
"December 8, 2021",Food & Drink,Thing,Phrase,APPLE CIDER VINEGAR,C P D A,"$45,000",Yes,NA,39
"December 9, 2021",Person,Phrase,Things,FOUNDING MEMBER,M F D O,"$45,000",Yes,NA,39
"December 10, 2021",Event,Thing,Food & Drink,FIERCE BLIZZARD,G C P O,"$39,000",No,NA,39
"December 13, 2021",Around the House,Thing,Phrase,BAY WINDOW,C D M O,"$39,000",No,NA,39
"December 14, 2021",Phrase,Thing,What Are You Doing?,SIMPLY BAFFLING,H P G O,"$39,000",No,NA,39
"December 15, 2021",Fun & Games,Place,Thing,KICKING A FIELD GOAL,C D M A,"$39,000",Yes,NA,39
"December 16, 2021",Phrase,Thing,Living Thing,A LOAD OFF MY MIND,B C D A,"$39,000",Yes,NA,39
"December 17, 2021",Around the House,Thing,Phrase,LAUNDRY BASKET,B K D A,"$39,000",Yes,NA,39
"December 20, 2021",Person,Thing,Living Thing,YOUNG JOCK,C H D A,"$39,000",No,NA,39
"December 21, 2021",What Are You Doing?,Phrase,Thing,CHOOSING THE RIGHT WORD,G D H I,Audi Q3,No,NA,39
"December 22, 2021",Food & Drink,Phrase,Thing,HEALTHY APPETIZER,M G B A,Audi Q3,Yes,NA,39
"December 23, 2021",Place,Things,Person,QUIET BUNGALOW,M H C A,Audi Q3,No,NA,39
"December 24, 2021",Living Thing,Thing,Place,LOUD MOCKINGBIRD,D M B I,Audi Q3,No,NA,39
"December 27, 2021",Phrase,Thing,Around the House,I WAS PROUD,W P D I,"$50,000",Yes,NA,39
"December 28, 2021",Food & Drink,Phrase,Thing,WHOLE WHEAT PASTA,H W P A,Mazda MX-30,Yes,NA,39
"December 29, 2021",What Are You Doing?,Thing,Phrase,HYPING UP THE CROWD,M D C O,Mazda MX-30,No,NA,39
"December 30, 2021",Living Things,Things,Phrase,GOPHERS AND GROUNDHOGS,C D P A,Mazda MX-30,Yes,NA,39
"December 31, 2021",What Are You Wearing?,Person,Thing,COMFY PAJAMAS,B C D A M,Mazda MX-30,No,NA,39
"January 3, 2022",What Are You Doing?,Thing,Phrase,FLIPPING THE PAGE,C G H O,Ford Escape,No,NA,39
"January 4, 2022",Around the House,Phrase,Thing,FUZZY BLANKET,P H G O,"$45,000",No,NA,39
"January 5, 2022",Around the House,Things,Phrase,NEW VACUUM BAGS,W H D O,"$45,000",No,NA,39
"January 6, 2022",Fun & Games,Thing,Living Things,POOL CUES,M D C I H,"$39,000",Yes,NA,39
"January 7, 2022",What Are You Doing?,Phrase,Thing,EMBARKING ON A PROJECT,G B D A,"$39,000",No,NA,39
"January 10, 2022",Phrase,Thing,Living Things,THAT WOULD BE AMAZING,C M D U H,"$45,000",Yes,NA,39
"January 11, 2022",Around the House,Things,Phrase,DAMP WASHCLOTH,C M P O,"$39,000",Yes,NA,39
"January 12, 2022",What Are You Doing?,Place,Thing,WRAPPING IT UP,M K F O,"$39,000",No,NA,39
"January 13, 2022",Living Things,Thing,Person,PLAYFUL GIANT PANDAS,P C D A,BMW X1,Yes,NA,39
"January 14, 2022",Around the House,Phrase,Things,FOLDED NAPKINS,C M G A D,BMW X1,Yes,NA,39
"January 17, 2022",Show Biz,Phrase,Thing,BROADWAY OPENING,G F P O,Mini Cooper,Yes,NA,39
"January 18, 2022",Person,Thing,Phrase,FORMER OFFICIAL,C D M A G,"$39,000",No,NA,39
"January 19, 2022",Place,Thing,Person,URBAN PARK,C D H O,Mini Cooper,No,NA,39
"January 20, 2022",Phrase,Place,Thing,I HAVE LOFTY AMBITIONS,H M C A P,"$39,000",No,NA,39
"January 21, 2022",Food & Drink,Event,Thing,QUART OF GOAT MILK,B D P A,"$39,000",No,NA,39
"January 24, 2022",Thing,Phrase,Person,VERBAL EXCHANGE,K P M A,Volkswagen Tiguan,No,NA,39
"January 25, 2022",Around the House,Phrase,Thing,QUILTED BEDSPREAD,D P M O,"$100,000",Yes,NA,39
"January 26, 2022",What Are You Doing?,Event,Thing,BUYING A NEW JOURNAL,W G M A,"$39,000",No,NA,39
"January 27, 2022",What Are You Wearing?,Phrase,Thing,WACKY COSTUME,C M D O,Volkswagen Tiguan,No,NA,39
"January 28, 2022",Phrase,Thing,Living Things,AMONG FAMILY,P G B I M,Volkswagen Tiguan,Yes,NA,39
"January 31, 2022",Food & Drink,Place,Thing,OLIVES AND FIGS,P C D A,Lincoln Corsair,No,NA,39
"February 1, 2022",What Are You Doing?,Phrase,Thing,PACKING MY CLOTHES,G M P A,"$39,000",Yes,NA,39
"February 2, 2022",What Are You Doing?,Person,Phrase,WAITING FOR YOU,P C M A D,Lincoln Corsair,No,NA,39
"February 3, 2022",Phrase,People,Thing,ABOUT THE AUTHOR,D M C O,"$39,000",No,NA,39
"February 4, 2022",Thing,Place,Phrase,PUBLIC FANFARE,D M H A,"$39,000",No,NA,39
"February 7, 2022",Living Things,Thing,Person,VULTURES OVERHEAD,V H D O,"$100,000",Yes,NA,39
"February 8, 2022",Event,Thing,Phrase,A QUICK FLIGHT,C D P I,"$100,000",Yes,NA,39
"February 9, 2022",Phrase,Thing,What Are You Doing?,JUST YOU WAIT,D H M A,"$100,000",Yes,NA,39
"February 10, 2022",Place,Thing,Phrase,A POPULAR HANGOUT,M D P A,Ford Edge,No,NA,39
"February 11, 2022",What Are You Doing?,Event,Thing,PROVING MYSELF,D G P A,"$39,000",No,NA,39
"February 14, 2022",Phrase,Thing,What Are You Doing?,THIS IS MY FINAL OFFER,C D M A,"$39,000",No,NA,39
"February 15, 2022",Food & Drink,Phrase,Things,RAW ZUCCHINI,B M P O,Mazda CX-30,No,NA,39
"February 16, 2022",Living Things,Things,Phrase,JAYBIRDS,D G M O,Mazda CX-30,Yes,NA,39
"February 17, 2022",Thing,Event,Phrase,AN OBVIOUS EXAMPLE,G B M A,"$39,000",Yes,NA,39
"February 18, 2022",Place,Things,Phrase,GLOOMY CAVE,B C H O,"$39,000",Yes,NA,39
"February 21, 2022",Person,Phrase,Thing,MEDIA GURU,D P M A,"$39,000",No,NA,39
"February 22, 2022",Phrase,Thing,Around the House,THEY PAVED THE WAY,D P M A,Ford Bronco,No,NA,39
"February 23, 2022",What Are You Doing?,Thing,Event,HURRYING BACK,M C P I,"$39,000",No,NA,39
"February 24, 2022",Person,Thing,Phrase,BUSY OVERACHIEVER,P M C A,"$39,000",No,NA,39
"February 25, 2022",Living Thing,Thing,Person,HUNGRY JACKAL,P G H A,"$39,000",No,NA,39
"February 28, 2022",Phrase,Place,Thing,BEYOND MY GRASP,D C P O,"$39,000",Yes,NA,39
"March 1, 2022",Living Things,Thing,Phrase,BARKING WATCHDOGS,G B P I,"$39,000",No,NA,39
"March 2, 2022",What Are You Doing?,Phrase,Thing,BEAMING WITH JOY,P G M A,"$100,000",No,NA,39
"March 3, 2022",Phrase,Place,Things,FIND A WAY FORWARD,G M F A,"$45,000",Yes,NA,39
"March 4, 2022",Phrase,Things,Food & Drink,PLEASE QUIT GOOFING AROUND,H G C O,"$39,000",No,NA,39
"March 7, 2022",Phrase,Thing,In the Kitchen,POISED AND READY,D H M A,Nissan Rogue,Yes,NA,39
"March 8, 2022",Phrase,Event,Thing,I AM VERY OPTIMISTIC,M D B I,"$39,000",Yes,NA,39
"March 9, 2022",Food & Drink,Thing,Phrase,BOWL OF GOULASH,P B F O,Nissan Rogue,No,NA,39
"March 10, 2022",What Are You Wearing?,Thing,Event,A MASK AND CAPE,C W D I,"$39,000",No,NA,39
"March 11, 2022",Food & Drink,Place,Things,YUMMY TAFFY,D M P A,"$39,000",Yes,NA,39
"March 14, 2022",What Are You Doing?,Place,Thing,HANGING OUT AT WORK,G M B O,Mini Cooper,No,NA,39
"March 15, 2022",Food & Drink,Place,Thing,FLAVORFUL DUMPLINGS,P D C O,"$39,000",No,NA,39
"March 16, 2022",Phrase,Person,Thing,WE SHOULD JOIN FORCES,M G D I C,"$39,000",No,NA,39
"March 17, 2022",Place,Thing,Phrase,EMPTY HAYLOFT,C H G O D,"$45,000",No,NA,39
"March 18, 2022",What Are You Doing?,Place,Thing,SHOWING AFFECTION,C M G I,"$39,000",No,NA,39
"March 21, 2022",Living Things,Thing,Phrase,YELLOW DAISIES,C P G A H,"$39,000",No,NA,39
"March 22, 2022",What Are You Doing?,Person,Thing,WIDENING THE GAP,M D H I,"$50,000",No,NA,39
"March 23, 2022",What Are You Doing?,Phrase,Thing,GOING HOME,D P C A H,"$39,000",No,NA,39
"March 24, 2022",Phrase,Event,Things,GIVE ME YOUR OPINION,G M C I,Mini Cooper,Yes,NA,39
"March 25, 2022",What Are You Doing?,Things,Places,FIGURING IT OUT,G P H I,Mini Cooper,Yes,NA,39
"March 28, 2022",What Are You Doing?,Thing,Phrase,OFFERING ADVICE,G B H I,"$39,000",No,NA,39
"March 29, 2022",Things,Food & Drink,In the Kitchen,GIFT BOXES,C P M A D,"$39,000",No,NA,39
"March 30, 2022",Phrase,Place,Things,BROWSE AROUND,C M P A,"$50,000",No,NA,39
"March 31, 2022",Living Things,Thing,Phrase,POD OF GRAY WHALES,D M B A,Infiniti QX50,Yes,NA,39
"April 1, 2022",Event,Place,Things,A DIFFICULT JOURNEY,B C D O,"$39,000",No,NA,39
"April 4, 2022",Thing,Event,Phrase,A VOIDED CHECK,P H G O,Mazda CX-5,No,NA,39
"April 5, 2022",Phrase,Thing,What Are You Wearing?,PICK OF THE BUNCH,P M B O,"$39,000",No,NA,39
"April 6, 2022",Food & Drink,Phrase,Thing,PIPING HOT CIDER,D G H O,"$39,000",Yes,NA,39
"April 7, 2022",What Are You Wearing?,Thing,Place,PUFFY CARDIGAN,G H M O,"$39,000",No,NA,39
"April 8, 2022",Fun & Games,Person,Place,THE FINAL BUZZER,D M C O,Mazda CX-5,Yes,NA,39
"April 11, 2022",Food & Drink,Thing,Place,ORGANIC YAMS,B P K I,"$39,000",No,NA,39
"April 12, 2022",Thing,Event,Living Thing,VERY HEAVY BAGGAGE,D M P I,"$39,000",No,NA,39
"April 13, 2022",Person,Thing,Phrase,THE GOLDEN BOY,B Y G O,"$50,000",Yes,NA,39
"April 14, 2022",Phrase,Things,What Are You Doing?,I WISH YOU WOULD,D C B O,"$100,000",No,NA,39
"April 15, 2022",Phrase,Place,Thing,IN THE PUBLIC SQUARE,G C P O,"$39,000",Yes,NA,39
"April 18, 2022",Food & Drink,Thing,Phrase,FROZEN YOGURT,F C M O D,"$45,000",Yes,NA,39
"April 19, 2022",In the Kitchen,Phrase,Thing,BAKING SUPPLIES,M D B A P,Volkswagen Tiguan,Yes,NA,39
"April 20, 2022",What Are You Doing?,Things,Phrase,BEING PLAYFUL,F G C O,Volkswagen Tiguan,Yes,NA,39
"April 21, 2022",Occupation,Places,Things,PROJECT MANAGER,H P D O,"$39,000",Yes,NA,39
"April 22, 2022",Phrase,Thing,Living Things,I AM AN OPEN BOOK,P G F O,"$45,000",Yes,NA,39
"April 25, 2022",Event,Thing,Living Thing,HOLIDAY GALA,C D M A,Ford Escape,No,NA,39
"April 26, 2022",Event,Phrase,Thing,A QUICK GETAWAY,M D C A,"$39,000",No,NA,39
"April 27, 2022",Fun & Games,Person,Place,A TRICKY PUZZLE,C P D A,"$45,000",Yes,NA,39
"April 28, 2022",What Are You Wearing?,Thing,Phrase,WORK UNIFORM,C M K O,"$39,000",Yes,NA,39
"April 29, 2022",People,Phrase,Things,A BUNCH OF KIDS,C D B A,"$39,000",No,NA,39
"May 2, 2022",Phrase,Place,Thing,THEY FOUND THE WAY,H P Y A,"$39,000",No,NA,39
"May 3, 2022",Phrase,People,Thing,IN A JUBILANT MOOD,C H D A,"$39,000",No,NA,39
"May 4, 2022",What Are You Doing?,Place,Phrase,PACKING MY GYM BAG,D C M A,"$100,000",Yes,NA,39
"May 5, 2022",Phrase,Thing,Living Thing,PUMP UP THE VOLUME,C K P A,"$39,000",No,NA,39
"May 6, 2022",What Are You Doing?,Phrase,Thing,IMPROVING THE QUALITY,M H F O,"$39,000",No,NA,39
"May 9, 2022",What Are You Doing?,Place,Things,PARTING WAYS,D C P O,"$100,000",Yes,NA,39
"May 10, 2022",Thing,Phrase,Living Thing,OFFICIAL POLICY,C D M A,"$39,000",No,NA,39
"May 11, 2022",Phrase,Event,Thing,QUITE AMBITIOUS,C P G O,"$39,000",No,NA,39
"May 12, 2022",What Are You Doing?,Phrase,Thing,BUILDING A GAZEBO,M C B A,"$39,000",No,NA,39
"May 13, 2022",Food & Drink,People,Thing,CAKE BAKING IN THE OVEN,M D H O,Mini Cooper,No,NA,39
"May 16, 2022",Living Thing,Thing,People,LEAFY VINE,D M G O,Ford Edge,No,NA,39
"May 17, 2022",Thing,Phrase,Event,A LOVELY BOUQUET,D C M A,"$39,000",No,NA,39
"May 18, 2022",Place,Thing,What Are You Doing?,JAZZ CLUB,G C B A,"$39,000",No,NA,39
"May 19, 2022",Event,Thing,Phrase,A FAMILY VISIT,V D M A C,"$39,000",Yes,NA,39
"May 20, 2022",Things,Place,What Are You Doing?,HIGHWAY MAPS,P Y H O,Ford Edge,Yes,NA,39
"May 23, 2022",Phrase,Places,Things,BACK UP YOUR PHOTOS,D H M A,Volkswagen Golf,No,NA,39
"May 24, 2022",Person,Thing,Phrase,AVERAGE GUY,G J V A,"$39,000",Yes,NA,39
"May 25, 2022",Living Thing,Thing,People,PINK DAFFODIL,C P M O,"$39,000",No,NA,39
"May 26, 2022",Phrase,Thing,Event,ON THE BANDWAGON,C M P O,"$100,000",Yes,NA,39
"May 27, 2022",Living Thing,Thing,Place,WHITE HONEYSUCKLE,H C K O,Volkswagen Golf,Yes,NA,39
"May 30, 2022",Thing,Phrase,Food & Drink,GOOD TIMING,D M G A,"$39,000",Yes,NA,39
"May 31, 2022",Place,People,Thing,A FAMOUS HOUSE,P H G O,Ford Bronco Sport,No,NA,39
"June 1, 2022",What Are You Doing?,Things,Person,MOTIVATING MYSELF,C D F O,"$45,000",No,NA,39
"June 2, 2022",Fun & Games,Phrase,What Are You Doing?,BLUFFING IN POKER,B M D A G,"$39,000",No,NA,39
"June 3, 2022",Event,Thing,Phrase,AN EPIC QUEST,C H P I D,Ford Bronco Sport,Yes,NA,39
"June 6, 2022",Fun & Games,Thing,Phrase,GOING UNDEFEATED,G D C O,Ford Escape,Yes,NA,39
"June 7, 2022",Place,Thing,Living Thing,BEAUTIFUL MEADOW,P D G O,Ford Edge,No,NA,39
"June 8, 2022",Living Things,Thing,Place,SWIFT FOXES,F H G I,"$39,000",No,NA,39
"June 9, 2022",Phrase,Things,Places,IT BOGGLES THE MIND,C M D O,"$39,000",Yes,NA,39
"June 10, 2022",Living Things,Thing,Event,PACK OF DINGOES,G H P O D,Mini Cooper,Yes,NA,39
"September 12, 2022",Phrase,Thing,Around the House,HIDING IN PLAIN SIGHT,W G C O,"$45,000",Yes,NA,40
"September 13, 2022",Food & Drink,Places,Thing,DELICIOUS TAFFY,D C M A,"$100,000",No,NA,40
"September 14, 2022",Fun & Games,Thing,Person,A ROYAL FLUSH,Y F H A,BMW X3,Yes,NA,40
"September 15, 2022",Phrase,Thing,Food & Drink,I AM HOPEFUL,C D M A,"$40,000",No,NA,40
"September 16, 2022",What Are You Doing?,Thing,Fun & Games,PROVING MY POINT,B G M O,BMW X3,Yes,NA,40
"September 19, 2022",Fun & Games,People,Thing,PLAYING IN OVERTIME,P G D O,"$45,000",Yes,NA,40
"September 20, 2022",Person,Thing,Phrase,PAYING GUEST,G M H A,Ford Mustang,Yes,NA,40
"September 21, 2022",Living Thing,Thing,Phrase,YOUNG KOALA,C D P A,"$45,000",Yes,NA,40
"September 22, 2022",Place,Thing,Phrase,JUNGLE HIDEAWAY,P C H O,Ford Mustang,No,NA,40
"September 23, 2022",Phrase,Thing,Event,CUTE AND FUZZY,G H P O,Ford Mustang,No,NA,40
"September 26, 2022",Phrase,Thing,Event,JUST FOR FUN,B F W O,Mini Cooper,Yes,NA,40
"September 27, 2022",What Are You Doing?,Phrase,Things,HOWLING LIKE A WOLF,G D C A,"$1,000,000",No,NA,40
"September 28, 2022",Food & Drink,Phrase,Thing,FROZEN VEGGIES,M C F A,"$40,000",Yes,NA,40
"September 29, 2022",In the Kitchen,On the Map,Things,WAFFLE IRON,B G D I,"$40,000",Yes,NA,40
"September 30, 2022",Phrase,Thing,Food & Drink,DON'T MAKE WAVES,D M P A,"$40,000",No,NA,40
"October 3, 2022",Food & Drink,Thing,Phrase,JUICY PEACHES,P G M O,Ford Explorer,No,NA,40
"October 4, 2022",Phrase,Place,Thing,QUITE A VIEW,B D M A,"$40,000",No,NA,40
"October 5, 2022",Phrase,People,Thing,YOU MARK MY WORDS,P H D O M,"$40,000",No,NA,40
"October 6, 2022",Phrase,Event,Thing,OF HIGH VALUE,H C M O,"$40,000",No,NA,40
"October 7, 2022",Phrase,Thing,What Are You Wearing?,CHOOSE YOUR OWN PATH,C M H O,Ford Explorer,Yes,NA,40
"October 10, 2022",Person,Fun & Games,Thing,MOTIVATED PLAYER,C H D A,Ford Escape,No,NA,40
"October 11, 2022",Food & Drink,Thing,What Are You Wearing?,PANCAKES MADE FROM SCRATCH,C P M O,"$40,000",Yes,NA,40
"October 12, 2022",Phrase,Person,Thing,FLIP THE PAGE,P C H A,"$40,000",No,NA,40
"October 13, 2022",Around the House,Place,Thing,PORCELAIN VASE,C P V A G,"$45,000",Yes,NA,40
"October 14, 2022",Place,Phrase,Thing,MY HOME GYM,M P G O H,"$40,000",Yes,NA,40
"October 17, 2022",In the Kitchen,Phrase,Thing,QUALITY BAKEWARE,B C D O,"$40,000",No,NA,40
"October 18, 2022",Person,Thing,Phrase,FINANCIAL EXPERT,M C V O,Infiniti QX50,No,NA,40
"October 19, 2022",Phrase,Thing,Event,BEYOND MEASURE,M C D I,"$40,000",No,NA,40
"October 20, 2022",Places,Things,Phrase,PUMPKIN PATCHES,C D M A,"$40,000",Yes,NA,40
"October 21, 2022",Fun & Games,Thing,Phrase,SOLVING PUZZLES,C M P I,Infiniti QX50,No,NA,40
"October 24, 2022",Event,Thing,Phrase,FANCY BANQUET,P D C O,"$40,000",No,NA,40
"October 25, 2022",Phrase,Things,Place,MAKE IT QUICK,M D P I,"$40,000",Yes,NA,40
"October 26, 2022",What Are You Wearing?,Thing,Place,WHITE BLOUSE,B C M O P,Mini Cooper,Yes,NA,40
"October 27, 2022",Phrase,Thing,Person,WAKE THE KIDS,G H P O M,"$40,000",No,NA,40
"October 28, 2022",Person,Place,Things,A QUIET BABY,D P M A,"$40,000",No,NA,40
"October 31, 2022",Phrase,Event,Thing,MIGHTY AND POWERFUL,D B C A,"$40,000",No,NA,40
"November 1, 2022",Phrase,Thing,Food & Drink,YOUR FAIR SHARE,P H M O D,Mercedes-Benz GLB,No,NA,40
"November 2, 2022",Phrase,Place,Thing,QUITE PERPLEXING,M P C O,Mercedes-Benz GLB,Yes,NA,40
"November 3, 2022",Event,Phrase,Thing,MAJOR DOWNPOUR,D P M O,"$40,000",Yes,NA,40
"November 4, 2022",Place,Thing,Phrase,HIS MAN CAVE,H B P U,"$40,000",Yes,NA,40
"November 7, 2022",Place,Phrase,Thing,PRIVATE DRIVEWAY,C D M O,"$40,000",No,NA,40
"November 8, 2022",Place,Thing,What Are You Wearing?,A FRIGID POND,C D G A,"$40,000",No,NA,40
"November 9, 2022",Around the House,Phrase,Thing,SQUEAKY HINGE,C F O M,"$45,000",No,NA,40
"November 10, 2022",Event,Thing,Phrase,LAVISH GALA,B G K O,Mazda CX-50,No,NA,40
"November 11, 2022",Phrase,Thing,What Are You Doing?,WE LOVE PIZZA,M B O V,"$40,000",No,NA,40
"November 14, 2022",Food & Drink,Phrase,Thing,GUAVA CAKE,C K M A,"$40,000",Yes,NA,40
"November 15, 2022",Phrase,Around the House,Thing,ABOUT TO DOZE OFF,C D M A G,"$100,000",No,NA,40
"November 16, 2022",Phrase,Thing,Food & Drink,I WAS BLUFFING,C G P A,"$40,000",No,NA,40
"November 17, 2022",Place,Phrase,Thing,AIRPLANE HANGAR,D M H A,Lincoln Corsair,Yes,NA,40
"November 18, 2022",Phrase,Thing,What Are You Doing?,NO TIME TO QUIBBLE,H M D O,"$40,000",No,NA,40
"November 21, 2022",Phrase,Places,Thing,BE QUICK ABOUT IT,C M H I,"$40,000",No,NA,40
"November 22, 2022",Person,Phrase,Thing,YOUTUBER,M P D I,"$40,000",No,NA,40
"November 23, 2022",What Are You Wearing?,Phrase,Thing,DOWN JACKET,C K A M,Mini Cooper,No,NA,40
"November 24, 2022",What Are You Doing?,Phrase,Thing,WAITING AROUND,P D W A,"$45,000",Yes,NA,40
"November 25, 2022",What Are You Doing?,Thing,Event,WAKING UP AT NIGHT,G H P I,"$40,000",No,NA,40
"November 28, 2022",People,Thing,Phrase,KIDS AT PLAY,A P G D,Mini Cooper,Yes,NA,40
"November 29, 2022",Place,Thing,Phrase,AN OLD FARMHOUSE,D C H O G,"$50,000",Yes,NA,40
"November 30, 2022",Thing,Event,Phrase,A VAGUE CONCEPT,D M A C,"$40,000",No,NA,40
"December 1, 2022",What Are You Doing?,Phrase,Thing,PAYING MY OWN WAY,M P C A D,"$40,000",Yes,NA,40
"December 2, 2022",Food & Drink,Person,Thing,A BOWL OF GUMBO,C M D O,Nissan Pathfinder,No,NA,40
"December 5, 2022",Thing,Person,Phrase,A FAINT HOPE,G M D A B,"$40,000",No,NA,40
"December 6, 2022",What Are You Doing?,Thing,Phrase,AVOIDING HURDLES,C P M O,"$40,000",No,NA,40
"December 7, 2022",Living Thing,Phrase,Thing,FLUFFY HARE,P G M O,"$45,000",No,NA,40
"December 8, 2022",Phrase,Thing,What Are You Doing?,QUICK TO ACTION,B M C A,"$40,000",No,NA,40
"December 9, 2022",What Are You Doing?,Thing,Phrase,FIXING A LEAK,D C H A,"$40,000",No,NA,40
"December 12, 2022",Event,Thing,Phrase,BIRTHDAY BASH,P B C O,"$40,000",Yes,NA,40
"December 13, 2022",People,Phrase,Thing,A PANEL OF JUDGES,P D M O,"$40,000",Yes,NA,40
"December 14, 2022",Phrase,Place,Things,DON'T QUOTE ME,D C M O,"$40,000",Yes,NA,40
"December 15, 2022",Living Things,Phrase,Thing,PLAYFUL DOLPHINS,P G M O,"$40,000",Yes,NA,40
"December 16, 2022",What Are You Doing?,Thing,Person,APPLYING OURSELVES,M P C A H,"$50,000",No,NA,40
"December 19, 2022",Phrase,Thing,Around the House,FROM THE GROUND UP,G D B O H,"$40,000",Yes,NA,40
"December 20, 2022",What Are You Doing?,Thing,Phrase,PLAYING THE TUBA,G P B O,"$40,000",Yes,NA,40
"December 21, 2022",Phrase,Food & Drink,Thing,IF YOU KNOW WHAT I MEAN,A M C P,"$40,000",No,NA,40
"December 22, 2022",What Are You Doing?,Thing,Phrase,IMPROVISING,C D M A,Chevrolet Equinox,No,NA,40
"December 23, 2022",Event,Phrase,Thing,INFORMAL GATHERING,D M C O,"$40,000",No,NA,40
"December 26, 2022",Event,Thing,Phrase,THE BIG FINISH,H G P A,"$40,000",Yes,NA,40
"December 27, 2022",Thing,Place,Phrase,A QUICK PIVOT,C H M O,Mercedes-Benz CLA,No,NA,40
"December 28, 2022",People,Thing,Phrase,BRIGHT KIDS,D G B I M,"$40,000",Yes,NA,40
"December 29, 2022",Thing,Event,Phrase,A BOLD CHOICE,D M P I,"$45,000",No,NA,40
"December 30, 2022",Person,Thing,Phrase,ORIGINAL FOUNDER,D G P A,Mercedes-Benz CLA,No,NA,40
"January 2, 2023",What Are You Doing?,Phrase,Thing,WORKING HARD,B G H O P,"$40,000",Yes,NA,40
"January 3, 2023",Food & Drink,Thing,Phrase,HAWAIIAN CRUISE,C H M I,Mazda CX-9,Yes,NA,40
"January 4, 2023",Living Thing,Thing,Phrase,POWERFUL JAGUAR,C G P A,"$45,000",No,NA,40
"January 5, 2023",Place,Thing,Phrase,QUIET NEIGHBORHOOD,G H B I,Mazda CX-9,Yes,NA,40
"January 6, 2023",Phrase,Food & Drink,Thing,IN HIGH GEAR,B C H A,"$40,000",Yes,NA,40
"January 9, 2023",Food & Drink,Person,Things,RHUBARB JAM,G D C A M,"$40,000",Yes,NA,40
"January 10, 2023",Phrase,Thing,What Are You Doing?,I BOUGHT IT ON A WHIM,H B P O,"$40,000",Yes,NA,40
"January 11, 2023",Phrase,People,Thing,THEY OWE ME A FAVOR,H C G A D,"$40,000",Yes,NA,40
"January 12, 2023",Food & Drink,Thing,Phrase,FOAMY MILK,M H C O,Nissan Pathfinder,No,NA,40
"January 13, 2023",What Are You Doing?,Thing,Phrase,MOVING FAR AWAY,M B F A,"$40,000",Yes,NA,40
"January 16, 2023",Around the House,Thing,Phrase,LARGE PACKING BOXES,G H B O,"$40,000",Yes,NA,40
"January 17, 2023",Living Things,Thing,Phrase,BABY HIPPOS,M P D I,"$50,000",No,NA,40
"January 18, 2023",Phrase,What Are You Doing?,Thing,POISED FOR ACTION,M F D O,"$40,000",No,NA,40
"January 19, 2023",Phrase,Food & Drink,Thing,BUST A MOVE,C D M A B,"$100,000",Yes,NA,40
"January 20, 2023",Thing,Fun & Games,Phrase,A PECULIAR QUIRK,P C B A,Volkswagen Atlas,No,NA,40
"January 23, 2023",What Are You Doing?,Phrase,Thing,WAVING MY HANDS,D H P O,"$40,000",No,NA,40
"January 24, 2023",In the Kitchen,Thing,Phrase,CERAMIC COOKWARE,C P H O,"$45,000",Yes,NA,40
"January 25, 2023",Thing,Place,Phrase,BAFFLING MYSTERY,Y G M O,Ford Escape,No,NA,40
"January 26, 2023",Fun & Games,Thing,Phrase,TAKING A QUICK JOG,M H C A,"$45,000",No,NA,40
"January 27, 2023",Around the House,Thing,Phrase,CHROME FAUCET,C D M A P,Ford Escape,Yes,NA,40
"January 30, 2023",Event,Thing,Phrase,BINGO NIGHT,H G C I,"$40,000",No,NA,40
"January 31, 2023",What Are You Wearing?,Phrase,Thing,PLUSH BATHROBE,P D B A,Lincoln Corsair,Yes,NA,40
"February 1, 2023",Food & Drink,Phrase,Things,A SLICE OF HONEYDEW,P C D A,"$40,000",Yes,NA,40
"February 2, 2023",Living Thing,Phrase,Thing,WILD ORCHID,D P M O,Mercedes-Benz CLA,Yes,NA,40
"February 3, 2023",What Are You Doing?,Phrase,Thing,TOYING WITH THE IDEA,H D P A,Volkswagen Atlas,No,NA,40
"February 6, 2023",Phrase,Around the House,Thing,ON A DAILY BASIS,D F B A,"$40,000",Yes,NA,40
"February 7, 2023",Phrase,Thing,Event,WE JOINED A GYM,B C D O,"$50,000",No,NA,40
"February 8, 2023",Phrase,Thing,People,ALMOST ENOUGH,G H D O,"$40,000",No,NA,40
"February 9, 2023",Thing,Person,Phrase,AUTOGRAPHED COPY,D B H A,"$40,000",No,NA,40
"February 10, 2023",Phrase,Event,Thing,WAY AHEAD OF THE CROWD,M H D A,Chevrolet Blazer,Yes,NA,40
"February 13, 2023",Food & Drink,Thing,Phrase,PANCAKES AND WAFFLES,P B M O H,"$50,000",Yes,NA,40
"February 14, 2023",What Are You Wearing?,Thing,Phrase,LONG FLOWING ROBE,H B G O M,Mercedes-Benz CLA,Yes,NA,40
"February 15, 2023",Phrase,Living Thing,Thing,WE GO WAY BACK,C D H O,Mercedes-Benz GLA,No,NA,40
"February 16, 2023",Food & Drink,Phrase,Thing,WARM GOOEY BROWNIES,D G P A M,"$40,000",No,NA,40
"February 17, 2023",What Are You Doing?,Thing,Phrase,FOCUSING ON MY WORK,G D P A,Mercedes-Benz GLA,No,NA,40
"February 20, 2023",Food & Drink,Thing,Phrase,COOKIE DOUGH,C M F I,"$40,000",No,NA,40
"February 21, 2023",Phrase,Thing,Around the House,IT ALWAYS HAPPENS,H P M A C,"$40,000",Yes,NA,40
"February 22, 2023",Phrase,Thing,People,JUMP AROUND,M C Y A,"$40,000",No,NA,40
"February 23, 2023",What Are You Doing?,Person,Thing,SOCIALIZING,M C P I,"$45,000",Yes,NA,40
"February 24, 2023",What Are You Doing?,Person,Thing,ACHIEVING MY GOALS,P H G O,"$40,000",No,NA,40
"February 27, 2023",Phrase,Around the House,Thing,THAT WAS FUNNY,H M G A,BMW X1,Yes,NA,40
"February 28, 2023",Phrase,Event,Thing,WHAT A CUTE OUTFIT,B M C A,"$40,000",No,NA,40
"March 1, 2023",Person,Phrase,Thing,FASHION MOGUL,B P C A,BMW X1,No,NA,40
"March 2, 2023",Event,Thing,Phrase,HOMECOMING PARADE,C P M A,"$45,000",Yes,NA,40
"March 3, 2023",Person,Thing,Phrase,MY FAVORITE AUTHOR,M F C O,"$40,000",No,NA,40
"March 6, 2023",Around the House,Phrase,Thing,CANDY JAR,J H Y O,Chevrolet Traverse,No,NA,40
"March 7, 2023",Place,Phrase,Things,HUGE FACILITY,M H P A,"$40,000",No,NA,40
"March 8, 2023",Phrase,Around the House,Things,HAPPY TO HEAR THAT,H P C A,Chevrolet Traverse,Yes,NA,40
"March 9, 2023",What Are You Wearing?,Things,Phrase,A HEAVY OVERCOAT,H D G O,"$40,000",Yes,NA,40
"March 10, 2023",Phrase,Thing,Event,OUT FOR A JAUNT,P H C O,"$40,000",No,NA,40
"March 13, 2023",Place,Thing,Phrase,NEW MUSEUM WING,D C M A,Lincoln Corsair,No,NA,40
"March 14, 2023",Phrase,Thing,Around the House,NOTHING FAZES YOU,H P D O,Lincoln Corsair,No,NA,40
"March 15, 2023",People,Thing,Phrase,IDENTICAL TWINS,C D H A,"$40,000",Yes,NA,40
"March 16, 2023",What Are You Doing?,Thing,Phrase,BOOKING A FLIGHT,B C M O,"$40,000",Yes,NA,40
"March 17, 2023",Person,Around the House,Phrase,FOUNDING PARTNER,P G M O,"$40,000",No,NA,40
"March 20, 2023",Things,Around the House,Phrase,AWESOME DIGITAL PHOTOS,C M P A,"$40,000",No,NA,40
"March 21, 2023",Phrase,What Are You Doing?,Things,MIND IS WANDERING,D G H O,"$40,000",Yes,NA,40
"March 22, 2023",Phrase,Places,Thing,A NICE VIEW FROM THE TOP,P V W I,Ford Mustang convertible,Yes,NA,40
"March 23, 2023",Person,Places,Phrase,QUALIFIED JUDGE,D B C O,Ford Mustang convertible,No,NA,40
"March 24, 2023",Phrase,Thing,Events,HAVING YOU BY MY SIDE,H M D A,Ford Mustang convertible,No,NA,40
"March 27, 2023",What Are You Doing?,Phrase,Thing,BAKING A POUND CAKE,G C M A,"$40,000",No,NA,40
"March 28, 2023",What Are You Doing?,Phrase,Thing,MAKING A WILD COMEBACK,D C P A,"$40,000",No,NA,40
"March 29, 2023",Around the House,Phrase,Things,BIG FLUFFY PILLOW,C D M A,"$40,000",No,NA,40
"March 30, 2023",Places,Thing,Phrase,WIDE BOULEVARDS,P H G A D,Ford Bronco,No,NA,40
"March 31, 2023",Events,Phrase,Thing,JOYOUS OCCASIONS,P H G A,Ford Bronco,No,NA,40
"April 3, 2023",What Are You Doing?,Thing,Phrase,FINDING OUR OWN WAY,M D B I,"$50,000",No,NA,40
"April 4, 2023",People,Events,Phrase,AVID HOCKEY FANS,H D G A C,"$40,000",Yes,NA,40
"April 5, 2023",What Are You Doing?,Thing,Phrase,AUDITING,B D M A,Volkswagen Golf,No,NA,40
"April 6, 2023",What Are You Doing?,Things,Living Thing,JUST WINGING IT,D P C I,"$100,000",No,NA,40
"April 7, 2023",People,Thing,Phrase,A JOVIAL CROWD,H F D A M,"$40,000",No,NA,40
"April 10, 2023",Place,Phrase,Thing,PAVED WALKWAY,P C D I,"$40,000",No,NA,40
"April 11, 2023",What Are You Doing?,Phrase,Thing,WAITING IT OUT,M H G I,Chevrolet Traverse,No,NA,40
"April 12, 2023",Event,Thing,Phrase,FUN OUTDOOR FESTIVAL,C P H O,Ford Mustang convertible,No,NA,40
"April 13, 2023",Phrase,Person,Thing,IT WAS JUST A HUNCH,G H P O,"$40,000",No,NA,40
"April 14, 2023",What Are You Doing?,Phrase,Thing,FINISHING MY WORKOUT,P M C A B,Ford Escape,No,NA,40
"April 17, 2023",Around the House,Phrase,Thing,HANDHELD VACUUM,H M B A,Ford Escape,Yes,NA,40
"April 18, 2023",Things,Phrase,Event,FAVORS AND GIFTS,C D M A,Ford Escape,No,NA,40
"April 19, 2023",Phrase,Thing,People,YOUNG AND HIP,G D B O,Ford Escape,No,NA,40
"April 20, 2023",Event,Thing,Phrase,BRIEF POWER OUTAGE,M D C I B,Ford Escape,Yes,NA,40
"April 21, 2023",Phrase,People,Thing,HIGHLY DEBATABLE,P H G O,"$45,000",Yes,NA,40
"April 24, 2023",Event,Thing,Phrase,AN EPIC VOYAGE,D H P O,"$40,000",No,NA,40
"April 25, 2023",What Are You Doing?,Phrase,Thing,JOINING THE FRAY,M H D O,"$45,000",No,NA,40
"April 26, 2023",Place,Phrase,Living Things,QUAINT FAMILY FARM,C M P A,"$40,000",No,NA,40
"April 27, 2023",People,Things,Phrase,ADVISORY BOARD,C D M O,"$40,000",Yes,NA,40
"April 28, 2023",Phrase,What Are You Doing?,Thing,FAR FROM AVERAGE,C G W O P,"$40,000",No,NA,40
"May 1, 2023",What Are You Doing?,Event,Thing,FORGING AHEAD,M D G I,"$45,000",Yes,NA,40
"May 2, 2023",Around the House,Phrase,Thing,OLD WICKER CHAIR,D G P O F,"$40,000",No,NA,40
"May 3, 2023",Place,Phrase,Thing,MY PRIVATE HIDEOUT,G H C O M,Mercedes-Benz GLB,No,NA,40
"May 4, 2023",Thing,Phrase,Place,AN OBVIOUS QUESTION,C M P O,Mercedes-Benz GLB,Yes,NA,40
"May 5, 2023",Phrase,Living Things,Thing,VAGUELY FAMILIAR,M D G O,"$80,000",Yes,NA,40
"May 8, 2023",Phrase,Thing,What Are You Doing?,PAY THEM A VISIT,H Y V A,Infiniti Q50,Yes,NA,40
"May 9, 2023",Phrase,What Are You Doing?,Thing,WORK OUT THE KINKS,B H D I,"$40,000",Yes,NA,40
"May 10, 2023",Fun & Games,Thing,People,A WHIMSICAL JOKE,G D M O,Infiniti Q50,No,NA,40
"May 11, 2023",Phrase,What Are You Doing?,Thing,TIME FOR AN UPGRADE,M F C O,"$45,000",No,NA,40
"May 12, 2023",Living Things,What Are You Doing?,Phrase,QUICK FOXES,M C H A,"$45,000",No,NA,40
"May 15, 2023",What Are You Doing?,Thing,Person,PROVIDING VALUABLE INFO,G C P A,"$40,000",No,NA,40
"May 16, 2023",Thing,People,Phrase,VALIANT EFFORT,M C D A,Nissan Rogue,Yes,NA,40
"May 17, 2023",What Are You Doing?,Phrase,Thing,FORMING A FOUNDATION,C M D O,"$40,000",Yes,NA,40
"May 18, 2023",Phrase,Thing,What Are You Doing?,THAT WAS A PIVOTAL FACTOR,H G M A,"$100,000",No,NA,40
"May 19, 2023",Thing,Phrase,Person,UNACHIEVABLE GOAL,C D B I,"$45,000",No,NA,40
"May 22, 2023",What Are You Doing?,Phrase,Thing,USING OFFICE JARGON,G H M A,"$40,000",No,NA,40
"May 23, 2023",Place,Thing,What Are You Doing?,FANCY BOUTIQUE,D C H A,"$40,000",Yes,NA,40
"May 24, 2023",Phrase,People,Thing,ALWAYS EVOLVING,C M P A G,"$40,000",No,NA,40
"May 25, 2023",Phrase,What Are You Doing?,Thing,WAY OVERBOARD,C D F A,"$40,000",No,NA,40
"May 26, 2023",What Are You Doing?,Living Things,Phrase,ACING A POP QUIZ,M G D A,"$40,000",No,NA,40
"May 29, 2023",Phrase,What Are You Doing?,Thing,STAY AFLOAT,D G Y A,"$100,000",Yes,NA,40
"May 30, 2023",Person,Phrase,Thing,GIFTED YOUNG POET,C D K A,"$40,000",No,NA,40
"May 31, 2023",Thing,Places,Phrase,YOUR VIVID IMAGINATION,P M D A W,"$40,000",No,NA,40
"June 1, 2023",Living Thing,Things,Phrase,FINICKY PUPPY,C D M A,"$45,000",No,NA,40
"June 2, 2023",Phrase,Thing,Event,FOCUS ON THE JOB,M H K O,"$40,000",No,NA,40
"June 5, 2023",Place,Phrase,Thing,OPEN BANK VAULT,G D M O,"$40,000",No,NA,40
"June 6, 2023",What Are You Doing?,Around the House,Thing,WEIGHING OUR OPTIONS,M C H A,"$40,000",No,NA,40
"June 7, 2023",Phrase,Place,Thing,WILD ABOUT IT,D K C I,"$45,000",Yes,NA,40
"June 8, 2023",Phrase,People,Thing,THEY FIZZLED OUT,M D F O,"$40,000",No,NA,40
"June 9, 2023",What Are You Doing?,Thing,Phrase,CHECKING MY PHONE AGAIN,C D G A,Mercedes-Benz GLB,Yes,NA,40
"September 11, 2023",Fun & Games,Phrase,Thing,OVERTIME VICTORY,M C D A,"$50,000",No,NA,41
"September 12, 2023",Phrase,Thing,Place,WHIRLING AROUND,M G Y O,"$50,000",No,NA,41
"September 13, 2023",What Are You Doing?,Phrase,Thing,OBTAINING MY GOALS,M G D I,Volkswagen ID.4,No,NA,41
"September 14, 2023",Place,Thing,Phrase,A POPULAR BOUTIQUE,D G H A,"$40,000",No,NA,41
"September 15, 2023",Food & Drink,Phrase,Thing,BAKED CANDIED YAMS,P G H O,"$40,000",No,NA,41
"September 18, 2023",Thing,Phrase,What Are You Doing?,UNWAVERING VOICE,M D H O,Ford Escape,No,NA,41
"September 19, 2023",People,Phrase,Thing,A JUBILANT GROUP,D M C A,"$40,000",No,NA,41
"September 20, 2023",Event,Thing,Phrase,OUTDOOR FESTIVAL,H G P O F,"$40,000",Yes,NA,41
"September 21, 2023",Phrase,Thing,Person,BUILD A FIRM FOUNDATION,D M W I,"$100,000",No,NA,41
"September 22, 2023",What Are You Doing?,Thing,Phrase,JUST BLUFFING,M G C A,"$75,000",No,NA,41
"September 25, 2023",Phrase,People,Thing,GO FOR A WALK,C D G O,"$40,000",No,NA,41
"September 26, 2023",Phrase,Thing,People,OVERDUE FOR AN UPGRADE,F G D O,"$40,000",Yes,NA,41
"September 27, 2023",Event,Phrase,Thing,FORMAL GALA,M D G A,Lincoln Corsair,Yes,NA,41
"September 28, 2023",Phrase,Thing,What Are You Doing?,WE BEGAN A PROJECT,G H Y A,"$40,000",No,NA,41
"September 29, 2023",Thing,Person,Food & Drink,A DIFFICULT UPHILL HIKE,B G K O,"$40,000",No,NA,41
"October 2, 2023",What Are You Doing?,Phrase,Thing,VIEWING A FILM,C G M A,Nissan Leaf,No,NA,41
"October 3, 2023",Food & Drink,Phrase,Thing,SEAFOOD GUMBO,M D P A,Nissan Leaf,Yes,NA,41
"October 4, 2023",Fun & Games,Phrase,Thing,PRACTICAL JOKE,C M P A,Nissan Leaf,Yes,NA,41
"October 5, 2023",In the Kitchen,Phrase,Thing,GLASS BAKEWARE,G P M U,"$40,000",No,NA,41
"October 6, 2023",Thing,Fun & Games,Phrase,PROFOUND IMPACT,B G M A,Nissan Leaf,No,NA,41
"October 9, 2023",What Are You Doing?,Thing,Phrase,OVERCOMING MY FEARS,P G C O,"$40,000",Yes,NA,41
"October 10, 2023",What Are You Doing?,Thing,Phrase,PROVIDING GUIDANCE,C G H I,"$40,000",No,NA,41
"October 11, 2023",Person,Thing,Phrase,FORMER OCCUPANT,P H D O M,"$40,000",Yes,NA,41
"October 12, 2023",Living Thing,Phrase,Thing,FLUFFY RABBIT,F M J O,"$40,000",Yes,NA,41
"October 13, 2023",What Are You Doing?,Phrase,Thing,FORMING BONDS,D C H I,"$75,000",No,NA,41
"October 16, 2023",What Are You Wearing?,Phrase,Thing,NEW YOGA PANTS,W P M A G,Nissan Pathfinder,Yes,NA,41
"October 17, 2023",Phrase,Person,Thing,I AM POISED FOR VICTORY,F D C A,Nissan Pathfinder,No,NA,41
"October 18, 2023",Phrase,Thing,Place,AMONG THE VERY BEST,G B D A,Nissan Pathfinder,Yes,NA,41
"October 19, 2023",Food & Drink,Thing,Phrase,LIGHT APPETIZER,C D G O,"$50,000",No,NA,41
"October 20, 2023",Phrase,Place,Thing,COME JOIN THE PARTY,C H P A,"$40,000",Yes,NA,41
"October 23, 2023",Around the House,Phrase,Thing,WHIRLPOOL BATHTUB,C P H O M,Mini Cooper,Yes,NA,41
"October 24, 2023",Phrase,Thing,People,WHISKED AWAY,M D P A,"$50,000",No,NA,41
"October 25, 2023",Place,Phrase,Thing,A COZY HOME,C H P O,Mini Cooper,Yes,NA,41
"October 26, 2023",What Are You Doing?,Phrase,Thing,KICKING THINGS OFF,G H K I,"$50,000",Yes,NA,41
"October 27, 2023",Place,Phrase,Things,BOX OFFICE,C H M O,Mini Cooper,Yes,NA,41
"October 30, 2023",What Are You Doing?,Phrase,Thing,MOVING RIGHT ALONG,G H C A,"$40,000",Yes,NA,41
"October 31, 2023",What Are You Doing?,Phrase,Thing,IMPROVING OUR CHANCES,G C D O,"$40,000",No,NA,41
"November 1, 2023",Phrase,What Are You Doing?,Thing,IT MIGHT BE USEFUL,C H K O,"$40,000",Yes,NA,41
"November 2, 2023",Thing,People,Phrase,OFFBEAT IDEA,M P D O,Volkswagen ID.4,No,NA,41
"November 3, 2023",Phrase,In the Kitchen,Thing,PICK WISELY,H V F O,"$40,000",No,NA,41
"November 6, 2023",Phrase,What Are You Doing?,Thing,HYPE UP THE CROWD,H D B O,"$40,000",No,NA,41
"November 7, 2023",Thing,People,Phrase,VALUABLE WORK,C D P A,"$40,000",No,NA,41
"November 8, 2023",What Are You Doing?,Phrase,Thing,ENJOYING THE JOURNEY,G P M I,"$40,000",Yes,NA,41
"November 9, 2023",Phrase,Thing,Place,QUICK FAVOR TO ASK,M D C O,"$40,000",No,NA,41
"November 10, 2023",People,Thing,Phrase,A LIVELY BUNCH OF KIDS,C P M A,"$100,000",No,NA,41
"November 13, 2023",What Are You Doing?,Phrase,Thing,EXCHANGING VOWS,M D C A H,"$40,000",No,NA,41
"November 14, 2023",Food & Drink,Thing,Phrase,DRIZZLED HONEY,C D M A,"$40,000",Yes,NA,41
"November 15, 2023",Place,Phrase,Thing,OUR USUAL HANGOUT,H M D O,"$100,000",No,NA,41
"November 16, 2023",People,Phrase,Thing,FAMOUS AUTHORS,B F J O,"$40,000",Yes,NA,41
"November 17, 2023",Food & Drink,Phrase,Thing,A JUICY BURGER,M C B O,"$100,000",Yes,NA,41
"November 20, 2023",Person,Thing,Phrase,YOUNG VISIONARY,M C D O,BMW X3,No,NA,41
"November 21, 2023",Phrase,What Are You Doing?,Thing,VOUCH FOR THEM,C D M A,"$50,000",No,NA,41
"November 22, 2023",Phrase,Place,Thing,AHEAD OF THE PACK,H C D A,"$50,000",Yes,NA,41
"November 23, 2023",Phrase,Thing,What Are You Doing?,VERY AMBITIOUS,C D M A P,"$40,000",No,NA,41
"November 24, 2023",Phrase,Food & Drink,Thing,LIGHT AND BUBBLY,D G H I,BMW X3,No,NA,41
"November 27, 2023",Food & Drink,Thing,Phrase,HANDPICKED VEGGIES,H M G A,"$40,000",No,NA,41
"November 28, 2023",Phrase,Thing,Event,PAY US A VISIT,H D C O,"$40,000",No,NA,41
"November 29, 2023",What Are You Doing?,Phrase,Thing,FOLLOWING A PATH,G H P O,Ford Bronco Sport,Yes,NA,41
"November 30, 2023",Phrase,Place,Thing,A BIT FUZZY,H C D O,"$40,000",No,NA,41
"December 1, 2023",Phrase,Person,Thing,GIVE ME ADVICE,W M B A,"$40,000",No,NA,41
"December 4, 2023",Person,Phrase,Things,A BRIGHT YOUNGSTER,P H D U,"$40,000",No,NA,41
"December 5, 2023",What Are You Wearing?,Thing,Phrase,SPIFFY BLAZER,P G H O M,"$40,000",No,NA,41
"December 6, 2023",Phrase,Thing,Event,JUST HUMOR ME,B D M O,"$40,000",Yes,NA,41
"December 7, 2023",What Are You Doing?,Thing,Phrase,OPENING A JAR,P G C O,"$40,000",Yes,NA,41
"December 8, 2023",Place,Thing,Phrase,A PRIVATE COVE,P D M I,"$40,000",No,NA,41
"December 11, 2023",Thing,Food & Drink,Phrase,A FAVORABLE OUTCOME,H D C A,"$75,000",No,NA,41
"December 12, 2023",Food & Drink,Phrase,Thing,A QUART OF JUICE,A F C M,"$40,000",No,NA,41
"December 13, 2023",Phrase,What Are You Doing?,Thing,AMONG OTHER THINGS,H G C O,"$40,000",No,NA,41
"December 14, 2023",What Are You Doing?,Thing,Phrase,THUMBING THROUGH A BOOK,G K M A,"$40,000",No,NA,41
"December 15, 2023",Phrase,Thing,Event,A WALK IN THE PARK,F D P A,"$40,000",Yes,NA,41
"December 18, 2023",Place,Phrase,Thing,PAVED BOULEVARD,C D G A,"$40,000",Yes,NA,41
"December 19, 2023",Phrase,Person,Thing,IN A FEW HOURS,B G H O,"$40,000",Yes,NA,41
"December 20, 2023",Phrase,Thing,What Are You Doing?,BY LEAPS AND BOUNDS,M D P I,"$40,000",Yes,NA,41
"December 21, 2023",Place,Phrase,Thing,BACK PATIO,C D M A,"$50,000",No,NA,41
"December 22, 2023",Phrase,Event,Thing,NO QUESTION ABOUT IT,F P K O,"$40,000",Yes,NA,41
"December 25, 2023",What Are You Doing?,Things,Phrase,VOICING OUR OPINION,C M H A,"$40,000",No,NA,41
"December 26, 2023",What Are You Doing?,Thing,Phrase,WAITING FOR MY OPPORTUNITY,G P M O,"$75,000",Yes,NA,41
"December 27, 2023",What Are You Doing?,Phrase,Thing,VACATIONING ABROAD,G H C I D,"$50,000",Yes,NA,41
"December 28, 2023",Phrase,Place,Thing,QUITE ALIKE,C P M O,"$40,000",No,NA,41
"December 29, 2023",Food & Drink,Phrase,Thing,WARM MUFFINS,K P M I,"$40,000",Yes,NA,41
"January 1, 2024",Phrase,Thing,Living Things,ON THEIR BEHALF,M F D O,"$40,000",No,NA,41
"January 2, 2024",Person,Thing,Phrase,A PUBLIC OFFICIAL,C M D O,"$100,000",Yes,NA,41
"January 3, 2024",Phrase,Living Things,Things,WE HIT THE JACKPOT,G B C O M,"$40,000",No,NA,41
"January 4, 2024",Phrase,Place,Thing,KNOWN FAR AND WIDE,D G M O,BMW X3,No,NA,41
"January 5, 2024",What Are You Doing?,Things,Phrase,PACKING A SNACK,G D M A K,BMW X3,No,NA,41
"January 8, 2024",Thing,Living Things,Phrase,DAILY HOROSCOPE,D W M I,BMW X1,No,NA,41
"January 9, 2024",What Are You Doing?,Thing,Phrase,BROWSING THE AISLES,H D P A M,BMW X1,No,NA,41
"January 10, 2024",Phrase,Person,Thing,ON A WHIM,P D G O,BMW X1,No,NA,41
"January 11, 2024",Food & Drink,Phrase,Thing,BAGELS & DOUGHNUTS,C B G A,BMW X1,No,NA,41
"January 12, 2024",Phrase,Thing,Event,MAKE A WISE CHOICE,H P K A W,BMW X1,Yes,NA,41
"January 15, 2024",What Are You Doing?,Thing,Phrase,PAINTING A VIVID PICTURE,F G P A,"$40,000",No,NA,41
"January 16, 2024",Phrase,Thing,Person,OUT OF FOCUS,G Y M I,"$40,000",No,NA,41
"January 17, 2024",What Are You Doing?,Thing,Phrase,MOVING AROUND,G H P I,Ford Mustang,Yes,NA,41
"January 18, 2024",Event,Phrase,Thing,MAJOR BLIZZARD,D P M O,"$40,000",No,NA,41
"January 19, 2024",Phrase,Event,Things,WORTH THE WAIT,P H M A,Ford Mustang,Yes,NA,41
"January 22, 2024",What Are You Doing?,Thing,Phrase,TIDYING UP THE HOUSE,G H P O D,Ford Mustang convertible,Yes,NA,41
"January 23, 2024",Food & Drink,Phrase,Thing,FLUFFY FLAPJACKS,C M D O,"$40,000",No,NA,41
"January 24, 2024",What Are You Doing?,Phrase,Thing,SPEAKING FRANKLY,P D G A,Ford Mustang convertible,No,NA,41
"January 25, 2024",Phrase,Event,Thing,I WANT TO BUY A FEW THINGS,H D F A,"$40,000",Yes,NA,41
"January 26, 2024",Phrase,Place,Thing,I JUMPED AT THE CHANCE,C H M A,"$40,000",Yes,NA,41
"January 29, 2024",Phrase,Thing,Living Things,WE CAN BOUNCE BACK,D C G A,Infiniti QX50,No,NA,41
"January 30, 2024",Living Thing,Phrase,Thing,PINK ORCHID,C D P A,"$40,000",No,NA,41
"January 31, 2024",Event,Thing,Phrase,HOLIDAY BASH,G M P A,"$40,000",No,NA,41
"February 1, 2024",Phrase,Thing,People,IT'S BEYOND ME,M D C A,"$100,000",No,NA,41
"February 2, 2024",Phrase,Event,Thing,INQUIRE WITHIN,C D H O,Infiniti QX50,No,NA,41
"February 5, 2024",Phrase,Place,Thing,PAID IN FULL,F G P O,"$40,000",No,NA,41
"February 6, 2024",Phrase,Thing,Person,CATCH ME IF YOU CAN,D M C O,"$40,000",Yes,NA,41
"February 7, 2024",Food & Drink,Phrase,Thing,SAVORY PIES AND CAKES,D C F I,"$40,000",No,NA,41
"February 8, 2024",What Are You Wearing?,Phrase,Thing,BEIGE CARDIGAN,D C H A M,"$40,000",No,NA,41
"February 9, 2024",Phrase,Event,Thing,THIS IS FAR FROM OVER,H F C O,"$40,000",Yes,NA,41
"February 12, 2024",What Are You Doing?,Thing,Person,BUNDLING UP,D F P O,"$50,000",Yes,NA,41
"February 13, 2024",Event,Thing,Phrase,YEARLY BANQUET,C M P O Y,"$40,000",Yes,NA,41
"February 14, 2024",Phrase,Thing,People,TAKE A NEW APPROACH,H C D A,Volkswagen Atlas,Yes,NA,41
"February 15, 2024",Place,Phrase,Thing,OUTER LOBBY,W D M I,"$40,000",No,NA,41
"February 16, 2024",What Are You Doing?,Thing,Phrase,STAYING FOCUSED,P D Y A,"$40,000",No,NA,41
"February 19, 2024",Phrase,Thing,Person,JUST SAY THE WORD,B W H A,Infiniti QX50,No,NA,41
"February 20, 2024",Phrase,Person,Thing,THAT'S MY POINT,H M D A,Volkswagen Atlas,No,NA,41
"February 21, 2024",Phrase,Thing,What Are You Doing?,HATS OFF TO YOU,C M H A,"$40,000",No,NA,41
"February 22, 2024",Phrase,Thing,Person,WRAP IT UP,M C D A,Ford Mustang convertible,No,NA,41
"February 23, 2024",What Are You Doing?,Phrase,Thing,JOINING A BOOK CLUB,G D B A,"$50,000",No,NA,41
"February 26, 2024",Thing,Phrase,People,A FUN NEW HOBBY,C M F A,"$40,000",No,NA,41
"February 27, 2024",Place,Thing,What Are You Doing?,WIDE EMPTY FIELD,M H C I,"$40,000",No,NA,41
"February 28, 2024",Phrase,Person,Thing,DO YOURSELF A FAVOR,Y B M O,"$40,000",Yes,NA,41
"February 29, 2024",Event,Thing,Place,FABULOUS SHINDIG,C H M O,"$40,000",No,NA,41
"March 1, 2024",Phrase,Place,Thing,YOU HAVE OPTIONS,G H M A,"$40,000",No,NA,41
"March 4, 2024",Person,Thing,Phrase,SUPPORTIVE COLLEAGUE,D M B I,"$40,000",No,NA,41
"March 5, 2024",What Are You Doing?,Thing,Phrase,STAYING ABOVE THE FRAY,C H M I G,"$40,000",No,NA,41
"March 6, 2024",Phrase,Place,Thing,I AM LOVING LIFE RIGHT NOW,M G F I H,"$40,000",Yes,NA,41
"March 7, 2024",Phrase,Thing,What Are You Doing?,WORKS LIKE MAGIC,C F P O G,"$40,000",No,NA,41
"March 8, 2024",Phrase,Thing,Person,YOU SHOULD BE PROUD,C M G A B,"$40,000",No,NA,41
"March 11, 2024",Phrase,Things,People,IN MY COMFORT ZONE,C M D O,"$40,000",Yes,NA,41
"March 12, 2024",Phrase,Thing,Living Things,FLIP A COIN,P M C A F,"$40,000",Yes,NA,41
"March 13, 2024",Thing,Person,Phrase,PROFOUND WISDOM,G H M O,Ford Mustang convertible,No,NA,41
"March 14, 2024",Phrase,Place,Thing,WE ARE MOVING FORWARD,H D C O,Ford Mustang convertible,Yes,NA,41
"March 15, 2024",Phrase,Place,Thing,WANDER AROUND,G D P I,"$50,000",No,NA,41
"March 18, 2024",Phrase,Thing,Living Things,THEY HAVE GOOD QUALITIES,H M G A,"$100,000",No,NA,41
"March 19, 2024",Phrase,Thing,Place,I HAVE YOUR BACK,M G W A,"$40,000",No,NA,41
"March 20, 2024",Phrase,Thing,What Are You Doing?,WE ARE IN A HURRY,W M G A F,"$100,000",Yes,NA,41
"March 21, 2024",Phrase,Things,Place,ALL KIDDING ASIDE,G C M I,"$75,000",Yes,NA,41
"March 22, 2024",What Are You Doing?,Phrase,Thing,POINTING THE WAY,H G C O,"$50,000",No,NA,41
"March 25, 2024",Phrase,Person,Thing,IT WAS A FLUKE,I M G B,"$50,000",No,NA,41
"March 26, 2024",Place,Thing,Phrase,BEACH BUNGALOW,C M H A,"$50,000",No,NA,41
"March 27, 2024",Phrase,Person,Thing,WE HAD A LAUGH,G H P O B,"$100,000",Yes,NA,41
"March 28, 2024",Phrase,Thing,Place,THEY ARE GIDDY,H D C O,"$40,000",No,NA,41
"March 29, 2024",Food & Drink,Phrase,Thing,PIPING HOT BISCUITS,G H P O,"$40,000",No,NA,41
"April 1, 2024",Food & Drink,Phrase,Thing,DRIED PAPAYA,D C M A,"$40,000",Yes,NA,41
"April 2, 2024",Living Things,Thing,Phrase,A POD OF DOLPHINS,P M F I,"$40,000",No,NA,41
"April 3, 2024",Phrase,Thing,Place,ON SHAKY GROUND,D P G I,"$40,000",No,NA,41
"April 4, 2024",Person,Thing,Phrase,AVID FAN,C D G I,"$40,000",No,NA,41
"April 5, 2024",Phrase,Place,Thing,CHECK YOUR INBOX,B P D O C,"$40,000",Yes,NA,41
"April 8, 2024",Place,Thing,Person,BUMPY PATH,B W C O,Mazda CX-50,No,NA,41
"April 9, 2024",What Are You Doing?,Phrase,Thing,EVALUATING THE WORK,C D M A,"$50,000",No,NA,41
"April 10, 2024",Place,Person,Thing,GRAVEL WALKWALY,C P D O,"$100,000",No,NA,41
"April 11, 2024",Phrase,Things,Person,THAT IS WACKY,H W M A,Mazda CX-50,No,NA,41
"April 12, 2024",What Are You Doing?,Place,Thing,FIXING MY ROOF,G C H O,"$40,000",No,NA,41
"April 15, 2024",Living Thing,Thing,Phrase,QUACKING DUCK,H P G O,"$40,000",No,NA,41
"April 16, 2024",Event,Thing,What Are You Doing?,HOMECOMING,C M H A,Mazda CX-50,Yes,NA,41
"April 17, 2024",What Are You Doing?,Thing,Phrase,POSTING A VIDEO,C D H A G,"$100,000",No,NA,41
"April 18, 2024",What Are You Doing?,Thing,Phrase,WRAPPING SOME GIFTS,P G C A,"$40,000",No,NA,41
"April 19, 2024",Phrase,Place,Thing,JUMP AT THE OPPORTUNITY,B G H O,Chevrolet Equinox,Yes,NA,41
"April 22, 2024",Place,Event,Thing,PICNIC PAVILION,P C M O,"$50,000",Yes,NA,41
"April 23, 2024",Thing,Phrase,Person,WHIRLWIND YEAR,D M G O,"$40,000",No,NA,41
"April 24, 2024",Food & Drink,Thing,Place,TAPIOCA PUDDING,H P G O,"$40,000",Yes,NA,41
"April 25, 2024",Phrase,Person,Thing,KIND OF WEIRD,C D P A,"$40,000",No,NA,41
"April 26, 2024",Living Thing,Thing,People,HONEYSUCKLE,D H M I,"$100,000",No,NA,41
"April 29, 2024",Place,Event,Thing,PRIVATE HIDEAWAY,B P M A,"$40,000",Yes,NA,41
"April 30, 2024",What Are You Doing?,Thing,Person,WAXING THE CAR,M P G I,Ford Edge,No,NA,41
"May 1, 2024",What Are You Doing?,Phrase,Thing,EMBARKING ON A NEW CHAPTER,W M V O,"$40,000",Yes,NA,41
"May 2, 2024",Phrase,Thing,Place,OUT OF SIGHT,H M P A,"$40,000",No,NA,41
"May 3, 2024",Phrase,Place,Things,FOR WHAT IT'S WORTH,F K P I,Ford Edge,Yes,NA,41
"May 6, 2024",Things,Person,Place,PIANO KEYS,M P F A,"$40,000",Yes,NA,41
"May 7, 2024",Food & Drink,Place,Thing,DICED AVOCADO,F M D O,"$40,000",No,NA,41
"May 8, 2024",Thing,Place,Event,VINTAGE HANDBAG,C H M A K,"$40,000",No,NA,41
"May 9, 2024",Person,Thing,Living Things,MOUNTAIN BIKER,H P M I,"$40,000",No,NA,41
"May 10, 2024",What Are You Doing?,Thing,Phrase,DABBLING IN MUSIC,G M W O,"$40,000",No,NA,41
"May 13, 2024",Phrase,Person,Thing,PUSH AHEAD,C B H A,"$40,000",No,NA,41
"May 14, 2024",What Are You Doing?,Phrase,Thing,COMPARING PRICES,P C D I,Nissan Murano,Yes,NA,41
"May 15, 2024",What Are You Doing?,Thing,People,BUILDING A HOUSE,B D G A,"$40,000",Yes,NA,41
"May 16, 2024",Phrase,Thing,Living Things,YOU BE THE JUDGE,C P H A D,Ford Edge,No,NA,41
"May 17, 2024",Phrase,Thing,Food & Drink,GOOD ENOUGH,G D M O,BMW X2,Yes,NA,41
"May 20, 2024",What Are You Doing?,People,Thing,VALIDATING MY TICKET,C H P O M,Infiniti QX50,No,NA,41
"May 21, 2024",Phrase,Things,Living Things,THAT'S BAFFLING,H C B A,Infiniti QX50,Yes,NA,41
"May 22, 2024",What Are You Doing?,Thing,Phrase,QUIBBLING,C H P A,Infiniti QX50,No,NA,41
"May 23, 2024",Food & Drink,Event,Thing,CHEWY TAFFY,H M C A,Infiniti QX50,No,NA,41
"May 24, 2024",Phrase,What Are You Doing?,Thing,JOCKEY FOR POSITION,C D M O,Infiniti QX50,Yes,NA,41
"May 27, 2024",Event,Place,Thing,OPULENT WEDDING,C M P I,"$40,000",No,NA,41
"May 28, 2024",Place,Thing,Person,DIVIDED HIGHWAY,D M H A,"$40,000",No,NA,41
"May 29, 2024",Phrase,Things,Living Things,I'M JUST SHOWING OFF,B M D A,"$100,000",No,NA,41
"May 30, 2024",Phrase,Thing,Place,IT WAS OUT OF VIEW,G C F I,"$40,000",No,NA,41
"May 31, 2024",What Are You Doing?,Phrase,Thing,GOING PLACES,V D C O P,"$40,000",Yes,NA,41
"June 3, 2024",What Are You Doing?,Thing,Phrase,FINISHING THE JOB,G H M O,"$40,000",No,NA,41
"June 4, 2024",Place,Thing,People,BANK BRANCH,C M D I,"$40,000",No,NA,41
"June 5, 2024",Things,Place,Person,FACTS AND FIGURES,D B G O,"$40,000",No,NA,41
"June 6, 2024",What Are You Doing?,Thing,Place,JOTTING DOWN IDEAS,G B D O,"$75,000",Yes,NA,41
"June 7, 2024",Place,Thing,Living Things,BACK PORCH,C M P A,"$50,000",Yes,NA,41
"September 9, 2024",Thing,Person,What Are You Wearing?,DIGITAL FOOTPRINT,D H C A,"$50,000",No,NA,42
"September 10, 2024",What Are You Doing?,Person,Thing,TAKING FRIDAY OFF,M H C A,"$50,000",No,NA,42
"September 11, 2024",Food & Drink,Thing,Living Things,LOW-FAT YOGURT,F H J O C,"$60,000",Yes,NA,42
"September 12, 2024",What Are You Doing?,Phrase,What Are You Wearing?,BUBBLING WITH EXCITEMENT,C I H M,"$50,000",No,NA,42
"September 13, 2024",What Are You Doing?,Food & Drink,Thing,WAITING FOR A PACKAGE,H P D A,"$50,000",No,NA,42
"September 16, 2024",What Are You Doing?,Phrase,Things,OFFERING SOME HELP,C H M I P,"$1,000,000",No,NA,42
"September 17, 2024",Around the House,Thing,Living Thing,FLOWER BOXES,C K D A,"$40,000",No,NA,42
"September 18, 2024",Food & Drink,Thing,Event,POACHED SALMON,P D C O,"$40,000",Yes,NA,42
"September 19, 2024",What Are You Wearing?,Phrase,Thing,HIGH-END FASHION,H G D A,"$40,000",Yes,NA,42
"September 20, 2024",Living Things,Thing,Phrase,DOLPHINS,B M H A C,"$40,000",Yes,NA,42
"September 23, 2024",What Are You Wearing?,What Are You Doing?,Thing,RIDING BOOTS,B G M O,"$40,000",No,NA,42
"September 24, 2024",What Are You Doing?,Thing,Phrase,WAITING MY TURN,M G W A,"$40,000",Yes,NA,42
"September 25, 2024",Phrase,Thing,What Are You Wearing?,THAT'S THE WHOLE IDEA,H P M A,"$50,000",Yes,NA,42
"September 26, 2024",Phrase,Thing,Food & Drink,YOU GOT LUCKY,B G H O,"$100,000",No,NA,42
"September 27, 2024",People,Thing,Living Thing,HIGH ACHIEVERS,B H W O D,"$40,000",Yes,NA,42
"September 30, 2024",What Are You Wearing?,Person,Thing,LIGHTWEIGHT CARDIGAN,M H P I,"$50,000",No,NA,42
"October 1, 2024",Food & Drink,Thing,Phrase,CASHEW MILK,D B K A,"$40,000",No,NA,42
"October 2, 2024",Phrase,Thing,Person,IT JOGGED MY MEMORY,M G P I,"$75,000",No,NA,42
"October 3, 2024",Living Things,Food & Drink,Thing,FRAGRANT DAFFODILS,C D Y O H,"$40,000",No,NA,42
"October 4, 2024",Phrase,Thing,Living Things,OUT OF THE WAY,C D Y O,"$94,900",Yes,NA,42
"October 7, 2024",What Are You Doing?,Phrase,Thing,BARGAIN HUNTING,G B M O,"$40,000",Yes,NA,42
"October 8, 2024",Food & Drink,What Are You Wearing?,Thing,RHUBARB PIES,M D P I H,"$40,000",Yes,NA,42
"October 9, 2024",Living Things,Thing,Phrase,BEGONIAS,D M P I,"$100,000",No,NA,42
"October 10, 2024",Phrase,Thing,Food & Drink,IT WORKS WITHOUT FAIL,D P C A,"$40,000",No,NA,42
"October 11, 2024",What Are You Wearing?,Thing,People,CASUAL ACTIVEWEAR,P G D A,"$40,000",No,NA,42
"October 14, 2024",Phrase,Food & Drink,Thing,BASED ON PRINCIPLE,C H M O,Ford Escape,No,NA,42
"October 15, 2024",Phrase,Event,Thing,ALWAYS IN DEMAND,W Y P A,Ford Escape,No,NA,42
"October 16, 2024",Phrase,Thing,What Are You Doing?,THEY HAVE A BRIGHT FUTURE,C B M A,"$40,000",Yes,NA,42
"October 17, 2024",Phrase,Living Thing,Thing,BACK IN THE DAY,H D M I,"$40,000",No,NA,42
"October 18, 2024",Phrase,Thing,Food & Drink,AHEAD OF THE CURVE,H M C O B,"$40,000",No,NA,42
"October 21, 2024",Thing,Phrase,Food & Drink,UPBEAT MUSIC,D B M A,"$40,000",Yes,NA,42
"October 22, 2024",Phrase,Event,Thing,YOU WEAR IT WELL,B H C A,"$40,000",No,NA,42
"October 23, 2024",Phrase,Person,Thing,HUDDLE AROUND,D H C O,"$100,000",Yes,NA,42
"October 24, 2024",What Are You Doing?,Thing,Phrase,POSING FOR A PIC,C H P O,"$40,000",Yes,NA,42
"October 25, 2024",Phrase,Event,Thing,KEEP UP THE GOOD WORK,F D H O,"$50,000",No,NA,42
"October 28, 2024",Food & Drink,Thing,Phrase,HOT FUDGE TOPPING,C G P O,"$100,000",Yes,NA,42
"October 29, 2024",What Are You Doing?,Things,Person,APPLYING MYSELF,C D F A,"$75,000",No,NA,42
"October 30, 2024",Place,Phrase,Person,LOCAL BAKERY,B C H A,"$100,000",Yes,NA,42
"October 31, 2024",Phrase,What Are You Wearing?,Things,ALWAYS ON THE MOVE,M C D A,"$40,000",No,NA,42
"November 1, 2024",Place,Thing,Around the House,ROOMY CONDO,C D M A,"$40,000",Yes,NA,42
"November 4, 2024",Phrase,Thing,People,WE HAVE THAT IN COMMON,W C D O,"$75,000",No,NA,42
"November 5, 2024",Phrase,Place,Thing,QUICK QUESTION FOR YOU,C D M O,"$40,000",Yes,NA,42
"November 6, 2024",What Are You Doing?,Thing,Living Things,MAKING THE ROUNDS,D C G O,"$40,000",No,NA,42
"November 7, 2024",Places,Person,Thing,OFFICE BUILDINGS,C D P A,"$40,000",No,NA,42
"November 8, 2024",Food & Drink,Thing,Phrase,CANDIED FRUIT,D P H O,"$75,000",No,NA,42
"November 11, 2024",Event,Thing,Phrase,ONLINE AUCTION,P C H O,"$100,000",No,NA,42
"November 12, 2024",What Are You Doing?,Thing,Person,LOOKING FOR MY KEYS,Y K F O,"$50,000",Yes,NA,42
"November 13, 2024",Person,Thing,Living Thing,SAVVY CONSUMER,D M F I,Chevrolet Blazer,No,NA,42
"November 14, 2024",Phrase,Thing,Event,WE HIT IT OFF,M B D A W,"$40,000",No,NA,42
"November 15, 2024",In the Kitchen,Thing,Phrase,WOODEN SPOON,K M H A,"$40,000",No,NA,42
"November 18, 2024",Phrase,Thing,Event,CARVED BY HAND,C D M A F,"$40,000",No,NA,42
"November 19, 2024",What Are You Doing?,Person,Things,MAKING A QUICK DECISION,G B H O,"$40,000",No,NA,42
"November 20, 2024",What Are You Wearing?,Thing,Phrase,GLAMOROUS GOWN,G M W O,"$40,000",Yes,NA,42
"November 21, 2024",Event,Thing,Living Thing,LAVISH VACATION,C P M A,"$40,000",Yes,NA,42
"November 22, 2024",Living Thing,Phrase,Thing,CUDDLY PUPPY,D P B I,"$40,000",Yes,NA,42
"November 25, 2024",Person,Thing,Living Things,HEAD COACH,C H P A,"$40,000",Yes,NA,42
"November 26, 2024",Food & Drink,Thing,Place,FROZEN ORANGE JUICE,M C D O,"$40,000",No,NA,42
"November 27, 2024",What Are You Wearing?,Thing,Phrase,MY FANCY CLOTHES,M F G O,"$40,000",No,NA,42
"November 28, 2024",What Are You Doing?,Food & Drink,Thing,WHISPERING,C H M O,"$40,000",No,NA,42
"November 29, 2024",Thing,Phrase,What Are You Doing?,A BOOMING VOICE,D C M A,"$50,000",No,NA,42
"December 2, 2024",What Are You Doing?,Event,Thing,KEEPING BUSY,M F D A H,"$75,000",No,NA,42
"December 3, 2024",Place,Phrase,Thing,BURGER JOINT,B F M A,Ford Explorer,Yes,NA,42
"December 4, 2024",What Are You Wearing?,What Are You Doing?,Thing,WHITE GLOVES,D M H A,"$40,000",No,NA,42
"December 5, 2024",Phrase,People,Thing,THINK BIG,G A M Y,Ford Explorer,No,NA,42
"December 6, 2024",Phrase,Person,Thing,OUT OF BOUNDS,G M D O,Ford Explorer,Yes,NA,42
"December 9, 2024",Event,Thing,Phrase,BRIDAL SHOWER,M H D A,"$40,000",Yes,NA,42
"December 10, 2024",Person,Thing,Phrase,DOUBLE AGENT,P C H O,"$50,000",No,NA,42
"December 11, 2024",What Are You Doing?,Thing,People,UPDATING MY SOFTWARE,G C P O,"$40,000",No,NA,42
"December 12, 2024",What Are You Doing?,Thing,Phrase,BUYING A PHONE,C D P O,"$40,000",No,NA,42
"December 13, 2024",Food & Drink,Thing,People,POMEGRANATE,M C P I,"$40,000",Yes,NA,42
"December 16, 2024",Phrase,Person,Thing,I HEARD YOU,A C M B,"$40,000",No,NA,42
"December 17, 2024",What Are You Doing?,Thing,Place,DRIVING ON THE HIGHWAY,D M B I,"$40,000",No,NA,42
"December 18, 2024",People,Thing,Phrase,GREAT KIDS,G M I C,"$50,000",Yes,NA,42
"December 19, 2024",What Are You Doing?,Thing,Phrase,MAKING AN APPOINTMENT,D C M A,"$40,000",Yes,NA,42
"December 20, 2024",Event,Thing,Phrase,BOOK FAIR,B F H I P,"$40,000",Yes,NA,42
"December 23, 2024",What Are You Doing?,Event,Thing,MAKING THINGS HAPPEN,H G C I,"$40,000",Yes,NA,42
"December 24, 2024",Phrase,Thing,Living Things,ON MY WAY HOME,D G C I,"$100,000",No,NA,42
"December 25, 2024",What Are You Wearing?,Person,Thing,PLAID PAJAMAS,G D M O,"$40,000",No,NA,42
"December 26, 2024",Phrase,Thing,Place,WORTH THE HYPE,P H D A,Ford Escape,No,NA,42
"December 27, 2024",Person,Phrase,Thing,CHESS PRODIGY,H P D A,Mercedes-Benz GLA,No,NA,42
"December 30, 2024",Phrase,Living Things,Thing,I HAVE AN IDEA,M D Y I H,"$40,000",Yes,NA,42
"December 31, 2024",Phrase,Place,Thing,JUST FOR YOU,C M F A,Mercedes-Benz GLA,No,NA,42
"January 1, 2025",Phrase,Things,Place,BRACE YOURSELF,C H M A,"$40,000",Yes,NA,42
"January 2, 2025",Phrase,Thing,Person,ONWARD AND UPWARD,M D P O,"$40,000",Yes,NA,42
"January 3, 2025",Phrase,Thing,Living Things,SO MUCH IN COMMON,C G H O,Mercedes-Benz GLA,No,NA,42
"January 6, 2025",Person,Thing,Living Things,QUICK STUDY,U M D K,"$70,000",No,NA,42
"January 7, 2025",Thing,Place,People,FINAL OFFER,A C G H,"$70,000",No,NA,42
"January 8, 2025",What Are You Doing?,Phrase,Thing,GOOFING OFF,G M C A,"$70,000",No,NA,42
"January 9, 2025",Person,Phrase,Thing,HOUSEGUEST,C H M A,"$50,000",Yes,NA,42
"January 10, 2025",What Are You Doing?,Thing,Place,HAVING A FEW LAUGHS,D C H A,"$100,000",No,NA,42
"January 13, 2025",Phrase,Things,Living Thing,JUST BLURT IT OUT,C F M I,"$40,000",Yes,NA,42
"January 14, 2025",Place,People,Thing,COZY HIDEAWAY,C P G A,"$75,000",No,NA,42
"January 15, 2025",Phrase,Place,Thing,AS YOU WISH,B F M A,"$40,000",Yes,NA,42
"January 16, 2025",Phrase,Thing,What Are You Doing?,TOUGH BUT FAIR,H C F O,"$40,000",Yes,NA,42
"January 17, 2025",Phrase,Event,Thing,THEY GO WAY BACK,M C D O,"$50,000",Yes,NA,42
"January 20, 2025",What Are You Doing?,Place,Thing,WRITING A MEMO,C P M A,"$40,000",Yes,NA,42
"January 21, 2025",Living Things,Things,Person,GUPPIES,H G D O,"$40,000",Yes,NA,42
"January 22, 2025",Phrase,People,Thing,TAKE YOUR TIME,H M C O,Ford Bronco Sport,Yes,NA,42
"January 23, 2025",Phrase,Thing,Place,I HAVE A BACKUP PLAN,H C P A,"$40,000",Yes,NA,42
"January 24, 2025",Phrase,People,Thing,QUITE A SHOCK,C H M A,"$40,000",Yes,NA,42
"January 27, 2025",Phrase,People,Thing,OFF WE GO,C G H O,"$40,000",Yes,NA,42
"January 28, 2025",Thing,Phrase,Place,ZERO GRAVITY,H D C I,"$40,000",No,NA,42
"January 29, 2025",What Are You Doing?,Person,Thing,JOKING AROUND,I G C D,"$40,000",No,NA,42
"January 30, 2025",Place,Event,Things,BANK VAULT,H D V A,"$40,000",Yes,NA,42
"January 31, 2025",Phrase,Thing,Event,HIDDEN IN PLAIN VIEW,M C D A,"$40,000",Yes,NA,42
"February 3, 2025",Person,Things,Living Things,JAZZ GUITARIST,C H P I,"$40,000",No,NA,42
"February 4, 2025",What Are You Doing?,Thing,People,WORKING AROUND THE YARD,D G H O C,"$40,000",Yes,NA,42
"February 5, 2025",Place,Thing,What Are You Doing?,A FARAWAY LAND,F D G O,"$40,000",Yes,NA,42
"February 6, 2025",What Are You Doing?,Thing,Event,RIDING MY BIKE TO WORK,C D M A,"$40,000",No,NA,42
"February 7, 2025",Phrase,Event,Thing,LOOKING BACK WITH FONDNESS,D M P I C,"$100,000",No,NA,42
"February 10, 2025",Phrase,Thing,Place,I'M ALL THUMBS,B G H A,"$40,000",No,NA,42
"February 11, 2025",Food & Drink,Thing,What Are You Doing?,BAKED HAM,D M B O,"$40,000",No,NA,42
"February 12, 2025",What Are You Doing?,Thing,Phrase,GIVING SOMEONE A HUG,C H P A,"$40,000",No,NA,42
"February 13, 2025",Phrase,Thing,Place,PRIM AND PROPER,D M G A,"$40,000",No,NA,42
"February 14, 2025",Phrase,What Are You Wearing?,Thing,I DID MY HOMEWORK,C M D A,"$40,000",No,NA,42
"February 17, 2025",Living Things,Thing,Person,CUTE GUINEA PIGS,G H P O M,"$50,000",No,NA,42
"February 18, 2025",Phrase,Thing,Living Thing,TAKE MY ADVICE,C D M A G,"$40,000",Yes,NA,42
"February 19, 2025",Place,Thing,Phrase,JOGGING PATH,H G D O,"$40,000",Yes,NA,42
"February 20, 2025",What Are You Doing?,Thing,Place,BRIDGING THE GAP,M D G O,"$40,000",Yes,NA,42
"February 21, 2025",What Are You Doing?,Event,Thing,ACTING ON IMPULSE,D C P O,"$40,000",Yes,NA,42
"February 24, 2025",What Are You Doing?,Event,Thing,BUYING IN BULK,H G P O,"$40,000",No,NA,42
"February 25, 2025",Person,Living Things,Things,TRIVIA BUFF,M P D I,"$75,000",No,NA,42
"February 26, 2025",People,Thing,Living Thing,FUSSY BABIES,M B H O,"$40,000",Yes,NA,42
"February 27, 2025",What Are You Doing?,Thing,Around the House,BEGINNING AGAIN,B G M A,"$100,000",Yes,NA,42
"February 28, 2025",Thing,Place,Phrase,FRIGID WEATHER,B H W A,"$40,000",No,NA,42
"March 3, 2025",What Are You Wearing?,Thing,Around the House,ZIP-UP HOODIE,D P M O,Mini Cooper convertible,Yes,NA,42
"March 4, 2025",Phrase,Thing,Person,GONE HAYWIRE,G H D A,Mini Cooper convertible,No,NA,42
"March 5, 2025",What Are You Doing?,Food & Drink,Thing,KICKING BACK AND RELAXING,B K C I,Mini Cooper convertible,Yes,NA,42
"March 6, 2025",Living Thing,Thing,Person,WILD BOAR,F H M O,"$40,000",No,NA,42
"March 7, 2025",What Are You Doing?,Thing,Phrase,POPPING THE CORK,C D M A,"$100,000",No,NA,42
"March 10, 2025",Food & Drink,Thing,Event,PUMPKIN RAVIOLI,C D M A F,"$40,000",No,NA,42
"March 11, 2025",Phrase,Place,Thing,A HAPPY MEDIUM,M C D A,"$40,000",Yes,NA,42
"March 12, 2025",What Are You Doing?,Things,Show Biz,CHANGING OUTFITS,P G H O,"$40,000",Yes,NA,42
"March 13, 2025",What Are You Doing?,Phrase,Things,HUGGING IT OUT,C M D O,"$40,000",No,NA,42
"March 14, 2025",Around the House,Thing,Person,FUSE BOX,C M P A,"$40,000",No,NA,42
"March 17, 2025",Phrase,Things,People,I WOULD BE DELIGHTED,G F H O,Ford Bronco,No,NA,42
"March 18, 2025",Place,Thing,What Are You Doing?,GAZEBO,B G H O D,"$40,000",Yes,NA,42
"March 19, 2025",Place,Thing,Living Things,ORANGE GROVE,P C M A,"$40,000",No,NA,42
"March 20, 2025",Thing,What Are You Doing?,Living Thing,A BRIEF OVERVIEW,P M D I,"$40,000",No,NA,42
"March 21, 2025",Show Biz,What Are You Doing?,People,FILM FOOTAGE,C M D A,"$40,000",No,NA,42
"March 24, 2025",What Are You Wearing?,Around the House,Thing,PAIR OF WHITE GLOVES,B C D A,Ford Bronco,No,NA,42
"March 25, 2025",Phrase,Person,Thing,WAIT FOR IT,C F P I M,"$40,000",Yes,NA,42
"March 26, 2025",Phrase,Thing,Event,DOWN TO THE WIRE,H C M O,"$40,000",Yes,NA,42
"March 27, 2025",Event,What Are You Wearing?,Thing,THE BIG FINALE,C H D A B,"$100,000",Yes,NA,42
"March 28, 2025",Phrase,Person,Thing,ON OUR WAY,C M G O,"$40,000",No,NA,42
"March 31, 2025",Phrase,Person,Thing,WHOOP IT UP,C D M I P,"$40,000",No,NA,42
"April 1, 2025",Person,Thing,Phrase,PREVIOUS OCCUPANT,P C M A,"$40,000",Yes,NA,42
"April 2, 2025",Place,People,Thing,BANQUET ROOM,M H B O F,"$75,000",No,NA,42
"April 3, 2025",Phrase,What Are You Doing?,Thing,FAR BEHIND,B D G O,Toyota Crown Signia,No,NA,42
"April 4, 2025",People,Thing,Fun & Games,A NICE GROUP OF KIDS,P C M O,"$40,000",No,NA,42
"April 7, 2025",Event,Thing,People,MAJOR VICTORY,P C M A,"$40,000",No,NA,42
"April 8, 2025",What Are You Doing?,Thing,Person,HITTING PAUSE,G H O F,"$75,000",No,NA,42
"April 9, 2025",Event,Phrase,Thing,BANK HOLIDAY,C M D O,"$40,000",No,NA,42
"April 10, 2025",What Are You Doing?,Thing,Person,PRACTICING GUITAR CHORDS,W D G I,"$40,000",No,NA,42
"April 11, 2025",What Are You Doing?,Thing,Place,MOVING FORWARD,G F D O,"$40,000",Yes,NA,42
"April 14, 2025",Thing,Person,Food & Drink,QUILTED FABRIC,C H A M,"$40,000",No,NA,42
"April 15, 2025",What Are You Doing?,Phrase,Thing,BEING QUITE WITTY,G D H I,Ford Bronco,Yes,NA,42
"April 16, 2025",What Are You Doing?,Phrase,Thing,MEMORIZING A POEM,D M C A,"$50,000",Yes,NA,42
"April 17, 2025",Food & Drink,Thing,Phrase,JUICY PEACH,C P M A,Ford Bronco,Yes,NA,42
"April 18, 2025",What Are You Doing?,Living Things,Thing,ACTIVATING MY PHONE,M P C A,Ford Bronco,Yes,NA,42
"April 21, 2025",What Are You Doing?,Phrase,Thing,PICKING PRODUCE,P G F O C,"$40,000",Yes,NA,42
"April 22, 2025",What Are You Doing?,Thing,Phrase,OFFERING GOOD ADVICE,C D M I,"$40,000",No,NA,42
"April 23, 2025",What Are You Doing?,People,Thing,WORKING ON A FARM,C M P A,"$40,000",Yes,NA,42
"April 24, 2025",Phrase,Thing,Food & Drink,I HAVE THE HICCUPS,C H D O M,"$40,000",Yes,NA,42
"April 25, 2025",What Are You Doing?,Thing,Phrase,FLOUNDERING ABOUT,P M F O H,"$40,000",Yes,NA,42
"April 28, 2025",Phrase,Thing,Person,KIND OF VAGUE,M P C A,"$40,000",No,NA,42
"April 29, 2025",Phrase,Thing,What Are You Doing?,I WAS AMAZED,W D C O,Lincoln Corsair,No,NA,42
"April 30, 2025",Living Things,Thing,What Are You Doing?,AQUATIC BIRDS,G M C O,"$40,000",No,NA,42
"May 1, 2025",What Are You Doing?,Thing,Phrase,ACTING QUIRKY,G M C I,"$40,000",No,NA,42
"May 2, 2025",What Are You Doing?,Thing,Phrase,RUMMAGING IN THE BACKYARD,G C H I,"$100,000",No,NA,42
"May 5, 2025",Phrase,Thing,What Are You Doing?,IN A FIX,J F I C,"$40,000",No,NA,42
"May 6, 2025",Phrase,Person,Thing,ON THE JUKEBOX,C D P O,"$50,000",No,NA,42
"May 7, 2025",What Are You Doing?,Thing,Phrase,BUZZING AROUND,C K P I,"$50,000",No,NA,42
"May 8, 2025",Person,What Are You Doing?,Thing,ACCOMPLISHED AVIATOR,D M P O,"$50,000",No,NA,42
"May 9, 2025",Event,Place,Thing,OUR YEARLY BASH,C M D A,"$40,000",No,NA,42
"May 12, 2025",What Are You Doing?,Phrase,Thing,TAKING A WHIFF,K G D A,"$40,000",No,NA,42
"May 13, 2025",Phrase,Person,Thing,OUT OF WHACK,C G M O,"$40,000",No,NA,42
"May 14, 2025",Place,Thing,Phrase,JAM-PACKED CAFE,C D H A,"$40,000",No,NA,42
"May 15, 2025",What Are You Doing?,Thing,Around the House,BAKING A QUICHE,C D M A,"$40,000",No,NA,42
"May 16, 2025",Thing,Phrase,What Are You Doing?,A PATCH OF THICK FOG,H C D A,Mercedes-Benz CLA,No,NA,42
"May 19, 2025",Person,Thing,Phrase,FAMOUS SOPRANO,G C M I,"$40,000",No,NA,42
"May 20, 2025",Living Thing,Phrase,Thing,BABY HEDGEHOG,M C P I,"$75,000",No,NA,42
"May 21, 2025",What Are You Doing?,Phrase,Thing,FAXING IT OVER NOW,G C M O,"$40,000",No,NA,42
"May 22, 2025",Place,Thing,Living Thing,NEIGHBORHOOD PHARMACY,D M C O,"$40,000",No,NA,42
"May 23, 2025",Phrase,Place,Thing,YOUR JOURNEY AWAITS,C M P O,"$40,000",Yes,NA,42
"May 26, 2025",Phrase,Thing,What Are You Doing?,FAIR ENOUGH,P D M A,"$40,000",Yes,NA,42
"May 27, 2025",What Are You Doing?,Event,Thing,WORKING FROM HOME,F D C A,Toyota Crown Signia,No,NA,42
"May 28, 2025",What Are You Doing?,Thing,Phrase,DOZING OFF,C H B O,"$40,000",No,NA,42
"May 29, 2025",What Are You Doing?,Living Thing,Phrase,COZYING UP AT HOME,G M C A,Lincoln Corsair,No,NA,42
"May 30, 2025",Living Thing,Thing,What Are You Doing?,QUICK GREYHOUND,G P H O,"$40,000",No,NA,42
"June 2, 2025",Event,Phrase,Thing,FLIPPING A HOUSE,C D H A M,BMW X3,No,NA,42
"June 3, 2025",What Are You Doing?,Thing,Living Thing,CAUSING AN UPROAR,G H C I,"$40,000",No,NA,42
"June 4, 2025",Phrase,What Are You Doing?,Thing,ALIVE AND KICKING,D B M A,"$40,000",Yes,NA,42
"June 5, 2025",Phrase,Event,Thing,PICK A CARD ANY CARD,C D P A,"$40,000",Yes,NA,42
"June 6, 2025",Phrase,Thing,Show Biz,I WON THE JACKPOT,D H M A,"$40,000",Yes,NA,42
